stem,variant,system,dataset,sample_i,cta_active_pct
a_flashanns_sift1b_ef40_pw2,,FlashANNS,sift1b,0,37.888000
a_flashanns_sift1b_ef40_pw2,,FlashANNS,sift1b,1,38.355200
a_flashanns_sift1b_ef40_pw2,,FlashANNS,sift1b,2,37.638400
a_flashanns_sift1b_ef40_pw2,,FlashANNS,sift1b,3,49.312000
a_flashanns_sift1b_ef40_pw2,,FlashANNS,sift1b,4,39.116800
a_flashanns_sift1b_ef40_pw2,,FlashANNS,sift1b,5,47.366400
a_flashanns_sift1b_ef40_pw2,,FlashANNS,sift1b,6,50.745600
a_flashanns_sift1b_ef40_pw2,,FlashANNS,sift1b,7,41.120000
a_flashanns_sift1b_ef40_pw2,,FlashANNS,sift1b,8,55.705600
a_flashanns_sift1b_ef40_pw2,,FlashANNS,sift1b,9,53.408000
a_flashanns_sift1b_ef40_pw2,,FlashANNS,sift1b,10,52.179200
a_flashanns_sift1b_ef40_pw2,,FlashANNS,sift1b,11,46.444800
a_flashanns_sift1b_ef40_pw2,,FlashANNS,sift1b,12,40.140800
a_flashanns_sift1b_ef40_pw2,,FlashANNS,sift1b,13,51.360000
a_flashanns_sift1b_ef40_pw2,,FlashANNS,sift1b,14,46.489600
a_flashanns_sift1b_ef40_pw2,,FlashANNS,sift1b,15,55.398400
a_flashanns_sift1b_ef40_pw2,,FlashANNS,sift1b,16,46.080000
a_flashanns_sift1b_ef40_pw2,,FlashANNS,sift1b,17,38.150400
a_flashanns_sift1b_ef40_pw2,,FlashANNS,sift1b,18,48.230400
a_flashanns_sift1b_ef40_pw2,,FlashANNS,sift1b,19,75.628800
a_quiver_sift1b_q2_ef40_pw2,,Quiver,sift1b,0,78.028800
a_quiver_sift1b_q2_ef40_pw2,,Quiver,sift1b,1,100.000000
a_quiver_sift1b_q2_ef40_pw2,,Quiver,sift1b,2,88.428800
a_quiver_sift1b_q2_ef40_pw2,,Quiver,sift1b,3,100.000000
a_quiver_sift1b_q2_ef40_pw2,,Quiver,sift1b,4,93.139200
a_quiver_sift1b_q2_ef40_pw2,,Quiver,sift1b,5,90.476800
a_quiver_sift1b_q2_ef40_pw2,,Quiver,sift1b,6,82.592000
a_quiver_sift1b_q2_ef40_pw2,,Quiver,sift1b,7,98.201600
a_quiver_sift1b_q2_ef40_pw2,,Quiver,sift1b,8,88.121600
a_quiver_sift1b_q2_ef40_pw2,,Quiver,sift1b,9,85.561600
a_quiver_sift1b_q2_ef40_pw2,,Quiver,sift1b,10,100.000000
a_quiver_sift1b_q2_ef40_pw2,,Quiver,sift1b,11,100.000000
a_quiver_sift1b_q2_ef40_pw2,,Quiver,sift1b,12,89.452800
a_quiver_sift1b_q2_ef40_pw2,,Quiver,sift1b,13,100.000000
a_quiver_sift1b_q2_ef40_pw2,,Quiver,sift1b,14,91.500800
a_quiver_sift1b_q2_ef40_pw2,,Quiver,sift1b,15,100.000000
a_quiver_sift1b_q2_ef40_pw2,,Quiver,sift1b,16,90.579200
a_quiver_sift1b_q2_ef40_pw2,,Quiver,sift1b,17,86.278400
a_quiver_sift1b_q2_ef40_pw2,,Quiver,sift1b,18,92.115200
a_quiver_sift1b_q2_ef40_pw2,,Quiver,sift1b,19,84.537600
a_quiver_sift1b_q2_ef40_pw2,,Quiver,sift1b,20,81.363200
a_quiver_sift1b_q2_ef40_pw2,,Quiver,sift1b,21,100.000000
a_quiver_sift1b_q2_ef40_pw2,,Quiver,sift1b,22,91.091200
a_quiver_sift1b_q2_ef40_pw2,,Quiver,sift1b,23,90.067200
a_quiver_sift1b_q2_ef40_pw2,,Quiver,sift1b,24,100.000000
a_quiver_sift1b_q2_ef40_pw2,,Quiver,sift1b,25,89.555200
a_quiver_sift1b_q2_ef40_pw2,,Quiver,sift1b,26,100.000000
a_quiver_sift1b_q2_ef40_pw2,,Quiver,sift1b,27,88.531200
a_quiver_sift1b_q2_ef40_pw2,,Quiver,sift1b,28,88.940800
a_quiver_sift1b_q2_ef40_pw2,,Quiver,sift1b,29,100.000000
a_quiver_sift1b_q2_ef40_pw2,,Quiver,sift1b,30,76.652800
a_quiver_sift1b_q2_ef40_pw2,,Quiver,sift1b,31,91.910400
a_quiver_sift1b_q2_ef40_pw2,,Quiver,sift1b,32,91.910400
a_quiver_sift1b_q2_ef40_pw2,,Quiver,sift1b,33,90.579200
a_quiver_sift1b_q2_ef40_pw2,,Quiver,sift1b,34,100.000000
a_quiver_sift1b_q2_ef40_pw2,,Quiver,sift1b,35,88.838400
a_quiver_sift1b_q2_ef40_pw2,,Quiver,sift1b,36,83.353600
a_quiver_sift1b_q2_ef40_pw2,,Quiver,sift1b,37,90.067200
a_quiver_sift1b_q2_ef40_pw2,,Quiver,sift1b,38,91.398400
a_quiver_sift1b_q2_ef40_pw2,,Quiver,sift1b,39,91.603200
a_quiver_sift1b_q2_ef40_pw2,,Quiver,sift1b,40,100.000000
a_quiver_sift1b_q2_ef40_pw2,,Quiver,sift1b,41,100.000000
a_quiver_sift1b_q2_ef40_pw2,,Quiver,sift1b,42,100.000000
a_quiver_sift1b_q2_ef40_pw2,,Quiver,sift1b,43,88.224000
a_quiver_sift1b_q2_ef40_pw2,,Quiver,sift1b,44,78.803200
a_quiver_sift1b_q2_ef40_pw2,,Quiver,sift1b,45,88.531200
a_quiver_sift1b_q2_ef40_pw2,,Quiver,sift1b,46,100.000000
a_quiver_sift1b_q2_ef40_pw2,,Quiver,sift1b,47,86.790400
a_quiver_sift1b_q2_ef40_pw2,,Quiver,sift1b,48,80.032000
a_quiver_sift1b_q2_ef40_pw2,,Quiver,sift1b,49,92.934400
a_quiver_sift1b_q2_ef40_pw2,,Quiver,sift1b,50,100.000000
a_quiver_sift1b_q2_ef40_pw2,,Quiver,sift1b,51,91.091200
a_quiver_sift1b_q2_ef40_pw2,,Quiver,sift1b,52,92.422400
a_quiver_sift1b_q2_ef40_pw2,,Quiver,sift1b,53,89.497600
a_quiver_sift1b_q2_ef40_pw2,,Quiver,sift1b,54,84.025600
a_quiver_sift1b_q2_ef40_pw2,,Quiver,sift1b,55,90.886400
a_quiver_sift1b_q2_ef40_pw2,,Quiver,sift1b,56,89.964800
a_quiver_sift1b_q2_ef40_pw2,,Quiver,sift1b,57,100.000000
a_quiver_sift1b_q2_ef40_pw2,,Quiver,sift1b,58,87.200000
a_quiver_sift1b_q2_ef40_pw2,,Quiver,sift1b,59,100.000000
a_quiver_sift1b_q2_ef40_pw2,,Quiver,sift1b,60,100.000000
a_quiver_sift1b_q2_ef40_pw2,,Quiver,sift1b,61,100.000000
a_quiver_sift1b_q2_ef40_pw2,,Quiver,sift1b,62,88.838400
a_quiver_sift1b_q2_ef40_pw2,,Quiver,sift1b,63,89.350400
a_quiver_sift1b_q2_ef40_pw2,,Quiver,sift1b,64,90.272000
a_quiver_sift1b_q2_ef40_pw2,,Quiver,sift1b,65,100.000000
a_quiver_sift1b_q2_ef40_pw2,,Quiver,sift1b,66,100.000000
a_quiver_sift1b_q2_ef40_pw2,,Quiver,sift1b,67,100.000000
a_quiver_sift1b_q2_ef40_pw2,,Quiver,sift1b,68,85.971200
a_quiver_sift1b_q2_ef40_pw2,,Quiver,sift1b,69,91.193600
a_quiver_sift1b_q2_ef40_pw2,,Quiver,sift1b,70,81.772800
a_quiver_sift1b_q2_ef40_pw2,,Quiver,sift1b,71,100.000000
a_quiver_sift1b_q2_ef40_pw2,,Quiver,sift1b,72,100.000000
a_quiver_sift1b_q2_ef40_pw2,,Quiver,sift1b,73,100.000000
a_quiver_sift1b_q2_ef40_pw2,,Quiver,sift1b,74,74.604800
a_quiver_sift1b_q2_ef40_pw2,,Quiver,sift1b,75,91.091200
a_quiver_sift1b_q2_ef40_pw2,,Quiver,sift1b,76,86.892800
a_quiver_sift1b_q2_ef40_pw2,,Quiver,sift1b,77,99.635200
a_quiver_sift1b_q2_ef40_pw2,,Quiver,sift1b,78,100.000000
a_quiver_sift1b_q2_ef40_pw2,,Quiver,sift1b,79,87.097600
a_quiver_sift1b_q2_ef40_pw2,,Quiver,sift1b,80,90.374400
a_quiver_sift1b_q2_ef40_pw2,,Quiver,sift1b,81,100.000000
a_quiver_sift1b_q2_ef40_pw2,,Quiver,sift1b,82,86.380800
a_quiver_sift1b_q2_ef40_pw2,,Quiver,sift1b,83,91.705600
a_quiver_sift1b_q2_ef40_pw2,,Quiver,sift1b,84,89.555200
a_quiver_sift1b_q2_ef40_pw2,,Quiver,sift1b,85,100.000000
a_quiver_sift1b_q2_ef40_pw2,,Quiver,sift1b,86,80.953600
a_quiver_sift1b_q2_ef40_pw2,,Quiver,sift1b,87,87.200000
a_quiver_sift1b_q2_ef40_pw2,,Quiver,sift1b,88,100.000000
a_quiver_sift1b_q2_ef40_pw2,,Quiver,sift1b,89,90.988800
a_quiver_sift1b_q2_ef40_pw2,,Quiver,sift1b,90,83.513600
a_quiver_sift1b_q2_ef40_pw2,,Quiver,sift1b,91,100.000000
a_quiver_sift1b_q2_ef40_pw2,,Quiver,sift1b,92,86.790400
a_quiver_sift1b_q2_ef40_pw2,,Quiver,sift1b,93,83.923200
a_quiver_sift1b_q2_ef40_pw2,,Quiver,sift1b,94,88.428800
a_quiver_sift1b_q2_ef40_pw2,,Quiver,sift1b,95,83.456000
a_quiver_sift1b_q2_ef40_pw2,,Quiver,sift1b,96,100.000000
a_quiver_sift1b_q2_ef40_pw2,,Quiver,sift1b,97,90.681600
a_quiver_sift1b_q2_ef40_pw2,,Quiver,sift1b,98,86.688000
a_quiver_sift1b_q2_ef40_pw2,,Quiver,sift1b,99,90.886400
a_quiver_sift1b_q2_ef40_pw2,,Quiver,sift1b,100,89.657600
a_quiver_sift1b_q2_ef40_pw2,,Quiver,sift1b,101,91.910400
a_quiver_sift1b_q2_ef40_pw2,,Quiver,sift1b,102,83.308800
a_quiver_sift1b_q2_ef40_pw2,,Quiver,sift1b,103,90.476800
a_quiver_sift1b_q2_ef40_pw2,,Quiver,sift1b,104,95.744000
a_quiver_sift1b_q2_ef40_pw2,,Quiver,sift1b,105,100.000000
a_quiver_sift1b_q2_ef40_pw2,,Quiver,sift1b,106,100.000000
a_quiver_sift1b_q2_ef40_pw2,,Quiver,sift1b,107,100.000000
a_quiver_sift1b_q2_ef40_pw2,,Quiver,sift1b,108,100.000000
a_quiver_sift1b_q2_ef40_pw2,,Quiver,sift1b,109,86.380800
a_quiver_sift1b_q2_ef40_pw2,,Quiver,sift1b,110,91.648000
a_quiver_sift1b_q2_ef40_pw2,,Quiver,sift1b,111,83.411200
a_quiver_sift1b_q2_ef40_pw2,,Quiver,sift1b,112,87.040000
a_quiver_sift1b_q2_ef40_pw2,,Quiver,sift1b,113,100.000000
a_quiver_sift1b_q2_ef40_pw2,,Quiver,sift1b,114,100.000000
a_quiver_sift1b_q2_ef40_pw2,,Quiver,sift1b,115,92.320000
a_quiver_sift1b_q2_ef40_pw2,,Quiver,sift1b,116,83.513600
a_quiver_sift1b_q2_ef40_pw2,,Quiver,sift1b,117,100.000000
a_quiver_sift1b_q2_ef40_pw2,,Quiver,sift1b,118,82.899200
a_quiver_sift1b_q2_ef40_pw2,,Quiver,sift1b,119,89.452800
a_quiver_sift1b_q2_ef40_pw2,,Quiver,sift1b,120,91.296000
a_quiver_sift1b_q2_ef40_pw2,,Quiver,sift1b,121,87.200000
a_quiver_sift1b_q2_ef40_pw2,,Quiver,sift1b,122,85.459200
a_quiver_sift1b_q2_ef40_pw2,,Quiver,sift1b,123,88.224000
a_quiver_sift1b_q2_ef40_pw2,,Quiver,sift1b,124,88.019200
a_quiver_sift1b_q2_ef40_pw2,,Quiver,sift1b,125,100.000000
a_quiver_sift1b_q2_ef40_pw2,,Quiver,sift1b,126,86.483200
a_quiver_sift1b_q2_ef40_pw2,,Quiver,sift1b,127,100.000000
a_quiver_sift1b_q2_ef40_pw2,,Quiver,sift1b,128,91.808000
a_quiver_sift1b_q2_ef40_pw2,,Quiver,sift1b,129,80.748800
a_quiver_sift1b_q2_ef40_pw2,,Quiver,sift1b,130,100.000000
a_quiver_sift1b_q2_ef40_pw2,,Quiver,sift1b,131,83.001600
a_quiver_sift1b_q2_ef40_pw2,,Quiver,sift1b,132,78.086400
a_quiver_sift1b_q2_ef40_pw2,,Quiver,sift1b,133,100.000000
a_quiver_sift1b_q2_ef40_pw2,,Quiver,sift1b,134,100.000000
a_quiver_sift1b_q2_ef40_pw2,,Quiver,sift1b,135,84.025600
a_quiver_sift1b_q2_ef40_pw2,,Quiver,sift1b,136,100.000000
a_quiver_sift1b_q2_ef40_pw2,,Quiver,sift1b,137,90.988800
a_quiver_sift1b_q2_ef40_pw2,,Quiver,sift1b,138,100.000000
a_quiver_sift1b_q2_ef40_pw2,,Quiver,sift1b,139,87.814400
a_quiver_sift1b_q2_ef40_pw2,,Quiver,sift1b,140,87.712000
a_quiver_sift1b_q2_ef40_pw2,,Quiver,sift1b,141,94.617600
a_quiver_sift1b_q2_ef40_pw2,,Quiver,sift1b,142,100.000000
a_quiver_sift1b_q2_ef40_pw2,,Quiver,sift1b,143,89.043200
a_quiver_sift1b_q2_ef40_pw2,,Quiver,sift1b,144,88.838400
a_quiver_sift1b_q2_ef40_pw2,,Quiver,sift1b,145,88.633600
a_quiver_sift1b_q2_ef40_pw2,,Quiver,sift1b,146,86.278400
a_quiver_sift1b_q2_ef40_pw2,,Quiver,sift1b,147,88.736000
a_quiver_sift1b_q2_ef40_pw2,,Quiver,sift1b,148,89.657600
a_quiver_sift1b_q2_ef40_pw2,,Quiver,sift1b,149,88.633600
a_quiver_sift1b_q2_ef40_pw2,,Quiver,sift1b,150,100.000000
a_quiver_sift1b_q2_ef40_pw2,,Quiver,sift1b,151,87.712000
a_quiver_sift1b_q2_ef40_pw2,,Quiver,sift1b,152,91.603200
a_quiver_sift1b_q2_ef40_pw2,,Quiver,sift1b,153,84.640000
a_quiver_sift1b_q2_ef40_pw2,,Quiver,sift1b,154,100.000000
a_quiver_sift1b_q2_ef40_pw2,,Quiver,sift1b,155,89.145600
a_quiver_sift1b_q2_ef40_pw2,,Quiver,sift1b,156,82.387200
a_quiver_sift1b_q2_ef40_pw2,,Quiver,sift1b,157,91.852800
a_quiver_sift1b_q2_ef40_pw2,,Quiver,sift1b,158,89.657600
a_quiver_sift1b_q2_ef40_pw2,,Quiver,sift1b,159,90.988800
a_quiver_sift1b_q2_ef40_pw2,,Quiver,sift1b,160,89.760000
a_quiver_sift1b_q2_ef40_pw2,,Quiver,sift1b,161,81.056000
a_quiver_sift1b_q2_ef40_pw2,,Quiver,sift1b,162,90.169600
a_quiver_sift1b_q2_ef40_pw2,,Quiver,sift1b,163,77.881600
a_quiver_sift1b_q2_ef40_pw2,,Quiver,sift1b,164,88.019200
a_quiver_sift1b_q2_ef40_pw2,,Quiver,sift1b,165,86.995200
a_quiver_sift1b_q2_ef40_pw2,,Quiver,sift1b,166,100.000000
a_quiver_sift1b_q2_ef40_pw2,,Quiver,sift1b,167,86.790400
a_quiver_sift1b_q2_ef40_pw2,,Quiver,sift1b,168,100.000000
a_quiver_sift1b_q2_ef40_pw2,,Quiver,sift1b,169,91.808000
a_quiver_sift1b_q2_ef40_pw2,,Quiver,sift1b,170,81.670400
a_quiver_sift1b_q2_ef40_pw2,,Quiver,sift1b,171,89.555200
a_quiver_sift1b_q2_ef40_pw2,,Quiver,sift1b,172,86.380800
a_quiver_sift1b_q2_ef40_pw2,,Quiver,sift1b,173,100.000000
a_quiver_sift1b_q2_ef40_pw2,,Quiver,sift1b,174,100.000000
a_quiver_sift1b_q2_ef40_pw2,,Quiver,sift1b,175,100.000000
a_quiver_sift1b_q2_ef40_pw2,,Quiver,sift1b,176,100.000000
a_quiver_sift1b_q2_ef40_pw2,,Quiver,sift1b,177,100.000000
a_quiver_sift1b_q2_ef40_pw2,,Quiver,sift1b,178,100.000000
a_quiver_sift1b_q2_ef40_pw2,,Quiver,sift1b,179,100.000000
a_quiver_sift1b_q2_ef40_pw2,,Quiver,sift1b,180,89.248000
a_quiver_sift1b_q2_ef40_pw2,,Quiver,sift1b,181,90.067200
a_quiver_sift1b_q2_ef40_pw2,,Quiver,sift1b,182,86.073600
a_quiver_sift1b_q2_ef40_pw2,,Quiver,sift1b,183,100.000000
a_quiver_sift1b_q2_ef40_pw2,,Quiver,sift1b,184,77.267200
a_quiver_sift1b_q2_ef40_pw2,,Quiver,sift1b,185,84.742400
a_quiver_sift1b_q2_ef40_pw2,,Quiver,sift1b,186,100.000000
a_quiver_sift1b_q2_ef40_pw2,,Quiver,sift1b,187,100.000000
a_quiver_sift1b_q2_ef40_pw2,,Quiver,sift1b,188,92.876800
a_quiver_sift1b_q2_ef40_pw2,,Quiver,sift1b,189,100.000000
a_quiver_sift1b_q2_ef40_pw2,,Quiver,sift1b,190,86.688000
a_quiver_sift1b_q2_ef40_pw2,,Quiver,sift1b,191,100.000000
a_quiver_sift1b_q2_ef40_pw2,,Quiver,sift1b,192,85.459200
a_quiver_sift1b_q2_ef40_pw2,,Quiver,sift1b,193,100.000000
a_quiver_sift1b_q2_ef40_pw2,,Quiver,sift1b,194,77.107200
a_quiver_sift1b_q2_ef40_pw2,,Quiver,sift1b,195,79.520000
a_quiver_sift1b_q2_ef40_pw2,,Quiver,sift1b,196,100.000000
a_quiver_sift1b_q2_ef40_pw2,,Quiver,sift1b,197,100.000000
a_quiver_sift1b_q2_ef40_pw2,,Quiver,sift1b,198,82.489600
a_quiver_sift1b_q2_ef40_pw2,,Quiver,sift1b,199,74.649600
a_flashanns_sift1b_ef45_pw2,,FlashANNS,sift1b,0,52.486400
a_flashanns_sift1b_ef45_pw2,,FlashANNS,sift1b,1,43.475200
a_flashanns_sift1b_ef45_pw2,,FlashANNS,sift1b,2,45.420800
a_flashanns_sift1b_ef45_pw2,,FlashANNS,sift1b,3,57.504000
a_flashanns_sift1b_ef45_pw2,,FlashANNS,sift1b,4,48.390400
a_flashanns_sift1b_ef45_pw2,,FlashANNS,sift1b,5,44.601600
a_flashanns_sift1b_ef45_pw2,,FlashANNS,sift1b,6,52.076800
a_flashanns_sift1b_ef45_pw2,,FlashANNS,sift1b,7,41.427200
a_flashanns_sift1b_ef45_pw2,,FlashANNS,sift1b,8,47.059200
a_flashanns_sift1b_ef45_pw2,,FlashANNS,sift1b,9,49.312000
a_flashanns_sift1b_ef45_pw2,,FlashANNS,sift1b,10,56.684800
a_flashanns_sift1b_ef45_pw2,,FlashANNS,sift1b,11,47.161600
a_flashanns_sift1b_ef45_pw2,,FlashANNS,sift1b,12,51.609600
a_flashanns_sift1b_ef45_pw2,,FlashANNS,sift1b,13,43.884800
a_flashanns_sift1b_ef45_pw2,,FlashANNS,sift1b,14,49.107200
a_flashanns_sift1b_ef45_pw2,,FlashANNS,sift1b,15,49.971200
a_flashanns_sift1b_ef45_pw2,,FlashANNS,sift1b,16,46.489600
a_flashanns_sift1b_ef45_pw2,,FlashANNS,sift1b,17,45.523200
a_flashanns_sift1b_ef45_pw2,,FlashANNS,sift1b,18,49.926400
a_flashanns_sift1b_ef45_pw2,,FlashANNS,sift1b,19,51.200000
a_quiver_sift1b_q2_ef45_pw2,,Quiver,sift1b,0,72.908800
a_quiver_sift1b_q2_ef45_pw2,,Quiver,sift1b,1,100.000000
a_quiver_sift1b_q2_ef45_pw2,,Quiver,sift1b,2,100.000000
a_quiver_sift1b_q2_ef45_pw2,,Quiver,sift1b,3,100.000000
a_quiver_sift1b_q2_ef45_pw2,,Quiver,sift1b,4,100.000000
a_quiver_sift1b_q2_ef45_pw2,,Quiver,sift1b,5,100.000000
a_quiver_sift1b_q2_ef45_pw2,,Quiver,sift1b,6,100.000000
a_quiver_sift1b_q2_ef45_pw2,,Quiver,sift1b,7,88.838400
a_quiver_sift1b_q2_ef45_pw2,,Quiver,sift1b,8,85.049600
a_quiver_sift1b_q2_ef45_pw2,,Quiver,sift1b,9,100.000000
a_quiver_sift1b_q2_ef45_pw2,,Quiver,sift1b,10,90.476800
a_quiver_sift1b_q2_ef45_pw2,,Quiver,sift1b,11,100.000000
a_quiver_sift1b_q2_ef45_pw2,,Quiver,sift1b,12,100.000000
a_quiver_sift1b_q2_ef45_pw2,,Quiver,sift1b,13,85.356800
a_quiver_sift1b_q2_ef45_pw2,,Quiver,sift1b,14,88.121600
a_quiver_sift1b_q2_ef45_pw2,,Quiver,sift1b,15,84.128000
a_quiver_sift1b_q2_ef45_pw2,,Quiver,sift1b,16,100.000000
a_quiver_sift1b_q2_ef45_pw2,,Quiver,sift1b,17,100.000000
a_quiver_sift1b_q2_ef45_pw2,,Quiver,sift1b,18,84.537600
a_quiver_sift1b_q2_ef45_pw2,,Quiver,sift1b,19,100.000000
a_quiver_sift1b_q2_ef45_pw2,,Quiver,sift1b,20,100.000000
a_quiver_sift1b_q2_ef45_pw2,,Quiver,sift1b,21,86.688000
a_quiver_sift1b_q2_ef45_pw2,,Quiver,sift1b,22,100.000000
a_quiver_sift1b_q2_ef45_pw2,,Quiver,sift1b,23,100.000000
a_quiver_sift1b_q2_ef45_pw2,,Quiver,sift1b,24,86.937600
a_quiver_sift1b_q2_ef45_pw2,,Quiver,sift1b,25,86.585600
a_quiver_sift1b_q2_ef45_pw2,,Quiver,sift1b,26,84.947200
a_quiver_sift1b_q2_ef45_pw2,,Quiver,sift1b,27,86.380800
a_quiver_sift1b_q2_ef45_pw2,,Quiver,sift1b,28,100.000000
a_quiver_sift1b_q2_ef45_pw2,,Quiver,sift1b,29,92.012800
a_quiver_sift1b_q2_ef45_pw2,,Quiver,sift1b,30,100.000000
a_quiver_sift1b_q2_ef45_pw2,,Quiver,sift1b,31,100.000000
a_quiver_sift1b_q2_ef45_pw2,,Quiver,sift1b,32,89.248000
a_quiver_sift1b_q2_ef45_pw2,,Quiver,sift1b,33,100.000000
a_quiver_sift1b_q2_ef45_pw2,,Quiver,sift1b,34,75.264000
a_quiver_sift1b_q2_ef45_pw2,,Quiver,sift1b,35,86.278400
a_quiver_sift1b_q2_ef45_pw2,,Quiver,sift1b,36,100.000000
a_quiver_sift1b_q2_ef45_pw2,,Quiver,sift1b,37,100.000000
a_quiver_sift1b_q2_ef45_pw2,,Quiver,sift1b,38,100.000000
a_quiver_sift1b_q2_ef45_pw2,,Quiver,sift1b,39,100.000000
a_quiver_sift1b_q2_ef45_pw2,,Quiver,sift1b,40,100.000000
a_quiver_sift1b_q2_ef45_pw2,,Quiver,sift1b,41,89.043200
a_quiver_sift1b_q2_ef45_pw2,,Quiver,sift1b,42,92.012800
a_quiver_sift1b_q2_ef45_pw2,,Quiver,sift1b,43,100.000000
a_quiver_sift1b_q2_ef45_pw2,,Quiver,sift1b,44,88.736000
a_quiver_sift1b_q2_ef45_pw2,,Quiver,sift1b,45,100.000000
a_quiver_sift1b_q2_ef45_pw2,,Quiver,sift1b,46,89.964800
a_quiver_sift1b_q2_ef45_pw2,,Quiver,sift1b,47,72.864000
a_quiver_sift1b_q2_ef45_pw2,,Quiver,sift1b,48,100.000000
a_quiver_sift1b_q2_ef45_pw2,,Quiver,sift1b,49,100.000000
a_quiver_sift1b_q2_ef45_pw2,,Quiver,sift1b,50,100.000000
a_quiver_sift1b_q2_ef45_pw2,,Quiver,sift1b,51,100.000000
a_quiver_sift1b_q2_ef45_pw2,,Quiver,sift1b,52,80.646400
a_quiver_sift1b_q2_ef45_pw2,,Quiver,sift1b,53,82.182400
a_quiver_sift1b_q2_ef45_pw2,,Quiver,sift1b,54,84.742400
a_quiver_sift1b_q2_ef45_pw2,,Quiver,sift1b,55,100.000000
a_quiver_sift1b_q2_ef45_pw2,,Quiver,sift1b,56,80.748800
a_quiver_sift1b_q2_ef45_pw2,,Quiver,sift1b,57,90.579200
a_quiver_sift1b_q2_ef45_pw2,,Quiver,sift1b,58,87.200000
a_quiver_sift1b_q2_ef45_pw2,,Quiver,sift1b,59,91.091200
a_quiver_sift1b_q2_ef45_pw2,,Quiver,sift1b,60,90.681600
a_quiver_sift1b_q2_ef45_pw2,,Quiver,sift1b,61,100.000000
a_quiver_sift1b_q2_ef45_pw2,,Quiver,sift1b,62,85.356800
a_quiver_sift1b_q2_ef45_pw2,,Quiver,sift1b,63,86.585600
a_quiver_sift1b_q2_ef45_pw2,,Quiver,sift1b,64,97.177600
a_quiver_sift1b_q2_ef45_pw2,,Quiver,sift1b,65,100.000000
a_quiver_sift1b_q2_ef45_pw2,,Quiver,sift1b,66,100.000000
a_quiver_sift1b_q2_ef45_pw2,,Quiver,sift1b,67,88.121600
a_quiver_sift1b_q2_ef45_pw2,,Quiver,sift1b,68,86.278400
a_quiver_sift1b_q2_ef45_pw2,,Quiver,sift1b,69,90.681600
a_quiver_sift1b_q2_ef45_pw2,,Quiver,sift1b,70,100.000000
a_quiver_sift1b_q2_ef45_pw2,,Quiver,sift1b,71,87.097600
a_quiver_sift1b_q2_ef45_pw2,,Quiver,sift1b,72,100.000000
a_quiver_sift1b_q2_ef45_pw2,,Quiver,sift1b,73,100.000000
a_quiver_sift1b_q2_ef45_pw2,,Quiver,sift1b,74,75.628800
a_quiver_sift1b_q2_ef45_pw2,,Quiver,sift1b,75,80.646400
a_quiver_sift1b_q2_ef45_pw2,,Quiver,sift1b,76,88.633600
a_quiver_sift1b_q2_ef45_pw2,,Quiver,sift1b,77,100.000000
a_quiver_sift1b_q2_ef45_pw2,,Quiver,sift1b,78,100.000000
a_quiver_sift1b_q2_ef45_pw2,,Quiver,sift1b,79,89.350400
a_quiver_sift1b_q2_ef45_pw2,,Quiver,sift1b,80,100.000000
a_quiver_sift1b_q2_ef45_pw2,,Quiver,sift1b,81,83.353600
a_quiver_sift1b_q2_ef45_pw2,,Quiver,sift1b,82,87.712000
a_quiver_sift1b_q2_ef45_pw2,,Quiver,sift1b,83,100.000000
a_quiver_sift1b_q2_ef45_pw2,,Quiver,sift1b,84,100.000000
a_quiver_sift1b_q2_ef45_pw2,,Quiver,sift1b,85,88.428800
a_quiver_sift1b_q2_ef45_pw2,,Quiver,sift1b,86,88.531200
a_quiver_sift1b_q2_ef45_pw2,,Quiver,sift1b,87,92.012800
a_quiver_sift1b_q2_ef45_pw2,,Quiver,sift1b,88,100.000000
a_quiver_sift1b_q2_ef45_pw2,,Quiver,sift1b,89,100.000000
a_quiver_sift1b_q2_ef45_pw2,,Quiver,sift1b,90,100.000000
a_quiver_sift1b_q2_ef45_pw2,,Quiver,sift1b,91,81.670400
a_quiver_sift1b_q2_ef45_pw2,,Quiver,sift1b,92,100.000000
a_quiver_sift1b_q2_ef45_pw2,,Quiver,sift1b,93,86.176000
a_quiver_sift1b_q2_ef45_pw2,,Quiver,sift1b,94,89.760000
a_quiver_sift1b_q2_ef45_pw2,,Quiver,sift1b,95,81.875200
a_quiver_sift1b_q2_ef45_pw2,,Quiver,sift1b,96,88.940800
a_quiver_sift1b_q2_ef45_pw2,,Quiver,sift1b,97,80.851200
a_quiver_sift1b_q2_ef45_pw2,,Quiver,sift1b,98,76.448000
a_quiver_sift1b_q2_ef45_pw2,,Quiver,sift1b,99,100.000000
a_quiver_sift1b_q2_ef45_pw2,,Quiver,sift1b,100,80.236800
a_quiver_sift1b_q2_ef45_pw2,,Quiver,sift1b,101,88.940800
a_quiver_sift1b_q2_ef45_pw2,,Quiver,sift1b,102,100.000000
a_quiver_sift1b_q2_ef45_pw2,,Quiver,sift1b,103,87.097600
a_quiver_sift1b_q2_ef45_pw2,,Quiver,sift1b,104,100.000000
a_quiver_sift1b_q2_ef45_pw2,,Quiver,sift1b,105,90.169600
a_quiver_sift1b_q2_ef45_pw2,,Quiver,sift1b,106,77.516800
a_quiver_sift1b_q2_ef45_pw2,,Quiver,sift1b,107,90.784000
a_quiver_sift1b_q2_ef45_pw2,,Quiver,sift1b,108,85.049600
a_quiver_sift1b_q2_ef45_pw2,,Quiver,sift1b,109,100.000000
a_quiver_sift1b_q2_ef45_pw2,,Quiver,sift1b,110,83.923200
a_quiver_sift1b_q2_ef45_pw2,,Quiver,sift1b,111,83.308800
a_quiver_sift1b_q2_ef45_pw2,,Quiver,sift1b,112,90.374400
a_quiver_sift1b_q2_ef45_pw2,,Quiver,sift1b,113,94.617600
a_quiver_sift1b_q2_ef45_pw2,,Quiver,sift1b,114,92.422400
a_quiver_sift1b_q2_ef45_pw2,,Quiver,sift1b,115,87.609600
a_quiver_sift1b_q2_ef45_pw2,,Quiver,sift1b,116,90.272000
a_quiver_sift1b_q2_ef45_pw2,,Quiver,sift1b,117,100.000000
a_quiver_sift1b_q2_ef45_pw2,,Quiver,sift1b,118,90.784000
a_quiver_sift1b_q2_ef45_pw2,,Quiver,sift1b,119,89.248000
a_quiver_sift1b_q2_ef45_pw2,,Quiver,sift1b,120,90.886400
a_quiver_sift1b_q2_ef45_pw2,,Quiver,sift1b,121,83.001600
a_quiver_sift1b_q2_ef45_pw2,,Quiver,sift1b,122,100.000000
a_quiver_sift1b_q2_ef45_pw2,,Quiver,sift1b,123,78.086400
a_quiver_sift1b_q2_ef45_pw2,,Quiver,sift1b,124,91.910400
a_quiver_sift1b_q2_ef45_pw2,,Quiver,sift1b,125,89.555200
a_quiver_sift1b_q2_ef45_pw2,,Quiver,sift1b,126,87.609600
a_quiver_sift1b_q2_ef45_pw2,,Quiver,sift1b,127,100.000000
a_quiver_sift1b_q2_ef45_pw2,,Quiver,sift1b,128,100.000000
a_quiver_sift1b_q2_ef45_pw2,,Quiver,sift1b,129,90.579200
a_quiver_sift1b_q2_ef45_pw2,,Quiver,sift1b,130,89.657600
a_quiver_sift1b_q2_ef45_pw2,,Quiver,sift1b,131,89.964800
a_quiver_sift1b_q2_ef45_pw2,,Quiver,sift1b,132,85.971200
a_quiver_sift1b_q2_ef45_pw2,,Quiver,sift1b,133,100.000000
a_quiver_sift1b_q2_ef45_pw2,,Quiver,sift1b,134,100.000000
a_quiver_sift1b_q2_ef45_pw2,,Quiver,sift1b,135,87.200000
a_quiver_sift1b_q2_ef45_pw2,,Quiver,sift1b,136,86.995200
a_quiver_sift1b_q2_ef45_pw2,,Quiver,sift1b,137,89.248000
a_quiver_sift1b_q2_ef45_pw2,,Quiver,sift1b,138,62.214400
a_quiver_sift1b_q2_ef45_pw2,,Quiver,sift1b,139,88.940800
a_quiver_sift1b_q2_ef45_pw2,,Quiver,sift1b,140,88.736000
a_quiver_sift1b_q2_ef45_pw2,,Quiver,sift1b,141,100.000000
a_quiver_sift1b_q2_ef45_pw2,,Quiver,sift1b,142,100.000000
a_quiver_sift1b_q2_ef45_pw2,,Quiver,sift1b,143,79.315200
a_quiver_sift1b_q2_ef45_pw2,,Quiver,sift1b,144,100.000000
a_quiver_sift1b_q2_ef45_pw2,,Quiver,sift1b,145,100.000000
a_quiver_sift1b_q2_ef45_pw2,,Quiver,sift1b,146,87.712000
a_quiver_sift1b_q2_ef45_pw2,,Quiver,sift1b,147,100.000000
a_quiver_sift1b_q2_ef45_pw2,,Quiver,sift1b,148,100.000000
a_quiver_sift1b_q2_ef45_pw2,,Quiver,sift1b,149,100.000000
a_quiver_sift1b_q2_ef45_pw2,,Quiver,sift1b,150,100.000000
a_quiver_sift1b_q2_ef45_pw2,,Quiver,sift1b,151,100.000000
a_quiver_sift1b_q2_ef45_pw2,,Quiver,sift1b,152,84.844800
a_quiver_sift1b_q2_ef45_pw2,,Quiver,sift1b,153,78.291200
a_quiver_sift1b_q2_ef45_pw2,,Quiver,sift1b,154,76.448000
a_quiver_sift1b_q2_ef45_pw2,,Quiver,sift1b,155,85.811200
a_quiver_sift1b_q2_ef45_pw2,,Quiver,sift1b,156,85.561600
a_quiver_sift1b_q2_ef45_pw2,,Quiver,sift1b,157,83.820800
a_quiver_sift1b_q2_ef45_pw2,,Quiver,sift1b,158,100.000000
a_quiver_sift1b_q2_ef45_pw2,,Quiver,sift1b,159,100.000000
a_quiver_sift1b_q2_ef45_pw2,,Quiver,sift1b,160,100.000000
a_quiver_sift1b_q2_ef45_pw2,,Quiver,sift1b,161,90.579200
a_quiver_sift1b_q2_ef45_pw2,,Quiver,sift1b,162,100.000000
a_quiver_sift1b_q2_ef45_pw2,,Quiver,sift1b,163,90.681600
a_quiver_sift1b_q2_ef45_pw2,,Quiver,sift1b,164,100.000000
a_quiver_sift1b_q2_ef45_pw2,,Quiver,sift1b,165,94.412800
a_quiver_sift1b_q2_ef45_pw2,,Quiver,sift1b,166,100.000000
a_quiver_sift1b_q2_ef45_pw2,,Quiver,sift1b,167,100.000000
a_quiver_sift1b_q2_ef45_pw2,,Quiver,sift1b,168,88.838400
a_quiver_sift1b_q2_ef45_pw2,,Quiver,sift1b,169,100.000000
a_quiver_sift1b_q2_ef45_pw2,,Quiver,sift1b,170,100.000000
a_quiver_sift1b_q2_ef45_pw2,,Quiver,sift1b,171,100.000000
a_quiver_sift1b_q2_ef45_pw2,,Quiver,sift1b,172,86.380800
a_quiver_sift1b_q2_ef45_pw2,,Quiver,sift1b,173,100.000000
a_quiver_sift1b_q2_ef45_pw2,,Quiver,sift1b,174,88.224000
a_quiver_sift1b_q2_ef45_pw2,,Quiver,sift1b,175,86.790400
a_quiver_sift1b_q2_ef45_pw2,,Quiver,sift1b,176,88.838400
a_quiver_sift1b_q2_ef45_pw2,,Quiver,sift1b,177,100.000000
a_quiver_sift1b_q2_ef45_pw2,,Quiver,sift1b,178,86.278400
a_quiver_sift1b_q2_ef45_pw2,,Quiver,sift1b,179,100.000000
a_quiver_sift1b_q2_ef45_pw2,,Quiver,sift1b,180,84.992000
a_quiver_sift1b_q2_ef45_pw2,,Quiver,sift1b,181,100.000000
a_quiver_sift1b_q2_ef45_pw2,,Quiver,sift1b,182,100.000000
a_quiver_sift1b_q2_ef45_pw2,,Quiver,sift1b,183,100.000000
a_quiver_sift1b_q2_ef45_pw2,,Quiver,sift1b,184,88.838400
a_quiver_sift1b_q2_ef45_pw2,,Quiver,sift1b,185,88.531200
a_quiver_sift1b_q2_ef45_pw2,,Quiver,sift1b,186,100.000000
a_quiver_sift1b_q2_ef45_pw2,,Quiver,sift1b,187,90.828800
a_quiver_sift1b_q2_ef45_pw2,,Quiver,sift1b,188,84.844800
a_quiver_sift1b_q2_ef45_pw2,,Quiver,sift1b,189,90.988800
a_quiver_sift1b_q2_ef45_pw2,,Quiver,sift1b,190,83.353600
a_quiver_sift1b_q2_ef45_pw2,,Quiver,sift1b,191,86.790400
a_quiver_sift1b_q2_ef45_pw2,,Quiver,sift1b,192,83.308800
a_quiver_sift1b_q2_ef45_pw2,,Quiver,sift1b,193,88.531200
a_quiver_sift1b_q2_ef45_pw2,,Quiver,sift1b,194,100.000000
a_quiver_sift1b_q2_ef45_pw2,,Quiver,sift1b,195,100.000000
a_quiver_sift1b_q2_ef45_pw2,,Quiver,sift1b,196,100.000000
a_quiver_sift1b_q2_ef45_pw2,,Quiver,sift1b,197,84.230400
a_quiver_sift1b_q2_ef45_pw2,,Quiver,sift1b,198,83.411200
a_quiver_sift1b_q2_ef45_pw2,,Quiver,sift1b,199,90.476800
a_flashanns_sift1b_ef55_pw2,,FlashANNS,sift1b,0,15.564800
a_flashanns_sift1b_ef55_pw2,,FlashANNS,sift1b,1,48.083200
a_flashanns_sift1b_ef55_pw2,,FlashANNS,sift1b,2,48.844800
a_flashanns_sift1b_ef55_pw2,,FlashANNS,sift1b,3,47.468800
a_flashanns_sift1b_ef55_pw2,,FlashANNS,sift1b,4,46.240000
a_flashanns_sift1b_ef55_pw2,,FlashANNS,sift1b,5,53.715200
a_flashanns_sift1b_ef55_pw2,,FlashANNS,sift1b,6,47.980800
a_flashanns_sift1b_ef55_pw2,,FlashANNS,sift1b,7,43.987200
a_flashanns_sift1b_ef55_pw2,,FlashANNS,sift1b,8,48.537600
a_flashanns_sift1b_ef55_pw2,,FlashANNS,sift1b,9,58.265600
a_flashanns_sift1b_ef55_pw2,,FlashANNS,sift1b,10,55.865600
a_flashanns_sift1b_ef55_pw2,,FlashANNS,sift1b,11,47.673600
a_flashanns_sift1b_ef55_pw2,,FlashANNS,sift1b,12,51.302400
a_flashanns_sift1b_ef55_pw2,,FlashANNS,sift1b,13,40.608000
a_flashanns_sift1b_ef55_pw2,,FlashANNS,sift1b,14,56.684800
a_flashanns_sift1b_ef55_pw2,,FlashANNS,sift1b,15,58.572800
a_flashanns_sift1b_ef55_pw2,,FlashANNS,sift1b,16,51.360000
a_flashanns_sift1b_ef55_pw2,,FlashANNS,sift1b,17,42.598400
a_flashanns_sift1b_ef55_pw2,,FlashANNS,sift1b,18,51.814400
a_flashanns_sift1b_ef55_pw2,,FlashANNS,sift1b,19,52.428800
a_quiver_sift1b_q2_ef55_pw2,,Quiver,sift1b,0,74.912000
a_quiver_sift1b_q2_ef55_pw2,,Quiver,sift1b,1,100.000000
a_quiver_sift1b_q2_ef55_pw2,,Quiver,sift1b,2,100.000000
a_quiver_sift1b_q2_ef55_pw2,,Quiver,sift1b,3,98.918400
a_quiver_sift1b_q2_ef55_pw2,,Quiver,sift1b,4,100.000000
a_quiver_sift1b_q2_ef55_pw2,,Quiver,sift1b,5,100.000000
a_quiver_sift1b_q2_ef55_pw2,,Quiver,sift1b,6,100.000000
a_quiver_sift1b_q2_ef55_pw2,,Quiver,sift1b,7,96.665600
a_quiver_sift1b_q2_ef55_pw2,,Quiver,sift1b,8,100.000000
a_quiver_sift1b_q2_ef55_pw2,,Quiver,sift1b,9,85.971200
a_quiver_sift1b_q2_ef55_pw2,,Quiver,sift1b,10,88.531200
a_quiver_sift1b_q2_ef55_pw2,,Quiver,sift1b,11,100.000000
a_quiver_sift1b_q2_ef55_pw2,,Quiver,sift1b,12,75.936000
a_quiver_sift1b_q2_ef55_pw2,,Quiver,sift1b,13,86.380800
a_quiver_sift1b_q2_ef55_pw2,,Quiver,sift1b,14,91.808000
a_quiver_sift1b_q2_ef55_pw2,,Quiver,sift1b,15,91.910400
a_quiver_sift1b_q2_ef55_pw2,,Quiver,sift1b,16,86.483200
a_quiver_sift1b_q2_ef55_pw2,,Quiver,sift1b,17,88.531200
a_quiver_sift1b_q2_ef55_pw2,,Quiver,sift1b,18,92.115200
a_quiver_sift1b_q2_ef55_pw2,,Quiver,sift1b,19,84.742400
a_quiver_sift1b_q2_ef55_pw2,,Quiver,sift1b,20,71.270400
a_quiver_sift1b_q2_ef55_pw2,,Quiver,sift1b,21,82.694400
a_quiver_sift1b_q2_ef55_pw2,,Quiver,sift1b,22,100.000000
a_quiver_sift1b_q2_ef55_pw2,,Quiver,sift1b,23,100.000000
a_quiver_sift1b_q2_ef55_pw2,,Quiver,sift1b,24,76.038400
a_quiver_sift1b_q2_ef55_pw2,,Quiver,sift1b,25,100.000000
a_quiver_sift1b_q2_ef55_pw2,,Quiver,sift1b,26,100.000000
a_quiver_sift1b_q2_ef55_pw2,,Quiver,sift1b,27,92.422400
a_quiver_sift1b_q2_ef55_pw2,,Quiver,sift1b,28,90.988800
a_quiver_sift1b_q2_ef55_pw2,,Quiver,sift1b,29,88.326400
a_quiver_sift1b_q2_ef55_pw2,,Quiver,sift1b,30,84.332800
a_quiver_sift1b_q2_ef55_pw2,,Quiver,sift1b,31,93.388800
a_quiver_sift1b_q2_ef55_pw2,,Quiver,sift1b,32,90.579200
a_quiver_sift1b_q2_ef55_pw2,,Quiver,sift1b,33,92.320000
a_quiver_sift1b_q2_ef55_pw2,,Quiver,sift1b,34,81.817600
a_quiver_sift1b_q2_ef55_pw2,,Quiver,sift1b,35,88.166400
a_quiver_sift1b_q2_ef55_pw2,,Quiver,sift1b,36,90.169600
a_quiver_sift1b_q2_ef55_pw2,,Quiver,sift1b,37,85.664000
a_quiver_sift1b_q2_ef55_pw2,,Quiver,sift1b,38,82.694400
a_quiver_sift1b_q2_ef55_pw2,,Quiver,sift1b,39,76.755200
a_quiver_sift1b_q2_ef55_pw2,,Quiver,sift1b,40,93.344000
a_quiver_sift1b_q2_ef55_pw2,,Quiver,sift1b,41,100.000000
a_quiver_sift1b_q2_ef55_pw2,,Quiver,sift1b,42,90.886400
a_quiver_sift1b_q2_ef55_pw2,,Quiver,sift1b,43,100.000000
a_quiver_sift1b_q2_ef55_pw2,,Quiver,sift1b,44,90.169600
a_quiver_sift1b_q2_ef55_pw2,,Quiver,sift1b,45,76.448000
a_quiver_sift1b_q2_ef55_pw2,,Quiver,sift1b,46,100.000000
a_quiver_sift1b_q2_ef55_pw2,,Quiver,sift1b,47,100.000000
a_quiver_sift1b_q2_ef55_pw2,,Quiver,sift1b,48,91.296000
a_quiver_sift1b_q2_ef55_pw2,,Quiver,sift1b,49,79.827200
a_quiver_sift1b_q2_ef55_pw2,,Quiver,sift1b,50,81.056000
a_quiver_sift1b_q2_ef55_pw2,,Quiver,sift1b,51,92.832000
a_quiver_sift1b_q2_ef55_pw2,,Quiver,sift1b,52,94.777600
a_quiver_sift1b_q2_ef55_pw2,,Quiver,sift1b,53,90.067200
a_quiver_sift1b_q2_ef55_pw2,,Quiver,sift1b,54,87.916800
a_quiver_sift1b_q2_ef55_pw2,,Quiver,sift1b,55,89.452800
a_quiver_sift1b_q2_ef55_pw2,,Quiver,sift1b,56,92.627200
a_quiver_sift1b_q2_ef55_pw2,,Quiver,sift1b,57,73.420800
a_quiver_sift1b_q2_ef55_pw2,,Quiver,sift1b,58,92.627200
a_quiver_sift1b_q2_ef55_pw2,,Quiver,sift1b,59,89.350400
a_quiver_sift1b_q2_ef55_pw2,,Quiver,sift1b,60,74.195200
a_quiver_sift1b_q2_ef55_pw2,,Quiver,sift1b,61,90.169600
a_quiver_sift1b_q2_ef55_pw2,,Quiver,sift1b,62,90.579200
a_quiver_sift1b_q2_ef55_pw2,,Quiver,sift1b,63,87.916800
a_quiver_sift1b_q2_ef55_pw2,,Quiver,sift1b,64,83.411200
a_quiver_sift1b_q2_ef55_pw2,,Quiver,sift1b,65,85.459200
a_quiver_sift1b_q2_ef55_pw2,,Quiver,sift1b,66,100.000000
a_quiver_sift1b_q2_ef55_pw2,,Quiver,sift1b,67,91.398400
a_quiver_sift1b_q2_ef55_pw2,,Quiver,sift1b,68,88.019200
a_quiver_sift1b_q2_ef55_pw2,,Quiver,sift1b,69,81.260800
a_quiver_sift1b_q2_ef55_pw2,,Quiver,sift1b,70,79.417600
a_quiver_sift1b_q2_ef55_pw2,,Quiver,sift1b,71,89.760000
a_quiver_sift1b_q2_ef55_pw2,,Quiver,sift1b,72,79.462400
a_quiver_sift1b_q2_ef55_pw2,,Quiver,sift1b,73,83.104000
a_quiver_sift1b_q2_ef55_pw2,,Quiver,sift1b,74,84.844800
a_quiver_sift1b_q2_ef55_pw2,,Quiver,sift1b,75,88.224000
a_quiver_sift1b_q2_ef55_pw2,,Quiver,sift1b,76,84.025600
a_quiver_sift1b_q2_ef55_pw2,,Quiver,sift1b,77,85.152000
a_quiver_sift1b_q2_ef55_pw2,,Quiver,sift1b,78,88.633600
a_quiver_sift1b_q2_ef55_pw2,,Quiver,sift1b,79,93.446400
a_quiver_sift1b_q2_ef55_pw2,,Quiver,sift1b,80,87.200000
a_quiver_sift1b_q2_ef55_pw2,,Quiver,sift1b,81,88.531200
a_quiver_sift1b_q2_ef55_pw2,,Quiver,sift1b,82,87.712000
a_quiver_sift1b_q2_ef55_pw2,,Quiver,sift1b,83,78.438400
a_quiver_sift1b_q2_ef55_pw2,,Quiver,sift1b,84,81.875200
a_quiver_sift1b_q2_ef55_pw2,,Quiver,sift1b,85,87.200000
a_quiver_sift1b_q2_ef55_pw2,,Quiver,sift1b,86,90.169600
a_quiver_sift1b_q2_ef55_pw2,,Quiver,sift1b,87,89.145600
a_quiver_sift1b_q2_ef55_pw2,,Quiver,sift1b,88,83.718400
a_quiver_sift1b_q2_ef55_pw2,,Quiver,sift1b,89,84.537600
a_quiver_sift1b_q2_ef55_pw2,,Quiver,sift1b,90,75.014400
a_quiver_sift1b_q2_ef55_pw2,,Quiver,sift1b,91,86.585600
a_quiver_sift1b_q2_ef55_pw2,,Quiver,sift1b,92,99.635200
a_quiver_sift1b_q2_ef55_pw2,,Quiver,sift1b,93,89.145600
a_quiver_sift1b_q2_ef55_pw2,,Quiver,sift1b,94,89.248000
a_quiver_sift1b_q2_ef55_pw2,,Quiver,sift1b,95,86.380800
a_quiver_sift1b_q2_ef55_pw2,,Quiver,sift1b,96,91.603200
a_quiver_sift1b_q2_ef55_pw2,,Quiver,sift1b,97,80.134400
a_quiver_sift1b_q2_ef55_pw2,,Quiver,sift1b,98,90.886400
a_quiver_sift1b_q2_ef55_pw2,,Quiver,sift1b,99,82.796800
a_quiver_sift1b_q2_ef55_pw2,,Quiver,sift1b,100,76.390400
a_quiver_sift1b_q2_ef55_pw2,,Quiver,sift1b,101,80.179200
a_quiver_sift1b_q2_ef55_pw2,,Quiver,sift1b,102,90.886400
a_quiver_sift1b_q2_ef55_pw2,,Quiver,sift1b,103,92.115200
a_quiver_sift1b_q2_ef55_pw2,,Quiver,sift1b,104,81.260800
a_quiver_sift1b_q2_ef55_pw2,,Quiver,sift1b,105,100.000000
a_quiver_sift1b_q2_ef55_pw2,,Quiver,sift1b,106,89.145600
a_quiver_sift1b_q2_ef55_pw2,,Quiver,sift1b,107,89.452800
a_quiver_sift1b_q2_ef55_pw2,,Quiver,sift1b,108,78.803200
a_quiver_sift1b_q2_ef55_pw2,,Quiver,sift1b,109,90.784000
a_quiver_sift1b_q2_ef55_pw2,,Quiver,sift1b,110,100.000000
a_quiver_sift1b_q2_ef55_pw2,,Quiver,sift1b,111,70.246400
a_quiver_sift1b_q2_ef55_pw2,,Quiver,sift1b,112,88.121600
a_quiver_sift1b_q2_ef55_pw2,,Quiver,sift1b,113,100.000000
a_quiver_sift1b_q2_ef55_pw2,,Quiver,sift1b,114,87.142400
a_quiver_sift1b_q2_ef55_pw2,,Quiver,sift1b,115,78.700800
a_quiver_sift1b_q2_ef55_pw2,,Quiver,sift1b,116,83.718400
a_quiver_sift1b_q2_ef55_pw2,,Quiver,sift1b,117,100.000000
a_quiver_sift1b_q2_ef55_pw2,,Quiver,sift1b,118,100.000000
a_quiver_sift1b_q2_ef55_pw2,,Quiver,sift1b,119,100.000000
a_quiver_sift1b_q2_ef55_pw2,,Quiver,sift1b,120,100.000000
a_quiver_sift1b_q2_ef55_pw2,,Quiver,sift1b,121,87.507200
a_quiver_sift1b_q2_ef55_pw2,,Quiver,sift1b,122,100.000000
a_quiver_sift1b_q2_ef55_pw2,,Quiver,sift1b,123,89.043200
a_quiver_sift1b_q2_ef55_pw2,,Quiver,sift1b,124,87.404800
a_quiver_sift1b_q2_ef55_pw2,,Quiver,sift1b,125,88.736000
a_quiver_sift1b_q2_ef55_pw2,,Quiver,sift1b,126,90.476800
a_quiver_sift1b_q2_ef55_pw2,,Quiver,sift1b,127,95.027200
a_quiver_sift1b_q2_ef55_pw2,,Quiver,sift1b,128,92.012800
a_quiver_sift1b_q2_ef55_pw2,,Quiver,sift1b,129,89.350400
a_quiver_sift1b_q2_ef55_pw2,,Quiver,sift1b,130,89.657600
a_quiver_sift1b_q2_ef55_pw2,,Quiver,sift1b,131,83.206400
a_quiver_sift1b_q2_ef55_pw2,,Quiver,sift1b,132,93.446400
a_quiver_sift1b_q2_ef55_pw2,,Quiver,sift1b,133,86.425600
a_quiver_sift1b_q2_ef55_pw2,,Quiver,sift1b,134,89.862400
a_quiver_sift1b_q2_ef55_pw2,,Quiver,sift1b,135,89.760000
a_quiver_sift1b_q2_ef55_pw2,,Quiver,sift1b,136,91.648000
a_quiver_sift1b_q2_ef55_pw2,,Quiver,sift1b,137,100.000000
a_quiver_sift1b_q2_ef55_pw2,,Quiver,sift1b,138,100.000000
a_quiver_sift1b_q2_ef55_pw2,,Quiver,sift1b,139,89.452800
a_quiver_sift1b_q2_ef55_pw2,,Quiver,sift1b,140,73.830400
a_quiver_sift1b_q2_ef55_pw2,,Quiver,sift1b,141,86.528000
a_quiver_sift1b_q2_ef55_pw2,,Quiver,sift1b,142,90.784000
a_quiver_sift1b_q2_ef55_pw2,,Quiver,sift1b,143,87.507200
a_quiver_sift1b_q2_ef55_pw2,,Quiver,sift1b,144,87.712000
a_quiver_sift1b_q2_ef55_pw2,,Quiver,sift1b,145,79.417600
a_quiver_sift1b_q2_ef55_pw2,,Quiver,sift1b,146,88.428800
a_quiver_sift1b_q2_ef55_pw2,,Quiver,sift1b,147,69.280000
a_quiver_sift1b_q2_ef55_pw2,,Quiver,sift1b,148,84.435200
a_quiver_sift1b_q2_ef55_pw2,,Quiver,sift1b,149,100.000000
a_quiver_sift1b_q2_ef55_pw2,,Quiver,sift1b,150,91.910400
a_quiver_sift1b_q2_ef55_pw2,,Quiver,sift1b,151,76.755200
a_quiver_sift1b_q2_ef55_pw2,,Quiver,sift1b,152,91.500800
a_quiver_sift1b_q2_ef55_pw2,,Quiver,sift1b,153,86.892800
a_quiver_sift1b_q2_ef55_pw2,,Quiver,sift1b,154,97.894400
a_quiver_sift1b_q2_ef55_pw2,,Quiver,sift1b,155,80.748800
a_quiver_sift1b_q2_ef55_pw2,,Quiver,sift1b,156,100.000000
a_quiver_sift1b_q2_ef55_pw2,,Quiver,sift1b,157,84.582400
a_quiver_sift1b_q2_ef55_pw2,,Quiver,sift1b,158,100.000000
a_quiver_sift1b_q2_ef55_pw2,,Quiver,sift1b,159,87.097600
a_quiver_sift1b_q2_ef55_pw2,,Quiver,sift1b,160,85.664000
a_quiver_sift1b_q2_ef55_pw2,,Quiver,sift1b,161,100.000000
a_quiver_sift1b_q2_ef55_pw2,,Quiver,sift1b,162,100.000000
a_quiver_sift1b_q2_ef55_pw2,,Quiver,sift1b,163,100.000000
a_quiver_sift1b_q2_ef55_pw2,,Quiver,sift1b,164,100.000000
a_quiver_sift1b_q2_ef55_pw2,,Quiver,sift1b,165,89.657600
a_quiver_sift1b_q2_ef55_pw2,,Quiver,sift1b,166,83.616000
a_quiver_sift1b_q2_ef55_pw2,,Quiver,sift1b,167,90.272000
a_quiver_sift1b_q2_ef55_pw2,,Quiver,sift1b,168,85.459200
a_quiver_sift1b_q2_ef55_pw2,,Quiver,sift1b,169,85.868800
a_quiver_sift1b_q2_ef55_pw2,,Quiver,sift1b,170,88.838400
a_quiver_sift1b_q2_ef55_pw2,,Quiver,sift1b,171,82.796800
a_quiver_sift1b_q2_ef55_pw2,,Quiver,sift1b,172,93.344000
a_quiver_sift1b_q2_ef55_pw2,,Quiver,sift1b,173,81.875200
a_quiver_sift1b_q2_ef55_pw2,,Quiver,sift1b,174,91.808000
a_quiver_sift1b_q2_ef55_pw2,,Quiver,sift1b,175,100.000000
a_quiver_sift1b_q2_ef55_pw2,,Quiver,sift1b,176,90.579200
a_quiver_sift1b_q2_ef55_pw2,,Quiver,sift1b,177,89.760000
a_quiver_sift1b_q2_ef55_pw2,,Quiver,sift1b,178,88.633600
a_quiver_sift1b_q2_ef55_pw2,,Quiver,sift1b,179,81.875200
a_quiver_sift1b_q2_ef55_pw2,,Quiver,sift1b,180,100.000000
a_quiver_sift1b_q2_ef55_pw2,,Quiver,sift1b,181,83.411200
a_quiver_sift1b_q2_ef55_pw2,,Quiver,sift1b,182,87.609600
a_quiver_sift1b_q2_ef55_pw2,,Quiver,sift1b,183,81.260800
a_quiver_sift1b_q2_ef55_pw2,,Quiver,sift1b,184,100.000000
a_quiver_sift1b_q2_ef55_pw2,,Quiver,sift1b,185,87.200000
a_quiver_sift1b_q2_ef55_pw2,,Quiver,sift1b,186,86.995200
a_quiver_sift1b_q2_ef55_pw2,,Quiver,sift1b,187,100.000000
a_quiver_sift1b_q2_ef55_pw2,,Quiver,sift1b,188,83.411200
a_quiver_sift1b_q2_ef55_pw2,,Quiver,sift1b,189,100.000000
a_quiver_sift1b_q2_ef55_pw2,,Quiver,sift1b,190,100.000000
a_quiver_sift1b_q2_ef55_pw2,,Quiver,sift1b,191,81.875200
a_quiver_sift1b_q2_ef55_pw2,,Quiver,sift1b,192,86.073600
a_quiver_sift1b_q2_ef55_pw2,,Quiver,sift1b,193,80.953600
a_quiver_sift1b_q2_ef55_pw2,,Quiver,sift1b,194,100.000000
a_quiver_sift1b_q2_ef55_pw2,,Quiver,sift1b,195,91.091200
a_quiver_sift1b_q2_ef55_pw2,,Quiver,sift1b,196,90.784000
a_quiver_sift1b_q2_ef55_pw2,,Quiver,sift1b,197,87.507200
a_quiver_sift1b_q2_ef55_pw2,,Quiver,sift1b,198,100.000000
a_quiver_sift1b_q2_ef55_pw2,,Quiver,sift1b,199,68.358400
a_flashanns_sift1b_ef65_pw2,,FlashANNS,sift1b,0,14.745600
a_flashanns_sift1b_ef65_pw2,,FlashANNS,sift1b,1,62.873600
a_flashanns_sift1b_ef65_pw2,,FlashANNS,sift1b,2,55.353600
a_flashanns_sift1b_ef65_pw2,,FlashANNS,sift1b,3,50.233600
a_flashanns_sift1b_ef65_pw2,,FlashANNS,sift1b,4,53.715200
a_flashanns_sift1b_ef65_pw2,,FlashANNS,sift1b,5,52.179200
a_flashanns_sift1b_ef65_pw2,,FlashANNS,sift1b,6,53.964800
a_flashanns_sift1b_ef65_pw2,,FlashANNS,sift1b,7,53.817600
a_flashanns_sift1b_ef65_pw2,,FlashANNS,sift1b,8,62.316800
a_flashanns_sift1b_ef65_pw2,,FlashANNS,sift1b,9,63.955200
a_flashanns_sift1b_ef65_pw2,,FlashANNS,sift1b,10,56.787200
a_flashanns_sift1b_ef65_pw2,,FlashANNS,sift1b,11,60.678400
a_flashanns_sift1b_ef65_pw2,,FlashANNS,sift1b,12,54.534400
a_flashanns_sift1b_ef65_pw2,,FlashANNS,sift1b,13,58.528000
a_flashanns_sift1b_ef65_pw2,,FlashANNS,sift1b,14,60.985600
a_flashanns_sift1b_ef65_pw2,,FlashANNS,sift1b,15,68.256000
a_flashanns_sift1b_ef65_pw2,,FlashANNS,sift1b,16,52.896000
a_flashanns_sift1b_ef65_pw2,,FlashANNS,sift1b,17,60.371200
a_flashanns_sift1b_ef65_pw2,,FlashANNS,sift1b,18,64.569600
a_flashanns_sift1b_ef65_pw2,,FlashANNS,sift1b,19,66.105600
a_quiver_sift1b_q2_ef65_pw2,,Quiver,sift1b,0,54.374400
a_quiver_sift1b_q2_ef65_pw2,,Quiver,sift1b,1,87.814400
a_quiver_sift1b_q2_ef65_pw2,,Quiver,sift1b,2,93.241600
a_quiver_sift1b_q2_ef65_pw2,,Quiver,sift1b,3,90.579200
a_quiver_sift1b_q2_ef65_pw2,,Quiver,sift1b,4,91.603200
a_quiver_sift1b_q2_ef65_pw2,,Quiver,sift1b,5,94.470400
a_quiver_sift1b_q2_ef65_pw2,,Quiver,sift1b,6,100.000000
a_quiver_sift1b_q2_ef65_pw2,,Quiver,sift1b,7,92.217600
a_quiver_sift1b_q2_ef65_pw2,,Quiver,sift1b,8,100.000000
a_quiver_sift1b_q2_ef65_pw2,,Quiver,sift1b,9,91.808000
a_quiver_sift1b_q2_ef65_pw2,,Quiver,sift1b,10,100.000000
a_quiver_sift1b_q2_ef65_pw2,,Quiver,sift1b,11,91.705600
a_quiver_sift1b_q2_ef65_pw2,,Quiver,sift1b,12,91.910400
a_quiver_sift1b_q2_ef65_pw2,,Quiver,sift1b,13,100.000000
a_quiver_sift1b_q2_ef65_pw2,,Quiver,sift1b,14,94.163200
a_quiver_sift1b_q2_ef65_pw2,,Quiver,sift1b,15,92.115200
a_quiver_sift1b_q2_ef65_pw2,,Quiver,sift1b,16,84.128000
a_quiver_sift1b_q2_ef65_pw2,,Quiver,sift1b,17,100.000000
a_quiver_sift1b_q2_ef65_pw2,,Quiver,sift1b,18,92.934400
a_quiver_sift1b_q2_ef65_pw2,,Quiver,sift1b,19,81.056000
a_quiver_sift1b_q2_ef65_pw2,,Quiver,sift1b,20,100.000000
a_quiver_sift1b_q2_ef65_pw2,,Quiver,sift1b,21,100.000000
a_quiver_sift1b_q2_ef65_pw2,,Quiver,sift1b,22,100.000000
a_quiver_sift1b_q2_ef65_pw2,,Quiver,sift1b,23,84.742400
a_quiver_sift1b_q2_ef65_pw2,,Quiver,sift1b,24,90.272000
a_quiver_sift1b_q2_ef65_pw2,,Quiver,sift1b,25,79.315200
a_quiver_sift1b_q2_ef65_pw2,,Quiver,sift1b,26,92.729600
a_quiver_sift1b_q2_ef65_pw2,,Quiver,sift1b,27,93.446400
a_quiver_sift1b_q2_ef65_pw2,,Quiver,sift1b,28,86.937600
a_quiver_sift1b_q2_ef65_pw2,,Quiver,sift1b,29,100.000000
a_quiver_sift1b_q2_ef65_pw2,,Quiver,sift1b,30,91.603200
a_quiver_sift1b_q2_ef65_pw2,,Quiver,sift1b,31,89.395200
a_quiver_sift1b_q2_ef65_pw2,,Quiver,sift1b,32,94.368000
a_quiver_sift1b_q2_ef65_pw2,,Quiver,sift1b,33,100.000000
a_quiver_sift1b_q2_ef65_pw2,,Quiver,sift1b,34,92.320000
a_quiver_sift1b_q2_ef65_pw2,,Quiver,sift1b,35,100.000000
a_quiver_sift1b_q2_ef65_pw2,,Quiver,sift1b,36,100.000000
a_quiver_sift1b_q2_ef65_pw2,,Quiver,sift1b,37,100.000000
a_quiver_sift1b_q2_ef65_pw2,,Quiver,sift1b,38,91.091200
a_quiver_sift1b_q2_ef65_pw2,,Quiver,sift1b,39,95.187200
a_quiver_sift1b_q2_ef65_pw2,,Quiver,sift1b,40,100.000000
a_quiver_sift1b_q2_ef65_pw2,,Quiver,sift1b,41,92.217600
a_quiver_sift1b_q2_ef65_pw2,,Quiver,sift1b,42,100.000000
a_quiver_sift1b_q2_ef65_pw2,,Quiver,sift1b,43,90.579200
a_quiver_sift1b_q2_ef65_pw2,,Quiver,sift1b,44,90.067200
a_quiver_sift1b_q2_ef65_pw2,,Quiver,sift1b,45,100.000000
a_quiver_sift1b_q2_ef65_pw2,,Quiver,sift1b,46,100.000000
a_quiver_sift1b_q2_ef65_pw2,,Quiver,sift1b,47,94.368000
a_quiver_sift1b_q2_ef65_pw2,,Quiver,sift1b,48,83.820800
a_quiver_sift1b_q2_ef65_pw2,,Quiver,sift1b,49,93.344000
a_quiver_sift1b_q2_ef65_pw2,,Quiver,sift1b,50,94.060800
a_quiver_sift1b_q2_ef65_pw2,,Quiver,sift1b,51,89.452800
a_quiver_sift1b_q2_ef65_pw2,,Quiver,sift1b,52,93.241600
a_quiver_sift1b_q2_ef65_pw2,,Quiver,sift1b,53,85.254400
a_quiver_sift1b_q2_ef65_pw2,,Quiver,sift1b,54,100.000000
a_quiver_sift1b_q2_ef65_pw2,,Quiver,sift1b,55,100.000000
a_quiver_sift1b_q2_ef65_pw2,,Quiver,sift1b,56,88.736000
a_quiver_sift1b_q2_ef65_pw2,,Quiver,sift1b,57,90.681600
a_quiver_sift1b_q2_ef65_pw2,,Quiver,sift1b,58,91.910400
a_quiver_sift1b_q2_ef65_pw2,,Quiver,sift1b,59,93.344000
a_quiver_sift1b_q2_ef65_pw2,,Quiver,sift1b,60,87.302400
a_quiver_sift1b_q2_ef65_pw2,,Quiver,sift1b,61,94.368000
a_quiver_sift1b_q2_ef65_pw2,,Quiver,sift1b,62,91.910400
a_quiver_sift1b_q2_ef65_pw2,,Quiver,sift1b,63,92.524800
a_quiver_sift1b_q2_ef65_pw2,,Quiver,sift1b,64,86.380800
a_quiver_sift1b_q2_ef65_pw2,,Quiver,sift1b,65,100.000000
a_quiver_sift1b_q2_ef65_pw2,,Quiver,sift1b,66,85.561600
a_quiver_sift1b_q2_ef65_pw2,,Quiver,sift1b,67,91.808000
a_quiver_sift1b_q2_ef65_pw2,,Quiver,sift1b,68,83.616000
a_quiver_sift1b_q2_ef65_pw2,,Quiver,sift1b,69,100.000000
a_quiver_sift1b_q2_ef65_pw2,,Quiver,sift1b,70,92.934400
a_quiver_sift1b_q2_ef65_pw2,,Quiver,sift1b,71,92.934400
a_quiver_sift1b_q2_ef65_pw2,,Quiver,sift1b,72,100.000000
a_quiver_sift1b_q2_ef65_pw2,,Quiver,sift1b,73,86.220800
a_quiver_sift1b_q2_ef65_pw2,,Quiver,sift1b,74,100.000000
a_quiver_sift1b_q2_ef65_pw2,,Quiver,sift1b,75,92.012800
a_quiver_sift1b_q2_ef65_pw2,,Quiver,sift1b,76,88.326400
a_quiver_sift1b_q2_ef65_pw2,,Quiver,sift1b,77,100.000000
a_quiver_sift1b_q2_ef65_pw2,,Quiver,sift1b,78,91.091200
a_quiver_sift1b_q2_ef65_pw2,,Quiver,sift1b,79,100.000000
a_quiver_sift1b_q2_ef65_pw2,,Quiver,sift1b,80,79.872000
a_quiver_sift1b_q2_ef65_pw2,,Quiver,sift1b,81,100.000000
a_quiver_sift1b_q2_ef65_pw2,,Quiver,sift1b,82,87.507200
a_quiver_sift1b_q2_ef65_pw2,,Quiver,sift1b,83,100.000000
a_quiver_sift1b_q2_ef65_pw2,,Quiver,sift1b,84,93.241600
a_quiver_sift1b_q2_ef65_pw2,,Quiver,sift1b,85,95.187200
a_quiver_sift1b_q2_ef65_pw2,,Quiver,sift1b,86,91.296000
a_quiver_sift1b_q2_ef65_pw2,,Quiver,sift1b,87,100.000000
a_quiver_sift1b_q2_ef65_pw2,,Quiver,sift1b,88,93.241600
a_quiver_sift1b_q2_ef65_pw2,,Quiver,sift1b,89,89.657600
a_quiver_sift1b_q2_ef65_pw2,,Quiver,sift1b,90,92.115200
a_quiver_sift1b_q2_ef65_pw2,,Quiver,sift1b,91,89.760000
a_quiver_sift1b_q2_ef65_pw2,,Quiver,sift1b,92,92.012800
a_quiver_sift1b_q2_ef65_pw2,,Quiver,sift1b,93,94.265600
a_quiver_sift1b_q2_ef65_pw2,,Quiver,sift1b,94,93.753600
a_quiver_sift1b_q2_ef65_pw2,,Quiver,sift1b,95,94.368000
a_quiver_sift1b_q2_ef65_pw2,,Quiver,sift1b,96,92.115200
a_quiver_sift1b_q2_ef65_pw2,,Quiver,sift1b,97,92.729600
a_quiver_sift1b_q2_ef65_pw2,,Quiver,sift1b,98,94.368000
a_quiver_sift1b_q2_ef65_pw2,,Quiver,sift1b,99,93.139200
a_quiver_sift1b_q2_ef65_pw2,,Quiver,sift1b,100,100.000000
a_quiver_sift1b_q2_ef65_pw2,,Quiver,sift1b,101,93.958400
a_quiver_sift1b_q2_ef65_pw2,,Quiver,sift1b,102,100.000000
a_quiver_sift1b_q2_ef65_pw2,,Quiver,sift1b,103,100.000000
a_quiver_sift1b_q2_ef65_pw2,,Quiver,sift1b,104,86.176000
a_quiver_sift1b_q2_ef65_pw2,,Quiver,sift1b,105,90.374400
a_quiver_sift1b_q2_ef65_pw2,,Quiver,sift1b,106,86.483200
a_quiver_sift1b_q2_ef65_pw2,,Quiver,sift1b,107,100.000000
a_quiver_sift1b_q2_ef65_pw2,,Quiver,sift1b,108,93.036800
a_quiver_sift1b_q2_ef65_pw2,,Quiver,sift1b,109,100.000000
a_quiver_sift1b_q2_ef65_pw2,,Quiver,sift1b,110,91.398400
a_quiver_sift1b_q2_ef65_pw2,,Quiver,sift1b,111,100.000000
a_quiver_sift1b_q2_ef65_pw2,,Quiver,sift1b,112,95.187200
a_quiver_sift1b_q2_ef65_pw2,,Quiver,sift1b,113,89.964800
a_quiver_sift1b_q2_ef65_pw2,,Quiver,sift1b,114,100.000000
a_quiver_sift1b_q2_ef65_pw2,,Quiver,sift1b,115,100.000000
a_quiver_sift1b_q2_ef65_pw2,,Quiver,sift1b,116,92.422400
a_quiver_sift1b_q2_ef65_pw2,,Quiver,sift1b,117,90.476800
a_quiver_sift1b_q2_ef65_pw2,,Quiver,sift1b,118,100.000000
a_quiver_sift1b_q2_ef65_pw2,,Quiver,sift1b,119,82.387200
a_quiver_sift1b_q2_ef65_pw2,,Quiver,sift1b,120,93.446400
a_quiver_sift1b_q2_ef65_pw2,,Quiver,sift1b,121,92.934400
a_quiver_sift1b_q2_ef65_pw2,,Quiver,sift1b,122,86.995200
a_quiver_sift1b_q2_ef65_pw2,,Quiver,sift1b,123,91.603200
a_quiver_sift1b_q2_ef65_pw2,,Quiver,sift1b,124,87.097600
a_quiver_sift1b_q2_ef65_pw2,,Quiver,sift1b,125,100.000000
a_quiver_sift1b_q2_ef65_pw2,,Quiver,sift1b,126,100.000000
a_quiver_sift1b_q2_ef65_pw2,,Quiver,sift1b,127,100.000000
a_quiver_sift1b_q2_ef65_pw2,,Quiver,sift1b,128,100.000000
a_quiver_sift1b_q2_ef65_pw2,,Quiver,sift1b,129,100.000000
a_quiver_sift1b_q2_ef65_pw2,,Quiver,sift1b,130,100.000000
a_quiver_sift1b_q2_ef65_pw2,,Quiver,sift1b,131,93.139200
a_quiver_sift1b_q2_ef65_pw2,,Quiver,sift1b,132,79.315200
a_quiver_sift1b_q2_ef65_pw2,,Quiver,sift1b,133,89.043200
a_quiver_sift1b_q2_ef65_pw2,,Quiver,sift1b,134,100.000000
a_quiver_sift1b_q2_ef65_pw2,,Quiver,sift1b,135,90.988800
a_quiver_sift1b_q2_ef65_pw2,,Quiver,sift1b,136,95.084800
a_quiver_sift1b_q2_ef65_pw2,,Quiver,sift1b,137,100.000000
a_quiver_sift1b_q2_ef65_pw2,,Quiver,sift1b,138,92.320000
a_quiver_sift1b_q2_ef65_pw2,,Quiver,sift1b,139,100.000000
a_quiver_sift1b_q2_ef65_pw2,,Quiver,sift1b,140,91.808000
a_quiver_sift1b_q2_ef65_pw2,,Quiver,sift1b,141,100.000000
a_quiver_sift1b_q2_ef65_pw2,,Quiver,sift1b,142,93.856000
a_quiver_sift1b_q2_ef65_pw2,,Quiver,sift1b,143,91.705600
a_quiver_sift1b_q2_ef65_pw2,,Quiver,sift1b,144,100.000000
a_quiver_sift1b_q2_ef65_pw2,,Quiver,sift1b,145,91.091200
a_quiver_sift1b_q2_ef65_pw2,,Quiver,sift1b,146,100.000000
a_quiver_sift1b_q2_ef65_pw2,,Quiver,sift1b,147,90.681600
a_quiver_sift1b_q2_ef65_pw2,,Quiver,sift1b,148,94.265600
a_quiver_sift1b_q2_ef65_pw2,,Quiver,sift1b,149,100.000000
a_quiver_sift1b_q2_ef65_pw2,,Quiver,sift1b,150,93.753600
a_quiver_sift1b_q2_ef65_pw2,,Quiver,sift1b,151,94.880000
a_quiver_sift1b_q2_ef65_pw2,,Quiver,sift1b,152,93.651200
a_quiver_sift1b_q2_ef65_pw2,,Quiver,sift1b,153,88.121600
a_quiver_sift1b_q2_ef65_pw2,,Quiver,sift1b,154,100.000000
a_quiver_sift1b_q2_ef65_pw2,,Quiver,sift1b,155,90.886400
a_quiver_sift1b_q2_ef65_pw2,,Quiver,sift1b,156,100.000000
a_quiver_sift1b_q2_ef65_pw2,,Quiver,sift1b,157,93.856000
a_quiver_sift1b_q2_ef65_pw2,,Quiver,sift1b,158,94.265600
a_quiver_sift1b_q2_ef65_pw2,,Quiver,sift1b,159,100.000000
a_quiver_sift1b_q2_ef65_pw2,,Quiver,sift1b,160,88.531200
a_quiver_sift1b_q2_ef65_pw2,,Quiver,sift1b,161,100.000000
a_quiver_sift1b_q2_ef65_pw2,,Quiver,sift1b,162,95.641600
a_quiver_sift1b_q2_ef65_pw2,,Quiver,sift1b,163,83.411200
a_quiver_sift1b_q2_ef65_pw2,,Quiver,sift1b,164,100.000000
a_quiver_sift1b_q2_ef65_pw2,,Quiver,sift1b,165,100.000000
a_quiver_sift1b_q2_ef65_pw2,,Quiver,sift1b,166,91.705600
a_quiver_sift1b_q2_ef65_pw2,,Quiver,sift1b,167,87.142400
a_quiver_sift1b_q2_ef65_pw2,,Quiver,sift1b,168,100.000000
a_quiver_sift1b_q2_ef65_pw2,,Quiver,sift1b,169,93.753600
a_quiver_sift1b_q2_ef65_pw2,,Quiver,sift1b,170,100.000000
a_quiver_sift1b_q2_ef65_pw2,,Quiver,sift1b,171,100.000000
a_quiver_sift1b_q2_ef65_pw2,,Quiver,sift1b,172,100.000000
a_quiver_sift1b_q2_ef65_pw2,,Quiver,sift1b,173,93.344000
a_quiver_sift1b_q2_ef65_pw2,,Quiver,sift1b,174,93.344000
a_quiver_sift1b_q2_ef65_pw2,,Quiver,sift1b,175,85.356800
a_quiver_sift1b_q2_ef65_pw2,,Quiver,sift1b,176,91.193600
a_quiver_sift1b_q2_ef65_pw2,,Quiver,sift1b,177,100.000000
a_quiver_sift1b_q2_ef65_pw2,,Quiver,sift1b,178,94.470400
a_quiver_sift1b_q2_ef65_pw2,,Quiver,sift1b,179,100.000000
a_quiver_sift1b_q2_ef65_pw2,,Quiver,sift1b,180,93.286400
a_quiver_sift1b_q2_ef65_pw2,,Quiver,sift1b,181,100.000000
a_quiver_sift1b_q2_ef65_pw2,,Quiver,sift1b,182,93.344000
a_quiver_sift1b_q2_ef65_pw2,,Quiver,sift1b,183,100.000000
a_quiver_sift1b_q2_ef65_pw2,,Quiver,sift1b,184,81.875200
a_quiver_sift1b_q2_ef65_pw2,,Quiver,sift1b,185,92.217600
a_quiver_sift1b_q2_ef65_pw2,,Quiver,sift1b,186,100.000000
a_quiver_sift1b_q2_ef65_pw2,,Quiver,sift1b,187,90.784000
a_quiver_sift1b_q2_ef65_pw2,,Quiver,sift1b,188,94.163200
a_quiver_sift1b_q2_ef65_pw2,,Quiver,sift1b,189,100.000000
a_quiver_sift1b_q2_ef65_pw2,,Quiver,sift1b,190,94.572800
a_quiver_sift1b_q2_ef65_pw2,,Quiver,sift1b,191,92.627200
a_quiver_sift1b_q2_ef65_pw2,,Quiver,sift1b,192,87.916800
a_quiver_sift1b_q2_ef65_pw2,,Quiver,sift1b,193,92.524800
a_quiver_sift1b_q2_ef65_pw2,,Quiver,sift1b,194,88.633600
a_quiver_sift1b_q2_ef65_pw2,,Quiver,sift1b,195,90.374400
a_quiver_sift1b_q2_ef65_pw2,,Quiver,sift1b,196,100.000000
a_quiver_sift1b_q2_ef65_pw2,,Quiver,sift1b,197,89.964800
a_quiver_sift1b_q2_ef65_pw2,,Quiver,sift1b,198,93.958400
a_quiver_sift1b_q2_ef65_pw2,,Quiver,sift1b,199,89.145600
a_flashanns_sift1b_ef80_pw2,,FlashANNS,sift1b,0,68.665600
a_flashanns_sift1b_ef80_pw2,,FlashANNS,sift1b,1,71.884800
a_flashanns_sift1b_ef80_pw2,,FlashANNS,sift1b,2,68.358400
a_flashanns_sift1b_ef80_pw2,,FlashANNS,sift1b,3,64.160000
a_flashanns_sift1b_ef80_pw2,,FlashANNS,sift1b,4,68.153600
a_flashanns_sift1b_ef80_pw2,,FlashANNS,sift1b,5,64.364800
a_flashanns_sift1b_ef80_pw2,,FlashANNS,sift1b,6,68.768000
a_flashanns_sift1b_ef80_pw2,,FlashANNS,sift1b,7,69.792000
a_flashanns_sift1b_ef80_pw2,,FlashANNS,sift1b,8,59.142400
a_flashanns_sift1b_ef80_pw2,,FlashANNS,sift1b,9,56.889600
a_flashanns_sift1b_ef80_pw2,,FlashANNS,sift1b,10,75.014400
a_flashanns_sift1b_ef80_pw2,,FlashANNS,sift1b,11,67.232000
a_flashanns_sift1b_ef80_pw2,,FlashANNS,sift1b,12,71.782400
a_flashanns_sift1b_ef80_pw2,,FlashANNS,sift1b,13,64.057600
a_flashanns_sift1b_ef80_pw2,,FlashANNS,sift1b,14,54.841600
a_flashanns_sift1b_ef80_pw2,,FlashANNS,sift1b,15,66.150400
a_flashanns_sift1b_ef80_pw2,,FlashANNS,sift1b,16,60.576000
a_flashanns_sift1b_ef80_pw2,,FlashANNS,sift1b,17,76.448000
a_flashanns_sift1b_ef80_pw2,,FlashANNS,sift1b,18,67.948800
a_flashanns_sift1b_ef80_pw2,,FlashANNS,sift1b,19,71.225600
a_quiver_sift1b_q1_ef80_pw2,,Quiver,sift1b,0,64.139715
a_quiver_sift1b_q1_ef80_pw2,,Quiver,sift1b,1,66.521739
a_quiver_sift1b_q1_ef80_pw2,,Quiver,sift1b,2,66.284201
a_quiver_sift1b_q1_ef80_pw2,,Quiver,sift1b,3,64.022955
a_quiver_sift1b_q1_ef80_pw2,,Quiver,sift1b,4,66.711550
a_quiver_sift1b_q1_ef80_pw2,,Quiver,sift1b,5,67.817437
a_quiver_sift1b_q1_ef80_pw2,,Quiver,sift1b,6,65.151950
a_quiver_sift1b_q1_ef80_pw2,,Quiver,sift1b,7,66.656770
a_quiver_sift1b_q1_ef80_pw2,,Quiver,sift1b,8,66.697304
a_quiver_sift1b_q1_ef80_pw2,,Quiver,sift1b,9,67.777433
a_quiver_sift1b_q1_ef80_pw2,,Quiver,sift1b,10,65.164751
a_quiver_sift1b_q1_ef80_pw2,,Quiver,sift1b,11,65.014185
a_quiver_sift1b_q1_ef80_pw2,,Quiver,sift1b,12,64.723247
a_quiver_sift1b_q1_ef80_pw2,,Quiver,sift1b,13,68.889940
a_quiver_sift1b_q1_ef80_pw2,,Quiver,sift1b,14,64.303291
a_quiver_sift1b_q1_ef80_pw2,,Quiver,sift1b,15,66.275616
a_quiver_sift1b_q1_ef80_pw2,,Quiver,sift1b,16,65.115931
a_quiver_sift1b_q1_ef80_pw2,,Quiver,sift1b,17,66.502463
a_quiver_sift1b_q1_ef80_pw2,,Quiver,sift1b,18,64.045977
a_quiver_sift1b_q1_ef80_pw2,,Quiver,sift1b,19,67.945249
a_quiver_sift1b_q1_ef80_pw2,,Quiver,sift1b,20,66.217217
a_quiver_sift1b_q1_ef80_pw2,,Quiver,sift1b,21,64.082098
a_quiver_sift1b_q1_ef80_pw2,,Quiver,sift1b,22,65.277134
a_quiver_sift1b_q1_ef80_pw2,,Quiver,sift1b,23,65.429300
a_quiver_sift1b_q1_ef80_pw2,,Quiver,sift1b,24,68.820355
a_quiver_sift1b_q1_ef80_pw2,,Quiver,sift1b,25,68.358950
a_quiver_sift1b_q1_ef80_pw2,,Quiver,sift1b,26,66.348794
a_quiver_sift1b_q1_ef80_pw2,,Quiver,sift1b,27,67.004925
a_quiver_sift1b_q1_ef80_pw2,,Quiver,sift1b,28,66.295684
a_quiver_sift1b_q1_ef80_pw2,,Quiver,sift1b,29,66.640903
a_quiver_sift1b_q1_ef80_pw2,,Quiver,sift1b,30,66.082506
a_quiver_sift1b_q1_ef80_pw2,,Quiver,sift1b,31,63.645896
a_quiver_sift1b_q1_ef80_pw2,,Quiver,sift1b,32,66.906475
a_quiver_sift1b_q1_ef80_pw2,,Quiver,sift1b,33,70.225080
a_quiver_sift1b_q1_ef80_pw2,,Quiver,sift1b,34,66.070892
a_quiver_sift1b_q1_ef80_pw2,,Quiver,sift1b,35,66.077954
a_quiver_sift1b_q1_ef80_pw2,,Quiver,sift1b,36,64.621908
a_quiver_sift1b_q1_ef80_pw2,,Quiver,sift1b,37,68.123316
a_quiver_sift1b_q1_ef80_pw2,,Quiver,sift1b,38,66.184583
a_quiver_sift1b_q1_ef80_pw2,,Quiver,sift1b,39,64.238315
a_quiver_sift1b_q1_ef80_pw2,,Quiver,sift1b,40,64.807378
a_quiver_sift1b_q1_ef80_pw2,,Quiver,sift1b,41,64.897726
a_quiver_sift1b_q1_ef80_pw2,,Quiver,sift1b,42,66.037170
a_quiver_sift1b_q1_ef80_pw2,,Quiver,sift1b,43,65.343443
a_quiver_sift1b_q1_ef80_pw2,,Quiver,sift1b,44,66.616496
a_quiver_sift1b_q1_ef80_pw2,,Quiver,sift1b,45,67.833386
a_quiver_sift1b_q1_ef80_pw2,,Quiver,sift1b,46,67.236336
a_quiver_sift1b_q1_ef80_pw2,,Quiver,sift1b,47,66.265244
a_quiver_sift1b_q1_ef80_pw2,,Quiver,sift1b,48,63.837260
a_quiver_sift1b_q1_ef80_pw2,,Quiver,sift1b,49,65.928550
a_quiver_sift1b_q1_ef80_pw2,,Quiver,sift1b,50,68.067744
a_quiver_sift1b_q1_ef80_pw2,,Quiver,sift1b,51,69.830782
a_quiver_sift1b_q1_ef80_pw2,,Quiver,sift1b,52,64.767932
a_quiver_sift1b_q1_ef80_pw2,,Quiver,sift1b,53,64.686809
a_quiver_sift1b_q1_ef80_pw2,,Quiver,sift1b,54,67.078686
a_quiver_sift1b_q1_ef80_pw2,,Quiver,sift1b,55,65.431596
a_quiver_sift1b_q1_ef80_pw2,,Quiver,sift1b,56,67.314683
a_quiver_sift1b_q1_ef80_pw2,,Quiver,sift1b,57,63.812873
a_quiver_sift1b_q1_ef80_pw2,,Quiver,sift1b,58,66.815660
a_quiver_sift1b_q1_ef80_pw2,,Quiver,sift1b,59,67.418126
a_quiver_sift1b_q1_ef80_pw2,,Quiver,sift1b,60,65.888635
a_quiver_sift1b_q1_ef80_pw2,,Quiver,sift1b,61,65.906433
a_quiver_sift1b_q1_ef80_pw2,,Quiver,sift1b,62,66.929506
a_quiver_sift1b_q1_ef80_pw2,,Quiver,sift1b,63,65.793932
a_quiver_sift1b_q1_ef80_pw2,,Quiver,sift1b,64,68.134872
a_quiver_sift1b_q1_ef80_pw2,,Quiver,sift1b,65,67.568428
a_quiver_sift1b_q1_ef80_pw2,,Quiver,sift1b,66,65.909779
a_quiver_sift1b_q1_ef80_pw2,,Quiver,sift1b,67,66.435882
a_quiver_sift1b_q1_ef80_pw2,,Quiver,sift1b,68,66.372079
a_quiver_sift1b_q1_ef80_pw2,,Quiver,sift1b,69,67.164639
a_quiver_sift1b_q1_ef80_pw2,,Quiver,sift1b,70,64.511186
a_quiver_sift1b_q1_ef80_pw2,,Quiver,sift1b,71,63.826319
a_quiver_sift1b_q1_ef80_pw2,,Quiver,sift1b,72,65.907473
a_quiver_sift1b_q1_ef80_pw2,,Quiver,sift1b,73,64.108075
a_quiver_sift1b_q1_ef80_pw2,,Quiver,sift1b,74,68.969909
a_quiver_sift1b_q1_ef80_pw2,,Quiver,sift1b,75,65.218659
a_quiver_sift1b_q1_ef80_pw2,,Quiver,sift1b,76,65.291937
a_quiver_sift1b_q1_ef80_pw2,,Quiver,sift1b,77,68.349754
a_quiver_sift1b_q1_ef80_pw2,,Quiver,sift1b,78,65.201203
a_quiver_sift1b_q1_ef80_pw2,,Quiver,sift1b,79,64.821537
a_quiver_sift1b_q1_ef80_pw2,,Quiver,sift1b,80,67.327668
a_quiver_sift1b_q1_ef80_pw2,,Quiver,sift1b,81,66.429005
a_quiver_sift1b_q1_ef80_pw2,,Quiver,sift1b,82,64.531577
a_quiver_sift1b_q1_ef80_pw2,,Quiver,sift1b,83,66.064822
a_quiver_sift1b_q1_ef80_pw2,,Quiver,sift1b,84,64.753974
a_quiver_sift1b_q1_ef80_pw2,,Quiver,sift1b,85,65.112368
a_quiver_sift1b_q1_ef80_pw2,,Quiver,sift1b,86,64.175824
a_quiver_sift1b_q1_ef80_pw2,,Quiver,sift1b,87,67.123288
a_quiver_sift1b_q1_ef80_pw2,,Quiver,sift1b,88,64.601096
a_quiver_sift1b_q1_ef80_pw2,,Quiver,sift1b,89,63.801506
a_quiver_sift1b_q1_ef80_pw2,,Quiver,sift1b,90,64.641449
a_quiver_sift1b_q1_ef80_pw2,,Quiver,sift1b,91,65.653318
a_quiver_sift1b_q1_ef80_pw2,,Quiver,sift1b,92,69.071508
a_quiver_sift1b_q1_ef80_pw2,,Quiver,sift1b,93,64.439957
a_quiver_sift1b_q1_ef80_pw2,,Quiver,sift1b,94,67.071273
a_quiver_sift1b_q1_ef80_pw2,,Quiver,sift1b,95,64.559416
a_quiver_sift1b_q1_ef80_pw2,,Quiver,sift1b,96,66.093481
a_quiver_sift1b_q1_ef80_pw2,,Quiver,sift1b,97,65.157174
a_quiver_sift1b_q1_ef80_pw2,,Quiver,sift1b,98,67.925098
a_quiver_sift1b_q1_ef80_pw2,,Quiver,sift1b,99,69.374807
a_quiver_sift1b_q1_ef80_pw2,,Quiver,sift1b,100,65.438202
a_quiver_sift1b_q1_ef80_pw2,,Quiver,sift1b,101,64.932474
a_quiver_sift1b_q1_ef80_pw2,,Quiver,sift1b,102,66.849985
a_quiver_sift1b_q1_ef80_pw2,,Quiver,sift1b,103,66.936910
a_quiver_sift1b_q1_ef80_pw2,,Quiver,sift1b,104,65.233529
a_quiver_sift1b_q1_ef80_pw2,,Quiver,sift1b,105,68.537015
a_quiver_sift1b_q1_ef80_pw2,,Quiver,sift1b,106,65.495590
a_quiver_sift1b_q1_ef80_pw2,,Quiver,sift1b,107,64.699869
a_quiver_sift1b_q1_ef80_pw2,,Quiver,sift1b,108,65.688889
a_quiver_sift1b_q1_ef80_pw2,,Quiver,sift1b,109,66.871637
a_quiver_sift1b_q1_ef80_pw2,,Quiver,sift1b,110,68.817536
a_quiver_sift1b_q1_ef80_pw2,,Quiver,sift1b,111,66.292998
a_quiver_sift1b_q1_ef80_pw2,,Quiver,sift1b,112,65.812357
a_quiver_sift1b_q1_ef80_pw2,,Quiver,sift1b,113,65.411520
a_quiver_sift1b_q1_ef80_pw2,,Quiver,sift1b,114,66.250974
a_quiver_sift1b_q1_ef80_pw2,,Quiver,sift1b,115,63.716945
a_quiver_sift1b_q1_ef80_pw2,,Quiver,sift1b,116,68.548013
a_quiver_sift1b_q1_ef80_pw2,,Quiver,sift1b,117,69.693548
a_quiver_sift1b_q1_ef80_pw2,,Quiver,sift1b,118,67.550432
a_quiver_sift1b_q1_ef80_pw2,,Quiver,sift1b,119,65.942805
a_quiver_sift1b_q1_ef80_pw2,,Quiver,sift1b,120,65.176008
a_quiver_sift1b_q1_ef80_pw2,,Quiver,sift1b,121,64.001780
a_quiver_sift1b_q1_ef80_pw2,,Quiver,sift1b,122,67.145758
a_quiver_sift1b_q1_ef80_pw2,,Quiver,sift1b,123,66.447677
a_quiver_sift1b_q1_ef80_pw2,,Quiver,sift1b,124,68.102966
a_quiver_sift1b_q1_ef80_pw2,,Quiver,sift1b,125,64.327743
a_quiver_sift1b_q1_ef80_pw2,,Quiver,sift1b,126,66.402156
a_quiver_sift1b_q1_ef80_pw2,,Quiver,sift1b,127,64.646167
a_quiver_sift1b_q1_ef80_pw2,,Quiver,sift1b,128,67.615605
a_quiver_sift1b_q1_ef80_pw2,,Quiver,sift1b,129,64.689514
a_quiver_sift1b_q1_ef80_pw2,,Quiver,sift1b,130,65.690377
a_quiver_sift1b_q1_ef80_pw2,,Quiver,sift1b,131,65.835600
a_quiver_sift1b_q1_ef80_pw2,,Quiver,sift1b,132,64.904552
a_quiver_sift1b_q1_ef80_pw2,,Quiver,sift1b,133,66.501854
a_quiver_sift1b_q1_ef80_pw2,,Quiver,sift1b,134,66.539285
a_quiver_sift1b_q1_ef80_pw2,,Quiver,sift1b,135,66.529555
a_quiver_sift1b_q1_ef80_pw2,,Quiver,sift1b,136,61.462334
a_quiver_sift1b_q1_ef80_pw2,,Quiver,sift1b,137,64.351502
a_quiver_sift1b_q1_ef80_pw2,,Quiver,sift1b,138,66.964561
a_quiver_sift1b_q1_ef80_pw2,,Quiver,sift1b,139,67.952840
a_quiver_sift1b_q1_ef80_pw2,,Quiver,sift1b,140,63.904309
a_quiver_sift1b_q1_ef80_pw2,,Quiver,sift1b,141,64.575375
a_quiver_sift1b_q1_ef80_pw2,,Quiver,sift1b,142,66.345271
a_quiver_sift1b_q1_ef80_pw2,,Quiver,sift1b,143,66.469397
a_quiver_sift1b_q1_ef80_pw2,,Quiver,sift1b,144,65.538233
a_quiver_sift1b_q1_ef80_pw2,,Quiver,sift1b,145,66.377153
a_quiver_sift1b_q1_ef80_pw2,,Quiver,sift1b,146,64.480792
a_quiver_sift1b_q1_ef80_pw2,,Quiver,sift1b,147,69.334416
a_quiver_sift1b_q1_ef80_pw2,,Quiver,sift1b,148,68.332806
a_quiver_sift1b_q1_ef80_pw2,,Quiver,sift1b,149,64.594962
a_quiver_sift1b_q1_ef80_pw2,,Quiver,sift1b,150,68.309750
a_quiver_sift1b_q1_ef80_pw2,,Quiver,sift1b,151,65.375116
a_quiver_sift1b_q1_ef80_pw2,,Quiver,sift1b,152,65.195783
a_quiver_sift1b_q1_ef80_pw2,,Quiver,sift1b,153,65.165441
a_quiver_sift1b_q1_ef80_pw2,,Quiver,sift1b,154,64.297945
a_quiver_sift1b_q1_ef80_pw2,,Quiver,sift1b,155,64.473296
a_quiver_sift1b_q1_ef80_pw2,,Quiver,sift1b,156,66.804245
a_quiver_sift1b_q1_ef80_pw2,,Quiver,sift1b,157,65.692884
a_quiver_sift1b_q1_ef80_pw2,,Quiver,sift1b,158,69.317632
a_quiver_sift1b_q1_ef80_pw2,,Quiver,sift1b,159,65.032727
a_quiver_sift1b_q1_ef80_pw2,,Quiver,sift1b,160,66.376769
a_quiver_sift1b_q1_ef80_pw2,,Quiver,sift1b,161,64.161438
a_quiver_sift1b_q1_ef80_pw2,,Quiver,sift1b,162,65.378922
a_quiver_sift1b_q1_ef80_pw2,,Quiver,sift1b,163,64.227764
a_quiver_sift1b_q1_ef80_pw2,,Quiver,sift1b,164,68.165439
a_quiver_sift1b_q1_ef80_pw2,,Quiver,sift1b,165,67.524264
a_quiver_sift1b_q1_ef80_pw2,,Quiver,sift1b,166,65.641711
a_quiver_sift1b_q1_ef80_pw2,,Quiver,sift1b,167,65.512921
a_quiver_sift1b_q1_ef80_pw2,,Quiver,sift1b,168,63.297555
a_quiver_sift1b_q1_ef80_pw2,,Quiver,sift1b,169,63.057130
a_quiver_sift1b_q1_ef80_pw2,,Quiver,sift1b,170,67.438248
a_quiver_sift1b_q1_ef80_pw2,,Quiver,sift1b,171,65.832504
a_quiver_sift1b_q1_ef80_pw2,,Quiver,sift1b,172,63.236503
a_quiver_sift1b_q1_ef80_pw2,,Quiver,sift1b,173,64.384384
a_quiver_sift1b_q1_ef80_pw2,,Quiver,sift1b,174,64.809613
a_quiver_sift1b_q1_ef80_pw2,,Quiver,sift1b,175,64.465551
a_quiver_sift1b_q1_ef80_pw2,,Quiver,sift1b,176,66.231572
a_quiver_sift1b_q1_ef80_pw2,,Quiver,sift1b,177,65.591735
a_quiver_sift1b_q1_ef80_pw2,,Quiver,sift1b,178,69.150591
a_quiver_sift1b_q1_ef80_pw2,,Quiver,sift1b,179,67.356003
a_quiver_sift1b_q1_ef80_pw2,,Quiver,sift1b,180,65.133805
a_quiver_sift1b_q1_ef80_pw2,,Quiver,sift1b,181,66.486570
a_quiver_sift1b_q1_ef80_pw2,,Quiver,sift1b,182,65.968208
a_quiver_sift1b_q1_ef80_pw2,,Quiver,sift1b,183,64.939425
a_quiver_sift1b_q1_ef80_pw2,,Quiver,sift1b,184,66.040330
a_quiver_sift1b_q1_ef80_pw2,,Quiver,sift1b,185,65.174357
a_quiver_sift1b_q1_ef80_pw2,,Quiver,sift1b,186,65.721809
a_quiver_sift1b_q1_ef80_pw2,,Quiver,sift1b,187,65.253345
a_quiver_sift1b_q1_ef80_pw2,,Quiver,sift1b,188,65.819042
a_quiver_sift1b_q1_ef80_pw2,,Quiver,sift1b,189,66.812293
a_quiver_sift1b_q1_ef80_pw2,,Quiver,sift1b,190,64.412759
a_quiver_sift1b_q1_ef80_pw2,,Quiver,sift1b,191,64.001793
a_quiver_sift1b_q1_ef80_pw2,,Quiver,sift1b,192,65.613872
a_quiver_sift1b_q1_ef80_pw2,,Quiver,sift1b,193,67.834298
a_quiver_sift1b_q1_ef80_pw2,,Quiver,sift1b,194,64.201997
a_quiver_sift1b_q1_ef80_pw2,,Quiver,sift1b,195,68.661194
a_quiver_sift1b_q1_ef80_pw2,,Quiver,sift1b,196,65.047092
a_quiver_sift1b_q1_ef80_pw2,,Quiver,sift1b,197,64.290867
a_quiver_sift1b_q1_ef80_pw2,,Quiver,sift1b,198,64.454188
a_quiver_sift1b_q1_ef80_pw2,,Quiver,sift1b,199,99.959645
a_flashanns_sift1b_ef120_pw2,,FlashANNS,sift1b,0,13.209600
a_flashanns_sift1b_ef120_pw2,,FlashANNS,sift1b,1,73.420800
a_flashanns_sift1b_ef120_pw2,,FlashANNS,sift1b,2,72.147200
a_flashanns_sift1b_ef120_pw2,,FlashANNS,sift1b,3,70.918400
a_flashanns_sift1b_ef120_pw2,,FlashANNS,sift1b,4,77.676800
a_flashanns_sift1b_ef120_pw2,,FlashANNS,sift1b,5,72.761600
a_flashanns_sift1b_ef120_pw2,,FlashANNS,sift1b,6,70.508800
a_flashanns_sift1b_ef120_pw2,,FlashANNS,sift1b,7,71.635200
a_flashanns_sift1b_ef120_pw2,,FlashANNS,sift1b,8,74.297600
a_flashanns_sift1b_ef120_pw2,,FlashANNS,sift1b,9,75.468800
a_flashanns_sift1b_ef120_pw2,,FlashANNS,sift1b,10,72.396800
a_flashanns_sift1b_ef120_pw2,,FlashANNS,sift1b,11,67.379200
a_flashanns_sift1b_ef120_pw2,,FlashANNS,sift1b,12,70.918400
a_flashanns_sift1b_ef120_pw2,,FlashANNS,sift1b,13,69.017600
a_flashanns_sift1b_ef120_pw2,,FlashANNS,sift1b,14,73.478400
a_flashanns_sift1b_ef120_pw2,,FlashANNS,sift1b,15,74.400000
a_flashanns_sift1b_ef120_pw2,,FlashANNS,sift1b,16,70.918400
a_flashanns_sift1b_ef120_pw2,,FlashANNS,sift1b,17,71.020800
a_flashanns_sift1b_ef120_pw2,,FlashANNS,sift1b,18,71.840000
a_flashanns_sift1b_ef120_pw2,,FlashANNS,sift1b,19,78.700800
a_quiver_sift1b_q1_ef120_pw2,,Quiver,sift1b,0,71.529959
a_quiver_sift1b_q1_ef120_pw2,,Quiver,sift1b,1,71.625148
a_quiver_sift1b_q1_ef120_pw2,,Quiver,sift1b,2,70.755503
a_quiver_sift1b_q1_ef120_pw2,,Quiver,sift1b,3,70.882282
a_quiver_sift1b_q1_ef120_pw2,,Quiver,sift1b,4,73.049903
a_quiver_sift1b_q1_ef120_pw2,,Quiver,sift1b,5,71.767936
a_quiver_sift1b_q1_ef120_pw2,,Quiver,sift1b,6,71.809524
a_quiver_sift1b_q1_ef120_pw2,,Quiver,sift1b,7,69.238118
a_quiver_sift1b_q1_ef120_pw2,,Quiver,sift1b,8,70.723764
a_quiver_sift1b_q1_ef120_pw2,,Quiver,sift1b,9,72.050000
a_quiver_sift1b_q1_ef120_pw2,,Quiver,sift1b,10,70.888917
a_quiver_sift1b_q1_ef120_pw2,,Quiver,sift1b,11,71.026012
a_quiver_sift1b_q1_ef120_pw2,,Quiver,sift1b,12,72.582604
a_quiver_sift1b_q1_ef120_pw2,,Quiver,sift1b,13,71.461945
a_quiver_sift1b_q1_ef120_pw2,,Quiver,sift1b,14,73.771491
a_quiver_sift1b_q1_ef120_pw2,,Quiver,sift1b,15,69.577529
a_quiver_sift1b_q1_ef120_pw2,,Quiver,sift1b,16,70.933396
a_quiver_sift1b_q1_ef120_pw2,,Quiver,sift1b,17,70.860292
a_quiver_sift1b_q1_ef120_pw2,,Quiver,sift1b,18,72.319018
a_quiver_sift1b_q1_ef120_pw2,,Quiver,sift1b,19,70.028888
a_quiver_sift1b_q1_ef120_pw2,,Quiver,sift1b,20,71.414752
a_quiver_sift1b_q1_ef120_pw2,,Quiver,sift1b,21,71.244999
a_quiver_sift1b_q1_ef120_pw2,,Quiver,sift1b,22,72.564293
a_quiver_sift1b_q1_ef120_pw2,,Quiver,sift1b,23,72.962345
a_quiver_sift1b_q1_ef120_pw2,,Quiver,sift1b,24,70.998913
a_quiver_sift1b_q1_ef120_pw2,,Quiver,sift1b,25,72.416707
a_quiver_sift1b_q1_ef120_pw2,,Quiver,sift1b,26,71.129707
a_quiver_sift1b_q1_ef120_pw2,,Quiver,sift1b,27,71.612433
a_quiver_sift1b_q1_ef120_pw2,,Quiver,sift1b,28,72.226269
a_quiver_sift1b_q1_ef120_pw2,,Quiver,sift1b,29,72.190340
a_quiver_sift1b_q1_ef120_pw2,,Quiver,sift1b,30,72.918439
a_quiver_sift1b_q1_ef120_pw2,,Quiver,sift1b,31,71.446307
a_quiver_sift1b_q1_ef120_pw2,,Quiver,sift1b,32,69.859090
a_quiver_sift1b_q1_ef120_pw2,,Quiver,sift1b,33,70.675433
a_quiver_sift1b_q1_ef120_pw2,,Quiver,sift1b,34,70.711646
a_quiver_sift1b_q1_ef120_pw2,,Quiver,sift1b,35,72.770180
a_quiver_sift1b_q1_ef120_pw2,,Quiver,sift1b,36,69.718393
a_quiver_sift1b_q1_ef120_pw2,,Quiver,sift1b,37,73.459209
a_quiver_sift1b_q1_ef120_pw2,,Quiver,sift1b,38,71.789178
a_quiver_sift1b_q1_ef120_pw2,,Quiver,sift1b,39,72.485657
a_quiver_sift1b_q1_ef120_pw2,,Quiver,sift1b,40,73.737988
a_quiver_sift1b_q1_ef120_pw2,,Quiver,sift1b,41,70.698507
a_quiver_sift1b_q1_ef120_pw2,,Quiver,sift1b,42,72.538986
a_quiver_sift1b_q1_ef120_pw2,,Quiver,sift1b,43,70.814587
a_quiver_sift1b_q1_ef120_pw2,,Quiver,sift1b,44,70.083135
a_quiver_sift1b_q1_ef120_pw2,,Quiver,sift1b,45,71.187289
a_quiver_sift1b_q1_ef120_pw2,,Quiver,sift1b,46,71.390080
a_quiver_sift1b_q1_ef120_pw2,,Quiver,sift1b,47,71.115348
a_quiver_sift1b_q1_ef120_pw2,,Quiver,sift1b,48,72.657376
a_quiver_sift1b_q1_ef120_pw2,,Quiver,sift1b,49,71.646456
a_quiver_sift1b_q1_ef120_pw2,,Quiver,sift1b,50,71.189979
a_quiver_sift1b_q1_ef120_pw2,,Quiver,sift1b,51,71.750792
a_quiver_sift1b_q1_ef120_pw2,,Quiver,sift1b,52,71.293145
a_quiver_sift1b_q1_ef120_pw2,,Quiver,sift1b,53,70.765127
a_quiver_sift1b_q1_ef120_pw2,,Quiver,sift1b,54,70.085072
a_quiver_sift1b_q1_ef120_pw2,,Quiver,sift1b,55,70.241045
a_quiver_sift1b_q1_ef120_pw2,,Quiver,sift1b,56,69.059668
a_quiver_sift1b_q1_ef120_pw2,,Quiver,sift1b,57,69.877074
a_quiver_sift1b_q1_ef120_pw2,,Quiver,sift1b,58,72.060651
a_quiver_sift1b_q1_ef120_pw2,,Quiver,sift1b,59,72.933155
a_quiver_sift1b_q1_ef120_pw2,,Quiver,sift1b,60,71.505755
a_quiver_sift1b_q1_ef120_pw2,,Quiver,sift1b,61,72.155862
a_quiver_sift1b_q1_ef120_pw2,,Quiver,sift1b,62,71.710692
a_quiver_sift1b_q1_ef120_pw2,,Quiver,sift1b,63,69.454151
a_quiver_sift1b_q1_ef120_pw2,,Quiver,sift1b,64,71.575670
a_quiver_sift1b_q1_ef120_pw2,,Quiver,sift1b,65,70.929654
a_quiver_sift1b_q1_ef120_pw2,,Quiver,sift1b,66,71.388268
a_quiver_sift1b_q1_ef120_pw2,,Quiver,sift1b,67,73.048012
a_quiver_sift1b_q1_ef120_pw2,,Quiver,sift1b,68,71.617121
a_quiver_sift1b_q1_ef120_pw2,,Quiver,sift1b,69,71.675323
a_quiver_sift1b_q1_ef120_pw2,,Quiver,sift1b,70,72.228675
a_quiver_sift1b_q1_ef120_pw2,,Quiver,sift1b,71,73.748044
a_quiver_sift1b_q1_ef120_pw2,,Quiver,sift1b,72,63.014631
a_quiver_sift1b_q1_ef120_pw2,,Quiver,sift1b,73,72.893295
a_quiver_sift1b_q1_ef120_pw2,,Quiver,sift1b,74,71.299208
a_quiver_sift1b_q1_ef120_pw2,,Quiver,sift1b,75,69.391518
a_quiver_sift1b_q1_ef120_pw2,,Quiver,sift1b,76,70.395247
a_quiver_sift1b_q1_ef120_pw2,,Quiver,sift1b,77,71.312703
a_quiver_sift1b_q1_ef120_pw2,,Quiver,sift1b,78,70.503239
a_quiver_sift1b_q1_ef120_pw2,,Quiver,sift1b,79,71.834625
a_quiver_sift1b_q1_ef120_pw2,,Quiver,sift1b,80,70.439124
a_quiver_sift1b_q1_ef120_pw2,,Quiver,sift1b,81,72.002020
a_quiver_sift1b_q1_ef120_pw2,,Quiver,sift1b,82,70.446429
a_quiver_sift1b_q1_ef120_pw2,,Quiver,sift1b,83,71.815224
a_quiver_sift1b_q1_ef120_pw2,,Quiver,sift1b,84,71.390977
a_quiver_sift1b_q1_ef120_pw2,,Quiver,sift1b,85,71.891143
a_quiver_sift1b_q1_ef120_pw2,,Quiver,sift1b,86,73.458480
a_quiver_sift1b_q1_ef120_pw2,,Quiver,sift1b,87,71.608712
a_quiver_sift1b_q1_ef120_pw2,,Quiver,sift1b,88,71.993794
a_quiver_sift1b_q1_ef120_pw2,,Quiver,sift1b,89,69.791408
a_quiver_sift1b_q1_ef120_pw2,,Quiver,sift1b,90,71.660281
a_quiver_sift1b_q1_ef120_pw2,,Quiver,sift1b,91,70.911812
a_quiver_sift1b_q1_ef120_pw2,,Quiver,sift1b,92,71.497021
a_quiver_sift1b_q1_ef120_pw2,,Quiver,sift1b,93,72.779444
a_quiver_sift1b_q1_ef120_pw2,,Quiver,sift1b,94,69.546545
a_quiver_sift1b_q1_ef120_pw2,,Quiver,sift1b,95,71.724309
a_quiver_sift1b_q1_ef120_pw2,,Quiver,sift1b,96,68.961625
a_quiver_sift1b_q1_ef120_pw2,,Quiver,sift1b,97,71.752904
a_quiver_sift1b_q1_ef120_pw2,,Quiver,sift1b,98,71.233557
a_quiver_sift1b_q1_ef120_pw2,,Quiver,sift1b,99,73.137229
a_quiver_sift1b_q1_ef120_pw2,,Quiver,sift1b,100,72.508635
a_quiver_sift1b_q1_ef120_pw2,,Quiver,sift1b,101,67.217359
a_quiver_sift1b_q1_ef120_pw2,,Quiver,sift1b,102,73.012914
a_quiver_sift1b_q1_ef120_pw2,,Quiver,sift1b,103,73.472814
a_quiver_sift1b_q1_ef120_pw2,,Quiver,sift1b,104,68.959480
a_quiver_sift1b_q1_ef120_pw2,,Quiver,sift1b,105,73.437117
a_quiver_sift1b_q1_ef120_pw2,,Quiver,sift1b,106,73.258597
a_quiver_sift1b_q1_ef120_pw2,,Quiver,sift1b,107,70.202668
a_quiver_sift1b_q1_ef120_pw2,,Quiver,sift1b,108,71.433887
a_quiver_sift1b_q1_ef120_pw2,,Quiver,sift1b,109,72.778139
a_quiver_sift1b_q1_ef120_pw2,,Quiver,sift1b,110,70.128220
a_quiver_sift1b_q1_ef120_pw2,,Quiver,sift1b,111,72.786638
a_quiver_sift1b_q1_ef120_pw2,,Quiver,sift1b,112,69.470522
a_quiver_sift1b_q1_ef120_pw2,,Quiver,sift1b,113,71.848317
a_quiver_sift1b_q1_ef120_pw2,,Quiver,sift1b,114,69.966786
a_quiver_sift1b_q1_ef120_pw2,,Quiver,sift1b,115,71.349186
a_quiver_sift1b_q1_ef120_pw2,,Quiver,sift1b,116,70.903918
a_quiver_sift1b_q1_ef120_pw2,,Quiver,sift1b,117,73.035338
a_quiver_sift1b_q1_ef120_pw2,,Quiver,sift1b,118,72.864961
a_quiver_sift1b_q1_ef120_pw2,,Quiver,sift1b,119,70.261184
a_quiver_sift1b_q1_ef120_pw2,,Quiver,sift1b,120,72.629310
a_quiver_sift1b_q1_ef120_pw2,,Quiver,sift1b,121,73.530177
a_quiver_sift1b_q1_ef120_pw2,,Quiver,sift1b,122,73.825762
a_quiver_sift1b_q1_ef120_pw2,,Quiver,sift1b,123,71.763224
a_quiver_sift1b_q1_ef120_pw2,,Quiver,sift1b,124,71.978281
a_quiver_sift1b_q1_ef120_pw2,,Quiver,sift1b,125,73.263979
a_quiver_sift1b_q1_ef120_pw2,,Quiver,sift1b,126,72.286798
a_quiver_sift1b_q1_ef120_pw2,,Quiver,sift1b,127,73.092891
a_quiver_sift1b_q1_ef120_pw2,,Quiver,sift1b,128,71.370583
a_quiver_sift1b_q1_ef120_pw2,,Quiver,sift1b,129,70.612951
a_quiver_sift1b_q1_ef120_pw2,,Quiver,sift1b,130,71.935968
a_quiver_sift1b_q1_ef120_pw2,,Quiver,sift1b,131,71.355038
a_quiver_sift1b_q1_ef120_pw2,,Quiver,sift1b,132,70.784662
a_quiver_sift1b_q1_ef120_pw2,,Quiver,sift1b,133,71.255673
a_quiver_sift1b_q1_ef120_pw2,,Quiver,sift1b,134,72.075235
a_quiver_sift1b_q1_ef120_pw2,,Quiver,sift1b,135,70.200250
a_quiver_sift1b_q1_ef120_pw2,,Quiver,sift1b,136,70.635223
a_quiver_sift1b_q1_ef120_pw2,,Quiver,sift1b,137,71.472748
a_quiver_sift1b_q1_ef120_pw2,,Quiver,sift1b,138,72.409343
a_quiver_sift1b_q1_ef120_pw2,,Quiver,sift1b,139,72.097141
a_quiver_sift1b_q1_ef120_pw2,,Quiver,sift1b,140,71.133241
a_quiver_sift1b_q1_ef120_pw2,,Quiver,sift1b,141,70.675289
a_quiver_sift1b_q1_ef120_pw2,,Quiver,sift1b,142,72.356048
a_quiver_sift1b_q1_ef120_pw2,,Quiver,sift1b,143,73.006054
a_quiver_sift1b_q1_ef120_pw2,,Quiver,sift1b,144,70.860676
a_quiver_sift1b_q1_ef120_pw2,,Quiver,sift1b,145,68.892097
a_quiver_sift1b_q1_ef120_pw2,,Quiver,sift1b,146,69.707041
a_quiver_sift1b_q1_ef120_pw2,,Quiver,sift1b,147,70.247828
a_quiver_sift1b_q1_ef120_pw2,,Quiver,sift1b,148,68.652751
a_quiver_sift1b_q1_ef120_pw2,,Quiver,sift1b,149,73.243453
a_quiver_sift1b_q1_ef120_pw2,,Quiver,sift1b,150,73.069560
a_quiver_sift1b_q1_ef120_pw2,,Quiver,sift1b,151,72.590515
a_quiver_sift1b_q1_ef120_pw2,,Quiver,sift1b,152,71.792920
a_quiver_sift1b_q1_ef120_pw2,,Quiver,sift1b,153,69.450899
a_quiver_sift1b_q1_ef120_pw2,,Quiver,sift1b,154,71.734730
a_quiver_sift1b_q1_ef120_pw2,,Quiver,sift1b,155,69.839075
a_quiver_sift1b_q1_ef120_pw2,,Quiver,sift1b,156,72.340699
a_quiver_sift1b_q1_ef120_pw2,,Quiver,sift1b,157,68.982717
a_quiver_sift1b_q1_ef120_pw2,,Quiver,sift1b,158,72.181134
a_quiver_sift1b_q1_ef120_pw2,,Quiver,sift1b,159,71.416073
a_quiver_sift1b_q1_ef120_pw2,,Quiver,sift1b,160,72.298995
a_quiver_sift1b_q1_ef120_pw2,,Quiver,sift1b,161,71.304886
a_quiver_sift1b_q1_ef120_pw2,,Quiver,sift1b,162,71.866717
a_quiver_sift1b_q1_ef120_pw2,,Quiver,sift1b,163,70.391748
a_quiver_sift1b_q1_ef120_pw2,,Quiver,sift1b,164,71.514042
a_quiver_sift1b_q1_ef120_pw2,,Quiver,sift1b,165,72.334927
a_quiver_sift1b_q1_ef120_pw2,,Quiver,sift1b,166,71.935235
a_quiver_sift1b_q1_ef120_pw2,,Quiver,sift1b,167,71.597484
a_quiver_sift1b_q1_ef120_pw2,,Quiver,sift1b,168,71.415643
a_quiver_sift1b_q1_ef120_pw2,,Quiver,sift1b,169,70.425938
a_quiver_sift1b_q1_ef120_pw2,,Quiver,sift1b,170,71.325648
a_quiver_sift1b_q1_ef120_pw2,,Quiver,sift1b,171,71.001151
a_quiver_sift1b_q1_ef120_pw2,,Quiver,sift1b,172,72.579386
a_quiver_sift1b_q1_ef120_pw2,,Quiver,sift1b,173,66.645932
a_quiver_sift1b_q1_ef120_pw2,,Quiver,sift1b,174,70.593468
a_quiver_sift1b_q1_ef120_pw2,,Quiver,sift1b,175,71.880986
a_quiver_sift1b_q1_ef120_pw2,,Quiver,sift1b,176,70.092277
a_quiver_sift1b_q1_ef120_pw2,,Quiver,sift1b,177,72.702350
a_quiver_sift1b_q1_ef120_pw2,,Quiver,sift1b,178,73.479664
a_quiver_sift1b_q1_ef120_pw2,,Quiver,sift1b,179,72.845444
a_quiver_sift1b_q1_ef120_pw2,,Quiver,sift1b,180,72.110300
a_quiver_sift1b_q1_ef120_pw2,,Quiver,sift1b,181,70.212766
a_quiver_sift1b_q1_ef120_pw2,,Quiver,sift1b,182,73.084089
a_quiver_sift1b_q1_ef120_pw2,,Quiver,sift1b,183,70.868846
a_quiver_sift1b_q1_ef120_pw2,,Quiver,sift1b,184,71.120524
a_quiver_sift1b_q1_ef120_pw2,,Quiver,sift1b,185,74.194805
a_quiver_sift1b_q1_ef120_pw2,,Quiver,sift1b,186,71.083719
a_quiver_sift1b_q1_ef120_pw2,,Quiver,sift1b,187,71.772959
a_quiver_sift1b_q1_ef120_pw2,,Quiver,sift1b,188,72.953328
a_quiver_sift1b_q1_ef120_pw2,,Quiver,sift1b,189,73.001663
a_quiver_sift1b_q1_ef120_pw2,,Quiver,sift1b,190,72.195304
a_quiver_sift1b_q1_ef120_pw2,,Quiver,sift1b,191,73.927480
a_quiver_sift1b_q1_ef120_pw2,,Quiver,sift1b,192,71.693433
a_quiver_sift1b_q1_ef120_pw2,,Quiver,sift1b,193,71.849606
a_quiver_sift1b_q1_ef120_pw2,,Quiver,sift1b,194,72.514770
a_quiver_sift1b_q1_ef120_pw2,,Quiver,sift1b,195,72.510794
a_quiver_sift1b_q1_ef120_pw2,,Quiver,sift1b,196,71.952835
a_quiver_sift1b_q1_ef120_pw2,,Quiver,sift1b,197,72.978585
a_quiver_sift1b_q1_ef120_pw2,,Quiver,sift1b,198,71.689206
a_quiver_sift1b_q1_ef120_pw2,,Quiver,sift1b,199,99.953045
b_gustann_sift1b_mb48,,GustANN,sift1b,0,100.000000
b_gustann_sift1b_mb48,,GustANN,sift1b,1,100.000000
b_gustann_sift1b_mb48,,GustANN,sift1b,2,100.000000
b_gustann_sift1b_mb48,,GustANN,sift1b,3,100.000000
b_gustann_sift1b_mb48,,GustANN,sift1b,4,100.000000
b_gustann_sift1b_mb48,,GustANN,sift1b,5,100.000000
b_gustann_sift1b_mb48,,GustANN,sift1b,6,100.000000
b_gustann_sift1b_mb48,,GustANN,sift1b,7,100.000000
b_gustann_sift1b_mb48,,GustANN,sift1b,8,100.000000
b_gustann_sift1b_mb48,,GustANN,sift1b,9,100.000000
b_gustann_sift1b_mb48,,GustANN,sift1b,10,100.000000
b_gustann_sift1b_mb48,,GustANN,sift1b,11,100.000000
b_gustann_sift1b_mb48,,GustANN,sift1b,12,100.000000
b_gustann_sift1b_mb48,,GustANN,sift1b,13,100.000000
b_gustann_sift1b_mb48,,GustANN,sift1b,14,94.921316
b_gustann_sift1b_mb48,,GustANN,sift1b,15,100.000000
b_gustann_sift1b_mb48,,GustANN,sift1b,16,100.000000
b_gustann_sift1b_mb48,,GustANN,sift1b,17,100.000000
b_gustann_sift1b_mb48,,GustANN,sift1b,18,100.000000
b_gustann_sift1b_mb48,,GustANN,sift1b,19,100.000000
b_gustann_sift1b_mb48,,GustANN,sift1b,20,100.000000
b_gustann_sift1b_mb48,,GustANN,sift1b,21,100.000000
b_gustann_sift1b_mb48,,GustANN,sift1b,22,100.000000
b_gustann_sift1b_mb48,,GustANN,sift1b,23,100.000000
b_gustann_sift1b_mb48,,GustANN,sift1b,24,100.000000
b_gustann_sift1b_mb48,,GustANN,sift1b,25,100.000000
b_gustann_sift1b_mb48,,GustANN,sift1b,26,100.000000
b_gustann_sift1b_mb48,,GustANN,sift1b,27,100.000000
b_gustann_sift1b_mb48,,GustANN,sift1b,28,100.000000
b_gustann_sift1b_mb48,,GustANN,sift1b,29,100.000000
b_gustann_sift1b_mb48,,GustANN,sift1b,30,100.000000
b_gustann_sift1b_mb48,,GustANN,sift1b,31,100.000000
b_gustann_sift1b_mb48,,GustANN,sift1b,32,100.000000
b_gustann_sift1b_mb48,,GustANN,sift1b,33,100.000000
b_gustann_sift1b_mb48,,GustANN,sift1b,34,96.590367
b_gustann_sift1b_mb48,,GustANN,sift1b,35,100.000000
b_gustann_sift1b_mb48,,GustANN,sift1b,36,100.000000
b_gustann_sift1b_mb48,,GustANN,sift1b,37,100.000000
b_gustann_sift1b_mb48,,GustANN,sift1b,38,100.000000
b_gustann_sift1b_mb48,,GustANN,sift1b,39,94.015260
b_gustann_sift1b_mb48,,GustANN,sift1b,40,100.000000
b_gustann_sift1b_mb48,,GustANN,sift1b,41,100.000000
b_gustann_sift1b_mb48,,GustANN,sift1b,42,100.000000
b_gustann_sift1b_mb48,,GustANN,sift1b,43,100.000000
b_gustann_sift1b_mb48,,GustANN,sift1b,44,100.000000
b_gustann_sift1b_mb48,,GustANN,sift1b,45,100.000000
b_gustann_sift1b_mb48,,GustANN,sift1b,46,100.000000
b_gustann_sift1b_mb48,,GustANN,sift1b,47,100.000000
b_gustann_sift1b_mb48,,GustANN,sift1b,48,100.000000
b_gustann_sift1b_mb48,,GustANN,sift1b,49,100.000000
b_gustann_sift1b_mb48,,GustANN,sift1b,50,89.890320
b_gustann_sift1b_mb48,,GustANN,sift1b,51,100.000000
b_gustann_sift1b_mb48,,GustANN,sift1b,52,100.000000
b_gustann_sift1b_mb48,,GustANN,sift1b,53,100.000000
b_gustann_sift1b_mb48,,GustANN,sift1b,54,93.109204
b_gustann_sift1b_mb48,,GustANN,sift1b,55,100.000000
b_gustann_sift1b_mb48,,GustANN,sift1b,56,100.000000
b_gustann_sift1b_mb48,,GustANN,sift1b,57,100.000000
b_gustann_sift1b_mb48,,GustANN,sift1b,58,100.000000
b_gustann_sift1b_mb48,,GustANN,sift1b,59,100.000000
b_gustann_sift1b_mb48,,GustANN,sift1b,60,100.000000
b_gustann_sift1b_mb48,,GustANN,sift1b,61,100.000000
b_gustann_sift1b_mb48,,GustANN,sift1b,62,97.305675
b_gustann_sift1b_mb48,,GustANN,sift1b,63,100.000000
b_gustann_sift1b_mb48,,GustANN,sift1b,64,100.000000
b_gustann_sift1b_mb48,,GustANN,sift1b,65,100.000000
b_gustann_sift1b_mb48,,GustANN,sift1b,66,100.000000
b_gustann_sift1b_mb48,,GustANN,sift1b,67,100.000000
b_gustann_sift1b_mb48,,GustANN,sift1b,68,100.000000
b_gustann_sift1b_mb48,,GustANN,sift1b,69,100.000000
b_gustann_sift1b_mb48,,GustANN,sift1b,70,100.000000
b_gustann_sift1b_mb48,,GustANN,sift1b,71,100.000000
b_gustann_sift1b_mb48,,GustANN,sift1b,72,100.000000
b_gustann_sift1b_mb48,,GustANN,sift1b,73,100.000000
b_gustann_sift1b_mb48,,GustANN,sift1b,74,100.000000
b_gustann_sift1b_mb48,,GustANN,sift1b,75,100.000000
b_gustann_sift1b_mb48,,GustANN,sift1b,76,100.000000
b_gustann_sift1b_mb48,,GustANN,sift1b,77,100.000000
b_gustann_sift1b_mb48,,GustANN,sift1b,78,100.000000
b_gustann_sift1b_mb48,,GustANN,sift1b,79,100.000000
b_gustann_sift1b_mb48,,GustANN,sift1b,80,100.000000
b_gustann_sift1b_mb48,,GustANN,sift1b,81,100.000000
b_gustann_sift1b_mb48,,GustANN,sift1b,82,100.000000
b_gustann_sift1b_mb48,,GustANN,sift1b,83,100.000000
b_gustann_sift1b_mb48,,GustANN,sift1b,84,100.000000
b_gustann_sift1b_mb48,,GustANN,sift1b,85,100.000000
b_gustann_sift1b_mb48,,GustANN,sift1b,86,85.503100
b_gustann_sift1b_mb48,,GustANN,sift1b,87,100.000000
b_gustann_sift1b_mb48,,GustANN,sift1b,88,98.307105
b_gustann_sift1b_mb48,,GustANN,sift1b,89,100.000000
b_gustann_sift1b_mb48,,GustANN,sift1b,90,100.000000
b_gustann_sift1b_mb48,,GustANN,sift1b,91,100.000000
b_gustann_sift1b_mb48,,GustANN,sift1b,92,100.000000
b_gustann_sift1b_mb48,,GustANN,sift1b,93,100.000000
b_gustann_sift1b_mb48,,GustANN,sift1b,94,100.000000
b_gustann_sift1b_mb48,,GustANN,sift1b,95,100.000000
b_gustann_sift1b_mb48,,GustANN,sift1b,96,100.000000
b_gustann_sift1b_mb48,,GustANN,sift1b,97,100.000000
b_gustann_sift1b_mb48,,GustANN,sift1b,98,100.000000
b_gustann_sift1b_mb48,,GustANN,sift1b,99,100.000000
b_gustann_sift1b_mb48,,GustANN,sift1b,100,100.000000
b_gustann_sift1b_mb48,,GustANN,sift1b,101,100.000000
b_gustann_sift1b_mb48,,GustANN,sift1b,102,90.295660
b_gustann_sift1b_mb48,,GustANN,sift1b,103,100.000000
b_gustann_sift1b_mb48,,GustANN,sift1b,104,100.000000
b_gustann_sift1b_mb48,,GustANN,sift1b,105,92.322365
b_gustann_sift1b_mb48,,GustANN,sift1b,106,100.000000
b_gustann_sift1b_mb48,,GustANN,sift1b,107,100.000000
b_gustann_sift1b_mb48,,GustANN,sift1b,108,100.000000
b_gustann_sift1b_mb48,,GustANN,sift1b,109,100.000000
b_gustann_sift1b_mb48,,GustANN,sift1b,110,100.000000
b_gustann_sift1b_mb48,,GustANN,sift1b,111,100.000000
b_gustann_sift1b_mb48,,GustANN,sift1b,112,100.000000
b_gustann_sift1b_mb48,,GustANN,sift1b,113,100.000000
b_gustann_sift1b_mb48,,GustANN,sift1b,114,100.000000
b_gustann_sift1b_mb48,,GustANN,sift1b,115,100.000000
b_gustann_sift1b_mb48,,GustANN,sift1b,116,100.000000
b_gustann_sift1b_mb48,,GustANN,sift1b,117,100.000000
b_gustann_sift1b_mb48,,GustANN,sift1b,118,91.201717
b_gustann_sift1b_mb48,,GustANN,sift1b,119,100.000000
b_gustann_sift1b_mb48,,GustANN,sift1b,120,100.000000
b_gustann_sift1b_mb48,,GustANN,sift1b,121,95.398188
b_gustann_sift1b_mb48,,GustANN,sift1b,122,100.000000
b_gustann_sift1b_mb48,,GustANN,sift1b,123,100.000000
b_gustann_sift1b_mb48,,GustANN,sift1b,124,100.000000
b_gustann_sift1b_mb48,,GustANN,sift1b,125,100.000000
b_gustann_sift1b_mb48,,GustANN,sift1b,126,92.393896
b_gustann_sift1b_mb48,,GustANN,sift1b,127,100.000000
b_gustann_sift1b_mb48,,GustANN,sift1b,128,100.000000
b_gustann_sift1b_mb48,,GustANN,sift1b,129,100.000000
b_gustann_sift1b_mb48,,GustANN,sift1b,130,100.000000
b_gustann_sift1b_mb48,,GustANN,sift1b,131,100.000000
b_gustann_sift1b_mb48,,GustANN,sift1b,132,100.000000
b_gustann_sift1b_mb48,,GustANN,sift1b,133,100.000000
b_gustann_sift1b_mb48,,GustANN,sift1b,134,100.000000
b_gustann_sift1b_mb48,,GustANN,sift1b,135,98.521698
b_gustann_sift1b_mb48,,GustANN,sift1b,136,100.000000
b_gustann_sift1b_mb48,,GustANN,sift1b,137,100.000000
b_gustann_sift1b_mb48,,GustANN,sift1b,138,100.000000
b_gustann_sift1b_mb48,,GustANN,sift1b,139,100.000000
b_gustann_sift1b_mb48,,GustANN,sift1b,140,100.000000
b_gustann_sift1b_mb48,,GustANN,sift1b,141,100.000000
b_gustann_sift1b_mb48,,GustANN,sift1b,142,100.000000
b_gustann_sift1b_mb48,,GustANN,sift1b,143,100.000000
b_gustann_sift1b_mb48,,GustANN,sift1b,144,100.000000
b_gustann_sift1b_mb48,,GustANN,sift1b,145,100.000000
b_gustann_sift1b_mb48,,GustANN,sift1b,146,100.000000
b_gustann_sift1b_mb48,,GustANN,sift1b,147,100.000000
b_gustann_sift1b_mb48,,GustANN,sift1b,148,100.000000
b_gustann_sift1b_mb48,,GustANN,sift1b,149,100.000000
b_gustann_sift1b_mb48,,GustANN,sift1b,150,100.000000
b_gustann_sift1b_mb48,,GustANN,sift1b,151,100.000000
b_gustann_sift1b_mb48,,GustANN,sift1b,152,100.000000
b_gustann_sift1b_mb48,,GustANN,sift1b,153,100.000000
b_gustann_sift1b_mb48,,GustANN,sift1b,154,95.898903
b_gustann_sift1b_mb48,,GustANN,sift1b,155,100.000000
b_gustann_sift1b_mb48,,GustANN,sift1b,156,100.000000
b_gustann_sift1b_mb48,,GustANN,sift1b,157,100.000000
b_gustann_sift1b_mb48,,GustANN,sift1b,158,100.000000
b_gustann_sift1b_mb48,,GustANN,sift1b,159,99.594659
b_gustann_sift1b_mb48,,GustANN,sift1b,160,97.997139
b_gustann_sift1b_mb48,,GustANN,sift1b,161,100.000000
b_gustann_sift1b_mb48,,GustANN,sift1b,162,96.208870
b_gustann_sift1b_mb48,,GustANN,sift1b,163,91.917024
b_gustann_sift1b_mb48,,GustANN,sift1b,164,100.000000
b_gustann_sift1b_mb48,,GustANN,sift1b,165,100.000000
b_gustann_sift1b_mb48,,GustANN,sift1b,166,100.000000
b_gustann_sift1b_mb48,,GustANN,sift1b,167,94.611350
b_gustann_sift1b_mb48,,GustANN,sift1b,168,100.000000
b_gustann_sift1b_mb48,,GustANN,sift1b,169,100.000000
b_gustann_sift1b_mb48,,GustANN,sift1b,170,100.000000
b_gustann_sift1b_mb48,,GustANN,sift1b,171,100.000000
b_gustann_sift1b_mb48,,GustANN,sift1b,172,100.000000
b_gustann_sift1b_mb48,,GustANN,sift1b,173,100.000000
b_gustann_sift1b_mb48,,GustANN,sift1b,174,100.000000
b_gustann_sift1b_mb48,,GustANN,sift1b,175,100.000000
b_gustann_sift1b_mb48,,GustANN,sift1b,176,100.000000
b_gustann_sift1b_mb48,,GustANN,sift1b,177,100.000000
b_gustann_sift1b_mb48,,GustANN,sift1b,178,100.000000
b_gustann_sift1b_mb48,,GustANN,sift1b,179,100.000000
b_gustann_sift1b_mb48,,GustANN,sift1b,180,90.701001
b_gustann_sift1b_mb48,,GustANN,sift1b,181,91.893181
b_gustann_sift1b_mb48,,GustANN,sift1b,182,100.000000
b_gustann_sift1b_mb48,,GustANN,sift1b,183,100.000000
b_gustann_sift1b_mb48,,GustANN,sift1b,184,95.708155
b_gustann_sift1b_mb48,,GustANN,sift1b,185,86.218407
b_gustann_sift1b_mb48,,GustANN,sift1b,186,100.000000
b_gustann_sift1b_mb48,,GustANN,sift1b,187,100.000000
b_gustann_sift1b_mb48,,GustANN,sift1b,188,100.000000
b_gustann_sift1b_mb48,,GustANN,sift1b,189,92.894611
b_gustann_sift1b_mb48,,GustANN,sift1b,190,100.000000
b_gustann_sift1b_mb48,,GustANN,sift1b,191,100.000000
b_gustann_sift1b_mb48,,GustANN,sift1b,192,100.000000
b_gustann_sift1b_mb48,,GustANN,sift1b,193,100.000000
b_gustann_sift1b_mb48,,GustANN,sift1b,194,100.000000
b_gustann_sift1b_mb48,,GustANN,sift1b,195,100.000000
b_gustann_sift1b_mb48,,GustANN,sift1b,196,100.000000
b_gustann_sift1b_mb48,,GustANN,sift1b,197,90.104912
b_gustann_sift1b_mb48,,GustANN,sift1b,198,100.000000
b_gustann_sift1b_mb48,,GustANN,sift1b,199,100.000000
b_gustann_sift1b_mb48,,GustANN,sift1b,200,100.000000
b_gustann_sift1b_mb48,,GustANN,sift1b,201,100.000000
b_gustann_sift1b_mb48,,GustANN,sift1b,202,100.000000
b_gustann_sift1b_mb48,,GustANN,sift1b,203,100.000000
b_gustann_sift1b_mb48,,GustANN,sift1b,204,100.000000
b_gustann_sift1b_mb48,,GustANN,sift1b,205,100.000000
b_gustann_sift1b_mb48,,GustANN,sift1b,206,100.000000
b_gustann_sift1b_mb48,,GustANN,sift1b,207,82.999523
b_gustann_sift1b_mb48,,GustANN,sift1b,208,100.000000
b_gustann_sift1b_mb48,,GustANN,sift1b,209,94.110634
b_gustann_sift1b_mb48,,GustANN,sift1b,210,100.000000
b_gustann_sift1b_mb48,,GustANN,sift1b,211,100.000000
b_gustann_sift1b_mb48,,GustANN,sift1b,212,100.000000
b_gustann_sift1b_mb48,,GustANN,sift1b,213,100.000000
b_gustann_sift1b_mb48,,GustANN,sift1b,214,100.000000
b_gustann_sift1b_mb48,,GustANN,sift1b,215,100.000000
b_gustann_sift1b_mb48,,GustANN,sift1b,216,100.000000
b_gustann_sift1b_mb48,,GustANN,sift1b,217,100.000000
b_gustann_sift1b_mb48,,GustANN,sift1b,218,100.000000
b_gustann_sift1b_mb48,,GustANN,sift1b,219,100.000000
b_gustann_sift1b_mb48,,GustANN,sift1b,220,100.000000
b_gustann_sift1b_mb48,,GustANN,sift1b,221,100.000000
b_gustann_sift1b_mb48,,GustANN,sift1b,222,100.000000
b_gustann_sift1b_mb48,,GustANN,sift1b,223,94.802098
b_gustann_sift1b_mb48,,GustANN,sift1b,224,100.000000
b_gustann_sift1b_mb48,,GustANN,sift1b,225,100.000000
b_gustann_sift1b_mb48,,GustANN,sift1b,226,100.000000
b_gustann_sift1b_mb48,,GustANN,sift1b,227,100.000000
b_gustann_sift1b_mb48,,GustANN,sift1b,228,100.000000
b_gustann_sift1b_mb48,,GustANN,sift1b,229,100.000000
b_gustann_sift1b_mb48,,GustANN,sift1b,230,100.000000
b_gustann_sift1b_mb48,,GustANN,sift1b,231,100.000000
b_gustann_sift1b_mb48,,GustANN,sift1b,232,100.000000
b_gustann_sift1b_mb48,,GustANN,sift1b,233,100.000000
b_gustann_sift1b_mb48,,GustANN,sift1b,234,100.000000
b_gustann_sift1b_mb48,,GustANN,sift1b,235,100.000000
b_gustann_sift1b_mb48,,GustANN,sift1b,236,99.809251
b_gustann_sift1b_mb48,,GustANN,sift1b,237,92.608488
b_gustann_sift1b_mb48,,GustANN,sift1b,238,95.612780
b_gustann_sift1b_mb48,,GustANN,sift1b,239,100.000000
b_gustann_sift1b_mb48,,GustANN,sift1b,240,100.000000
b_gustann_sift1b_mb48,,GustANN,sift1b,241,100.000000
b_gustann_sift1b_mb48,,GustANN,sift1b,242,100.000000
b_gustann_sift1b_mb48,,GustANN,sift1b,243,100.000000
b_gustann_sift1b_mb48,,GustANN,sift1b,244,100.000000
b_gustann_sift1b_mb48,,GustANN,sift1b,245,100.000000
b_gustann_sift1b_mb48,,GustANN,sift1b,246,100.000000
b_gustann_sift1b_mb48,,GustANN,sift1b,247,100.000000
b_gustann_sift1b_mb48,,GustANN,sift1b,248,100.000000
b_gustann_sift1b_mb48,,GustANN,sift1b,249,100.000000
b_gustann_sift1b_mb48,,GustANN,sift1b,250,100.000000
b_gustann_sift1b_mb48,,GustANN,sift1b,251,100.000000
b_gustann_sift1b_mb48,,GustANN,sift1b,252,100.000000
b_gustann_sift1b_mb48,,GustANN,sift1b,253,100.000000
b_gustann_sift1b_mb48,,GustANN,sift1b,254,100.000000
b_gustann_sift1b_mb48,,GustANN,sift1b,255,100.000000
b_gustann_sift1b_mb48,,GustANN,sift1b,256,100.000000
b_gustann_sift1b_mb48,,GustANN,sift1b,257,100.000000
b_gustann_sift1b_mb48,,GustANN,sift1b,258,100.000000
b_gustann_sift1b_mb48,,GustANN,sift1b,259,100.000000
b_gustann_sift1b_mb48,,GustANN,sift1b,260,100.000000
b_gustann_sift1b_mb48,,GustANN,sift1b,261,100.000000
b_gustann_sift1b_mb48,,GustANN,sift1b,262,100.000000
b_gustann_sift1b_mb48,,GustANN,sift1b,263,100.000000
b_gustann_sift1b_mb48,,GustANN,sift1b,264,100.000000
b_gustann_sift1b_mb48,,GustANN,sift1b,265,100.000000
b_gustann_sift1b_mb48,,GustANN,sift1b,266,100.000000
b_gustann_sift1b_mb48,,GustANN,sift1b,267,100.000000
b_gustann_sift1b_mb48,,GustANN,sift1b,268,100.000000
b_gustann_sift1b_mb48,,GustANN,sift1b,269,100.000000
b_gustann_sift1b_mb48,,GustANN,sift1b,270,100.000000
b_gustann_sift1b_mb48,,GustANN,sift1b,271,100.000000
b_gustann_sift1b_mb48,,GustANN,sift1b,272,100.000000
b_gustann_sift1b_mb48,,GustANN,sift1b,273,100.000000
b_gustann_sift1b_mb48,,GustANN,sift1b,274,100.000000
b_gustann_sift1b_mb48,,GustANN,sift1b,275,100.000000
b_gustann_sift1b_mb48,,GustANN,sift1b,276,100.000000
b_gustann_sift1b_mb48,,GustANN,sift1b,277,100.000000
b_gustann_sift1b_mb48,,GustANN,sift1b,278,100.000000
b_gustann_sift1b_mb48,,GustANN,sift1b,279,100.000000
b_gustann_sift1b_mb48,,GustANN,sift1b,280,100.000000
b_gustann_sift1b_mb48,,GustANN,sift1b,281,100.000000
b_gustann_sift1b_mb48,,GustANN,sift1b,282,100.000000
b_gustann_sift1b_mb48,,GustANN,sift1b,283,100.000000
b_gustann_sift1b_mb48,,GustANN,sift1b,284,100.000000
b_gustann_sift1b_mb48,,GustANN,sift1b,285,100.000000
b_gustann_sift1b_mb48,,GustANN,sift1b,286,94.301383
b_gustann_sift1b_mb48,,GustANN,sift1b,287,100.000000
b_gustann_sift1b_mb48,,GustANN,sift1b,288,100.000000
b_gustann_sift1b_mb48,,GustANN,sift1b,289,100.000000
b_gustann_sift1b_mb48,,GustANN,sift1b,290,100.000000
b_gustann_sift1b_mb48,,GustANN,sift1b,291,100.000000
b_gustann_sift1b_mb48,,GustANN,sift1b,292,100.000000
b_gustann_sift1b_mb48,,GustANN,sift1b,293,100.000000
b_gustann_sift1b_mb48,,GustANN,sift1b,294,100.000000
b_gustann_sift1b_mb48,,GustANN,sift1b,295,100.000000
b_gustann_sift1b_mb48,,GustANN,sift1b,296,100.000000
b_gustann_sift1b_mb48,,GustANN,sift1b,297,100.000000
b_gustann_sift1b_mb48,,GustANN,sift1b,298,100.000000
b_gustann_sift1b_mb48,,GustANN,sift1b,299,100.000000
b_gustann_sift1b_mb48,,GustANN,sift1b,300,100.000000
b_gustann_sift1b_mb48,,GustANN,sift1b,301,100.000000
b_gustann_sift1b_mb48,,GustANN,sift1b,302,100.000000
b_gustann_sift1b_mb48,,GustANN,sift1b,303,100.000000
b_gustann_sift1b_mb48,,GustANN,sift1b,304,100.000000
b_gustann_sift1b_mb48,,GustANN,sift1b,305,100.000000
b_gustann_sift1b_mb48,,GustANN,sift1b,306,100.000000
b_gustann_sift1b_mb48,,GustANN,sift1b,307,100.000000
b_gustann_sift1b_mb48,,GustANN,sift1b,308,100.000000
b_gustann_sift1b_mb48,,GustANN,sift1b,309,100.000000
b_gustann_sift1b_mb48,,GustANN,sift1b,310,100.000000
b_gustann_sift1b_mb48,,GustANN,sift1b,311,100.000000
b_gustann_sift1b_mb48,,GustANN,sift1b,312,100.000000
b_gustann_sift1b_mb48,,GustANN,sift1b,313,100.000000
b_gustann_sift1b_mb48,,GustANN,sift1b,314,89.508822
b_gustann_sift1b_mb48,,GustANN,sift1b,315,100.000000
b_gustann_sift1b_mb48,,GustANN,sift1b,316,100.000000
b_gustann_sift1b_mb48,,GustANN,sift1b,317,100.000000
b_gustann_sift1b_mb48,,GustANN,sift1b,318,100.000000
b_gustann_sift1b_mb48,,GustANN,sift1b,319,94.921316
b_gustann_sift1b_mb48,,GustANN,sift1b,320,100.000000
b_gustann_sift1b_mb48,,GustANN,sift1b,321,100.000000
b_gustann_sift1b_mb48,,GustANN,sift1b,322,100.000000
b_gustann_sift1b_mb48,,GustANN,sift1b,323,99.022413
b_gustann_sift1b_mb48,,GustANN,sift1b,324,100.000000
b_gustann_sift1b_mb48,,GustANN,sift1b,325,100.000000
b_gustann_sift1b_mb48,,GustANN,sift1b,326,100.000000
b_gustann_sift1b_mb48,,GustANN,sift1b,327,100.000000
b_gustann_sift1b_mb48,,GustANN,sift1b,328,99.713877
b_gustann_sift1b_mb48,,GustANN,sift1b,329,100.000000
b_gustann_sift1b_mb48,,GustANN,sift1b,330,100.000000
b_gustann_sift1b_mb48,,GustANN,sift1b,331,100.000000
b_gustann_sift1b_mb48,,GustANN,sift1b,332,100.000000
b_gustann_sift1b_mb48,,GustANN,sift1b,333,100.000000
b_gustann_sift1b_mb48,,GustANN,sift1b,334,82.093467
b_gustann_sift1b_mb48,,GustANN,sift1b,335,88.602766
b_gustann_sift1b_mb48,,GustANN,sift1b,336,100.000000
b_gustann_sift1b_mb48,,GustANN,sift1b,337,100.000000
b_gustann_sift1b_mb48,,GustANN,sift1b,338,100.000000
b_gustann_sift1b_mb48,,GustANN,sift1b,339,100.000000
b_gustann_sift1b_mb48,,GustANN,sift1b,340,100.000000
b_gustann_sift1b_mb48,,GustANN,sift1b,341,100.000000
b_gustann_sift1b_mb48,,GustANN,sift1b,342,100.000000
b_gustann_sift1b_mb48,,GustANN,sift1b,343,96.113495
b_gustann_sift1b_mb48,,GustANN,sift1b,344,100.000000
b_gustann_sift1b_mb48,,GustANN,sift1b,345,100.000000
b_gustann_sift1b_mb48,,GustANN,sift1b,346,100.000000
b_gustann_sift1b_mb48,,GustANN,sift1b,347,100.000000
b_gustann_sift1b_mb48,,GustANN,sift1b,348,100.000000
b_gustann_sift1b_mb48,,GustANN,sift1b,349,100.000000
b_gustann_sift1b_mb48,,GustANN,sift1b,350,100.000000
b_gustann_sift1b_mb48,,GustANN,sift1b,351,92.298522
b_gustann_sift1b_mb48,,GustANN,sift1b,352,100.000000
b_gustann_sift1b_mb48,,GustANN,sift1b,353,100.000000
b_gustann_sift1b_mb48,,GustANN,sift1b,354,100.000000
b_gustann_sift1b_mb48,,GustANN,sift1b,355,100.000000
b_gustann_sift1b_mb48,,GustANN,sift1b,356,100.000000
b_gustann_sift1b_mb48,,GustANN,sift1b,357,97.806390
b_gustann_sift1b_mb48,,GustANN,sift1b,358,100.000000
b_gustann_sift1b_mb48,,GustANN,sift1b,359,100.000000
b_gustann_sift1b_mb48,,GustANN,sift1b,360,100.000000
b_gustann_sift1b_mb48,,GustANN,sift1b,361,100.000000
b_gustann_sift1b_mb48,,GustANN,sift1b,362,100.000000
b_gustann_sift1b_mb48,,GustANN,sift1b,363,100.000000
b_gustann_sift1b_mb48,,GustANN,sift1b,364,100.000000
b_gustann_sift1b_mb48,,GustANN,sift1b,365,100.000000
b_gustann_sift1b_mb48,,GustANN,sift1b,366,100.000000
b_gustann_sift1b_mb48,,GustANN,sift1b,367,90.295660
b_gustann_sift1b_mb48,,GustANN,sift1b,368,100.000000
b_gustann_sift1b_mb48,,GustANN,sift1b,369,100.000000
b_gustann_sift1b_mb48,,GustANN,sift1b,370,100.000000
b_gustann_sift1b_mb48,,GustANN,sift1b,371,100.000000
b_gustann_sift1b_mb48,,GustANN,sift1b,372,100.000000
b_gustann_sift1b_mb48,,GustANN,sift1b,373,100.000000
b_gustann_sift1b_mb48,,GustANN,sift1b,374,100.000000
b_gustann_sift1b_mb48,,GustANN,sift1b,375,100.000000
b_gustann_sift1b_mb48,,GustANN,sift1b,376,100.000000
b_gustann_sift1b_mb48,,GustANN,sift1b,377,100.000000
b_gustann_sift1b_mb48,,GustANN,sift1b,378,100.000000
b_gustann_sift1b_mb48,,GustANN,sift1b,379,100.000000
b_gustann_sift1b_mb48,,GustANN,sift1b,380,100.000000
b_gustann_sift1b_mb48,,GustANN,sift1b,381,100.000000
b_gustann_sift1b_mb48,,GustANN,sift1b,382,100.000000
b_gustann_sift1b_mb48,,GustANN,sift1b,383,97.711016
b_gustann_sift1b_mb48,,GustANN,sift1b,384,100.000000
b_gustann_sift1b_mb48,,GustANN,sift1b,385,100.000000
b_gustann_sift1b_mb48,,GustANN,sift1b,386,100.000000
b_gustann_sift1b_mb48,,GustANN,sift1b,387,92.298522
b_gustann_sift1b_mb48,,GustANN,sift1b,388,100.000000
b_gustann_sift1b_mb48,,GustANN,sift1b,389,100.000000
b_gustann_sift1b_mb48,,GustANN,sift1b,390,100.000000
b_gustann_sift1b_mb48,,GustANN,sift1b,391,100.000000
b_gustann_sift1b_mb48,,GustANN,sift1b,392,100.000000
b_gustann_sift1b_mb48,,GustANN,sift1b,393,100.000000
b_gustann_sift1b_mb48,,GustANN,sift1b,394,100.000000
b_gustann_sift1b_mb48,,GustANN,sift1b,395,100.000000
b_gustann_sift1b_mb48,,GustANN,sift1b,396,100.000000
b_gustann_sift1b_mb48,,GustANN,sift1b,397,100.000000
b_gustann_sift1b_mb48,,GustANN,sift1b,398,100.000000
b_gustann_sift1b_mb48,,GustANN,sift1b,399,100.000000
b_gustann_sift1b_mb48,,GustANN,sift1b,400,100.000000
b_gustann_sift1b_mb48,,GustANN,sift1b,401,100.000000
b_gustann_sift1b_mb48,,GustANN,sift1b,402,94.015260
b_gustann_sift1b_mb48,,GustANN,sift1b,403,100.000000
b_gustann_sift1b_mb48,,GustANN,sift1b,404,100.000000
b_gustann_sift1b_mb48,,GustANN,sift1b,405,100.000000
b_gustann_sift1b_mb48,,GustANN,sift1b,406,100.000000
b_gustann_sift1b_mb48,,GustANN,sift1b,407,75.917978
b_gustann_sift1b_mb48,,GustANN,sift1b,408,100.000000
b_gustann_sift1b_mb48,,GustANN,sift1b,409,100.000000
b_gustann_sift1b_mb48,,GustANN,sift1b,410,100.000000
b_gustann_sift1b_mb48,,GustANN,sift1b,411,100.000000
b_gustann_sift1b_mb48,,GustANN,sift1b,412,100.000000
b_gustann_sift1b_mb48,,GustANN,sift1b,413,100.000000
b_gustann_sift1b_mb48,,GustANN,sift1b,414,100.000000
b_gustann_sift1b_mb48,,GustANN,sift1b,415,100.000000
b_gustann_sift1b_mb48,,GustANN,sift1b,416,100.000000
b_gustann_sift1b_mb48,,GustANN,sift1b,417,100.000000
b_gustann_sift1b_mb48,,GustANN,sift1b,418,88.292799
b_gustann_sift1b_mb48,,GustANN,sift1b,419,100.000000
b_gustann_sift1b_mb48,,GustANN,sift1b,420,100.000000
b_gustann_sift1b_mb48,,GustANN,sift1b,421,100.000000
b_gustann_sift1b_mb48,,GustANN,sift1b,422,100.000000
b_gustann_sift1b_mb48,,GustANN,sift1b,423,100.000000
b_gustann_sift1b_mb48,,GustANN,sift1b,424,100.000000
b_gustann_sift1b_mb48,,GustANN,sift1b,425,100.000000
b_gustann_sift1b_mb48,,GustANN,sift1b,426,100.000000
b_gustann_sift1b_mb48,,GustANN,sift1b,427,100.000000
b_gustann_sift1b_mb48,,GustANN,sift1b,428,100.000000
b_gustann_sift1b_mb48,,GustANN,sift1b,429,100.000000
b_gustann_sift1b_mb48,,GustANN,sift1b,430,100.000000
b_gustann_sift1b_mb48,,GustANN,sift1b,431,100.000000
b_gustann_sift1b_mb48,,GustANN,sift1b,432,100.000000
b_gustann_sift1b_mb48,,GustANN,sift1b,433,100.000000
b_gustann_sift1b_mb48,,GustANN,sift1b,434,100.000000
b_gustann_sift1b_mb48,,GustANN,sift1b,435,100.000000
b_gustann_sift1b_mb48,,GustANN,sift1b,436,100.000000
b_gustann_sift1b_mb48,,GustANN,sift1b,437,100.000000
b_gustann_sift1b_mb48,,GustANN,sift1b,438,100.000000
b_gustann_sift1b_mb48,,GustANN,sift1b,439,100.000000
b_gustann_sift1b_mb48,,GustANN,sift1b,440,100.000000
b_gustann_sift1b_mb48,,GustANN,sift1b,441,100.000000
b_gustann_sift1b_mb48,,GustANN,sift1b,442,100.000000
b_gustann_sift1b_mb48,,GustANN,sift1b,443,100.000000
b_gustann_sift1b_mb48,,GustANN,sift1b,444,100.000000
b_gustann_sift1b_mb48,,GustANN,sift1b,445,100.000000
b_gustann_sift1b_mb48,,GustANN,sift1b,446,100.000000
b_gustann_sift1b_mb48,,GustANN,sift1b,447,100.000000
b_gustann_sift1b_mb48,,GustANN,sift1b,448,95.803529
b_gustann_sift1b_mb48,,GustANN,sift1b,449,100.000000
b_gustann_sift1b_mb48,,GustANN,sift1b,450,100.000000
b_gustann_sift1b_mb48,,GustANN,sift1b,451,100.000000
b_gustann_sift1b_mb48,,GustANN,sift1b,452,100.000000
b_gustann_sift1b_mb48,,GustANN,sift1b,453,93.013829
b_gustann_sift1b_mb48,,GustANN,sift1b,454,100.000000
b_gustann_sift1b_mb48,,GustANN,sift1b,455,100.000000
b_gustann_sift1b_mb48,,GustANN,sift1b,456,100.000000
b_gustann_sift1b_mb48,,GustANN,sift1b,457,100.000000
b_gustann_sift1b_mb48,,GustANN,sift1b,458,100.000000
b_gustann_sift1b_mb48,,GustANN,sift1b,459,100.000000
b_gustann_sift1b_mb48,,GustANN,sift1b,460,100.000000
b_gustann_sift1b_mb48,,GustANN,sift1b,461,100.000000
b_gustann_sift1b_mb48,,GustANN,sift1b,462,100.000000
b_gustann_sift1b_mb48,,GustANN,sift1b,463,100.000000
b_gustann_sift1b_mb48,,GustANN,sift1b,464,100.000000
b_gustann_sift1b_mb48,,GustANN,sift1b,465,100.000000
b_gustann_sift1b_mb48,,GustANN,sift1b,466,91.010968
b_gustann_sift1b_mb48,,GustANN,sift1b,467,100.000000
b_gustann_sift1b_mb48,,GustANN,sift1b,468,100.000000
b_gustann_sift1b_mb48,,GustANN,sift1b,469,100.000000
b_gustann_sift1b_mb48,,GustANN,sift1b,470,100.000000
b_gustann_sift1b_mb48,,GustANN,sift1b,471,100.000000
b_gustann_sift1b_mb48,,GustANN,sift1b,472,100.000000
b_gustann_sift1b_mb48,,GustANN,sift1b,473,100.000000
b_gustann_sift1b_mb48,,GustANN,sift1b,474,100.000000
b_gustann_sift1b_mb48,,GustANN,sift1b,475,100.000000
b_gustann_sift1b_mb48,,GustANN,sift1b,476,100.000000
b_gustann_sift1b_mb48,,GustANN,sift1b,477,100.000000
b_gustann_sift1b_mb48,,GustANN,sift1b,478,100.000000
b_gustann_sift1b_mb48,,GustANN,sift1b,479,100.000000
b_gustann_sift1b_mb48,,GustANN,sift1b,480,100.000000
b_gustann_sift1b_mb48,,GustANN,sift1b,481,100.000000
b_gustann_sift1b_mb48,,GustANN,sift1b,482,95.803529
b_gustann_sift1b_mb48,,GustANN,sift1b,483,100.000000
b_gustann_sift1b_mb48,,GustANN,sift1b,484,100.000000
b_gustann_sift1b_mb48,,GustANN,sift1b,485,100.000000
b_gustann_sift1b_mb48,,GustANN,sift1b,486,100.000000
b_gustann_sift1b_mb48,,GustANN,sift1b,487,100.000000
b_gustann_sift1b_mb48,,GustANN,sift1b,488,100.000000
b_gustann_sift1b_mb48,,GustANN,sift1b,489,100.000000
b_gustann_sift1b_mb48,,GustANN,sift1b,490,100.000000
b_gustann_sift1b_mb48,,GustANN,sift1b,491,100.000000
b_gustann_sift1b_mb48,,GustANN,sift1b,492,100.000000
b_gustann_sift1b_mb48,,GustANN,sift1b,493,94.802098
b_gustann_sift1b_mb48,,GustANN,sift1b,494,100.000000
b_gustann_sift1b_mb48,,GustANN,sift1b,495,100.000000
b_gustann_sift1b_mb48,,GustANN,sift1b,496,100.000000
b_gustann_sift1b_mb48,,GustANN,sift1b,497,100.000000
b_gustann_sift1b_mb48,,GustANN,sift1b,498,100.000000
b_gustann_sift1b_mb48,,GustANN,sift1b,499,100.000000
b_gustann_sift1b_mb48,,GustANN,sift1b,500,100.000000
b_gustann_sift1b_mb48,,GustANN,sift1b,501,100.000000
b_gustann_sift1b_mb48,,GustANN,sift1b,502,100.000000
b_gustann_sift1b_mb48,,GustANN,sift1b,503,100.000000
b_gustann_sift1b_mb48,,GustANN,sift1b,504,100.000000
b_gustann_sift1b_mb48,,GustANN,sift1b,505,96.804959
b_gustann_sift1b_mb48,,GustANN,sift1b,506,100.000000
b_gustann_sift1b_mb48,,GustANN,sift1b,507,100.000000
b_gustann_sift1b_mb48,,GustANN,sift1b,508,100.000000
b_gustann_sift1b_mb48,,GustANN,sift1b,509,100.000000
b_gustann_sift1b_mb48,,GustANN,sift1b,510,100.000000
b_gustann_sift1b_mb48,,GustANN,sift1b,511,100.000000
b_gustann_sift1b_mb48,,GustANN,sift1b,512,100.000000
b_gustann_sift1b_mb48,,GustANN,sift1b,513,100.000000
b_gustann_sift1b_mb48,,GustANN,sift1b,514,100.000000
b_gustann_sift1b_mb48,,GustANN,sift1b,515,100.000000
b_gustann_sift1b_mb48,,GustANN,sift1b,516,100.000000
b_gustann_sift1b_mb48,,GustANN,sift1b,517,100.000000
b_gustann_sift1b_mb48,,GustANN,sift1b,518,94.992847
b_gustann_sift1b_mb48,,GustANN,sift1b,519,100.000000
b_gustann_sift1b_mb48,,GustANN,sift1b,520,100.000000
b_gustann_sift1b_mb48,,GustANN,sift1b,521,100.000000
b_gustann_sift1b_mb48,,GustANN,sift1b,522,100.000000
b_gustann_sift1b_mb48,,GustANN,sift1b,523,96.208870
b_gustann_sift1b_mb48,,GustANN,sift1b,524,100.000000
b_gustann_sift1b_mb48,,GustANN,sift1b,525,100.000000
b_gustann_sift1b_mb48,,GustANN,sift1b,526,100.000000
b_gustann_sift1b_mb48,,GustANN,sift1b,527,100.000000
b_gustann_sift1b_mb48,,GustANN,sift1b,528,100.000000
b_gustann_sift1b_mb48,,GustANN,sift1b,529,100.000000
b_gustann_sift1b_mb48,,GustANN,sift1b,530,100.000000
b_gustann_sift1b_mb48,,GustANN,sift1b,531,100.000000
b_gustann_sift1b_mb48,,GustANN,sift1b,532,100.000000
b_gustann_sift1b_mb48,,GustANN,sift1b,533,100.000000
b_gustann_sift1b_mb48,,GustANN,sift1b,534,100.000000
b_gustann_sift1b_mb48,,GustANN,sift1b,535,100.000000
b_gustann_sift1b_mb48,,GustANN,sift1b,536,100.000000
b_gustann_sift1b_mb48,,GustANN,sift1b,537,100.000000
b_gustann_sift1b_mb48,,GustANN,sift1b,538,100.000000
b_gustann_sift1b_mb48,,GustANN,sift1b,539,100.000000
b_gustann_sift1b_mb48,,GustANN,sift1b,540,100.000000
b_gustann_sift1b_mb48,,GustANN,sift1b,541,100.000000
b_gustann_sift1b_mb48,,GustANN,sift1b,542,100.000000
b_gustann_sift1b_mb48,,GustANN,sift1b,543,100.000000
b_gustann_sift1b_mb48,,GustANN,sift1b,544,100.000000
b_gustann_sift1b_mb48,,GustANN,sift1b,545,100.000000
b_gustann_sift1b_mb48,,GustANN,sift1b,546,96.328088
b_gustann_sift1b_mb48,,GustANN,sift1b,547,100.000000
b_gustann_sift1b_mb48,,GustANN,sift1b,548,100.000000
b_gustann_sift1b_mb48,,GustANN,sift1b,549,100.000000
b_gustann_sift1b_mb48,,GustANN,sift1b,550,91.893181
b_gustann_sift1b_mb48,,GustANN,sift1b,551,100.000000
b_gustann_sift1b_mb48,,GustANN,sift1b,552,100.000000
b_gustann_sift1b_mb48,,GustANN,sift1b,553,100.000000
b_gustann_sift1b_mb48,,GustANN,sift1b,554,100.000000
b_gustann_sift1b_mb48,,GustANN,sift1b,555,100.000000
b_gustann_sift1b_mb48,,GustANN,sift1b,556,100.000000
b_gustann_sift1b_mb48,,GustANN,sift1b,557,100.000000
b_gustann_sift1b_mb48,,GustANN,sift1b,558,100.000000
b_gustann_sift1b_mb48,,GustANN,sift1b,559,100.000000
b_gustann_sift1b_mb48,,GustANN,sift1b,560,95.994278
b_gustann_sift1b_mb48,,GustANN,sift1b,561,81.306629
b_gustann_sift1b_mb48,,GustANN,sift1b,562,92.322365
b_gustann_sift1b_mb48,,GustANN,sift1b,563,100.000000
b_gustann_sift1b_mb48,,GustANN,sift1b,564,100.000000
b_gustann_sift1b_mb48,,GustANN,sift1b,565,95.398188
b_gustann_sift1b_mb48,,GustANN,sift1b,566,100.000000
b_gustann_sift1b_mb48,,GustANN,sift1b,567,100.000000
b_gustann_sift1b_mb48,,GustANN,sift1b,568,100.000000
b_gustann_sift1b_mb48,,GustANN,sift1b,569,100.000000
b_gustann_sift1b_mb48,,GustANN,sift1b,570,100.000000
b_gustann_sift1b_mb48,,GustANN,sift1b,571,100.000000
b_gustann_sift1b_mb48,,GustANN,sift1b,572,100.000000
b_gustann_sift1b_mb48,,GustANN,sift1b,573,100.000000
b_gustann_sift1b_mb48,,GustANN,sift1b,574,100.000000
b_gustann_sift1b_mb48,,GustANN,sift1b,575,100.000000
b_gustann_sift1b_mb48,,GustANN,sift1b,576,100.000000
b_gustann_sift1b_mb48,,GustANN,sift1b,577,100.000000
b_gustann_sift1b_mb48,,GustANN,sift1b,578,100.000000
b_gustann_sift1b_mb48,,GustANN,sift1b,579,100.000000
b_gustann_sift1b_mb48,,GustANN,sift1b,580,100.000000
b_gustann_sift1b_mb48,,GustANN,sift1b,581,100.000000
b_gustann_sift1b_mb48,,GustANN,sift1b,582,100.000000
b_gustann_sift1b_mb48,,GustANN,sift1b,583,100.000000
b_gustann_sift1b_mb48,,GustANN,sift1b,584,100.000000
b_gustann_sift1b_mb48,,GustANN,sift1b,585,100.000000
b_gustann_sift1b_mb48,,GustANN,sift1b,586,100.000000
b_gustann_sift1b_mb48,,GustANN,sift1b,587,100.000000
b_gustann_sift1b_mb48,,GustANN,sift1b,588,100.000000
b_gustann_sift1b_mb48,,GustANN,sift1b,589,100.000000
b_gustann_sift1b_mb48,,GustANN,sift1b,590,100.000000
b_gustann_sift1b_mb48,,GustANN,sift1b,591,100.000000
b_gustann_sift1b_mb48,,GustANN,sift1b,592,100.000000
b_gustann_sift1b_mb48,,GustANN,sift1b,593,100.000000
b_gustann_sift1b_mb48,,GustANN,sift1b,594,100.000000
b_gustann_sift1b_mb48,,GustANN,sift1b,595,100.000000
b_gustann_sift1b_mb48,,GustANN,sift1b,596,100.000000
b_gustann_sift1b_mb48,,GustANN,sift1b,597,100.000000
b_gustann_sift1b_mb48,,GustANN,sift1b,598,100.000000
b_gustann_sift1b_mb48,,GustANN,sift1b,599,100.000000
b_gustann_sift1b_mb48,,GustANN,sift1b,600,100.000000
b_gustann_sift1b_mb48,,GustANN,sift1b,601,100.000000
b_gustann_sift1b_mb48,,GustANN,sift1b,602,100.000000
b_gustann_sift1b_mb48,,GustANN,sift1b,603,100.000000
b_gustann_sift1b_mb48,,GustANN,sift1b,604,100.000000
b_gustann_sift1b_mb48,,GustANN,sift1b,605,100.000000
b_gustann_sift1b_mb48,,GustANN,sift1b,606,100.000000
b_gustann_sift1b_mb48,,GustANN,sift1b,607,100.000000
b_gustann_sift1b_mb48,,GustANN,sift1b,608,100.000000
b_gustann_sift1b_mb48,,GustANN,sift1b,609,100.000000
b_gustann_sift1b_mb48,,GustANN,sift1b,610,100.000000
b_gustann_sift1b_mb48,,GustANN,sift1b,611,100.000000
b_gustann_sift1b_mb48,,GustANN,sift1b,612,100.000000
b_gustann_sift1b_mb48,,GustANN,sift1b,613,100.000000
b_gustann_sift1b_mb48,,GustANN,sift1b,614,100.000000
b_gustann_sift1b_mb48,,GustANN,sift1b,615,100.000000
b_gustann_sift1b_mb48,,GustANN,sift1b,616,99.022413
b_gustann_sift1b_mb48,,GustANN,sift1b,617,100.000000
b_gustann_sift1b_mb48,,GustANN,sift1b,618,100.000000
b_gustann_sift1b_mb48,,GustANN,sift1b,619,100.000000
b_gustann_sift1b_mb48,,GustANN,sift1b,620,100.000000
b_gustann_sift1b_mb48,,GustANN,sift1b,621,97.925608
b_gustann_sift1b_mb48,,GustANN,sift1b,622,98.927039
b_gustann_sift1b_mb48,,GustANN,sift1b,623,100.000000
b_gustann_sift1b_mb48,,GustANN,sift1b,624,92.608488
b_gustann_sift1b_mb48,,GustANN,sift1b,625,100.000000
b_gustann_sift1b_mb48,,GustANN,sift1b,626,93.299952
b_gustann_sift1b_mb48,,GustANN,sift1b,627,100.000000
b_gustann_sift1b_mb48,,GustANN,sift1b,628,100.000000
b_gustann_sift1b_mb48,,GustANN,sift1b,629,100.000000
b_gustann_sift1b_mb48,,GustANN,sift1b,630,100.000000
b_gustann_sift1b_mb48,,GustANN,sift1b,631,100.000000
b_gustann_sift1b_mb48,,GustANN,sift1b,632,100.000000
b_gustann_sift1b_mb48,,GustANN,sift1b,633,100.000000
b_gustann_sift1b_mb48,,GustANN,sift1b,634,100.000000
b_gustann_sift1b_mb48,,GustANN,sift1b,635,100.000000
b_gustann_sift1b_mb48,,GustANN,sift1b,636,100.000000
b_gustann_sift1b_mb48,,GustANN,sift1b,637,100.000000
b_gustann_sift1b_mb48,,GustANN,sift1b,638,100.000000
b_gustann_sift1b_mb48,,GustANN,sift1b,639,100.000000
b_gustann_sift1b_mb48,,GustANN,sift1b,640,100.000000
b_gustann_sift1b_mb48,,GustANN,sift1b,641,100.000000
b_gustann_sift1b_mb48,,GustANN,sift1b,642,100.000000
b_gustann_sift1b_mb48,,GustANN,sift1b,643,100.000000
b_gustann_sift1b_mb48,,GustANN,sift1b,644,86.790653
b_gustann_sift1b_mb48,,GustANN,sift1b,645,100.000000
b_gustann_sift1b_mb48,,GustANN,sift1b,646,100.000000
b_gustann_sift1b_mb48,,GustANN,sift1b,647,99.904626
b_gustann_sift1b_mb48,,GustANN,sift1b,648,82.021936
b_gustann_sift1b_mb48,,GustANN,sift1b,649,100.000000
b_gustann_sift1b_mb48,,GustANN,sift1b,650,100.000000
b_gustann_sift1b_mb48,,GustANN,sift1b,651,100.000000
b_gustann_sift1b_mb48,,GustANN,sift1b,652,100.000000
b_gustann_sift1b_mb48,,GustANN,sift1b,653,100.000000
b_gustann_sift1b_mb48,,GustANN,sift1b,654,100.000000
b_gustann_sift1b_mb48,,GustANN,sift1b,655,100.000000
b_gustann_sift1b_mb48,,GustANN,sift1b,656,100.000000
b_gustann_sift1b_mb48,,GustANN,sift1b,657,100.000000
b_gustann_sift1b_mb48,,GustANN,sift1b,658,100.000000
b_gustann_sift1b_mb48,,GustANN,sift1b,659,100.000000
b_gustann_sift1b_mb48,,GustANN,sift1b,660,100.000000
b_gustann_sift1b_mb48,,GustANN,sift1b,661,100.000000
b_gustann_sift1b_mb48,,GustANN,sift1b,662,100.000000
b_gustann_sift1b_mb48,,GustANN,sift1b,663,100.000000
b_gustann_sift1b_mb48,,GustANN,sift1b,664,100.000000
b_gustann_sift1b_mb48,,GustANN,sift1b,665,100.000000
b_gustann_sift1b_mb48,,GustANN,sift1b,666,100.000000
b_gustann_sift1b_mb48,,GustANN,sift1b,667,99.403910
b_gustann_sift1b_mb48,,GustANN,sift1b,668,100.000000
b_gustann_sift1b_mb48,,GustANN,sift1b,669,100.000000
b_gustann_sift1b_mb48,,GustANN,sift1b,670,98.712446
b_gustann_sift1b_mb48,,GustANN,sift1b,671,100.000000
b_gustann_sift1b_mb48,,GustANN,sift1b,672,100.000000
b_gustann_sift1b_mb48,,GustANN,sift1b,673,100.000000
b_gustann_sift1b_mb48,,GustANN,sift1b,674,100.000000
b_gustann_sift1b_mb48,,GustANN,sift1b,675,100.000000
b_gustann_sift1b_mb48,,GustANN,sift1b,676,100.000000
b_gustann_sift1b_mb48,,GustANN,sift1b,677,100.000000
b_gustann_sift1b_mb48,,GustANN,sift1b,678,100.000000
b_gustann_sift1b_mb48,,GustANN,sift1b,679,100.000000
b_gustann_sift1b_mb48,,GustANN,sift1b,680,100.000000
b_gustann_sift1b_mb48,,GustANN,sift1b,681,95.016691
b_gustann_sift1b_mb48,,GustANN,sift1b,682,100.000000
b_gustann_sift1b_mb48,,GustANN,sift1b,683,100.000000
b_gustann_sift1b_mb48,,GustANN,sift1b,684,100.000000
b_gustann_sift1b_mb48,,GustANN,sift1b,685,100.000000
b_gustann_sift1b_mb48,,GustANN,sift1b,686,100.000000
b_gustann_sift1b_mb48,,GustANN,sift1b,687,100.000000
b_gustann_sift1b_mb48,,GustANN,sift1b,688,100.000000
b_gustann_sift1b_mb48,,GustANN,sift1b,689,100.000000
b_gustann_sift1b_mb48,,GustANN,sift1b,690,100.000000
b_gustann_sift1b_mb48,,GustANN,sift1b,691,100.000000
b_gustann_sift1b_mb48,,GustANN,sift1b,692,100.000000
b_gustann_sift1b_mb48,,GustANN,sift1b,693,100.000000
b_gustann_sift1b_mb48,,GustANN,sift1b,694,100.000000
b_gustann_sift1b_mb48,,GustANN,sift1b,695,100.000000
b_gustann_sift1b_mb48,,GustANN,sift1b,696,100.000000
b_gustann_sift1b_mb48,,GustANN,sift1b,697,100.000000
b_gustann_sift1b_mb48,,GustANN,sift1b,698,100.000000
b_gustann_sift1b_mb48,,GustANN,sift1b,699,96.304244
b_gustann_sift1b_mb48,,GustANN,sift1b,700,100.000000
b_gustann_sift1b_mb48,,GustANN,sift1b,701,100.000000
b_gustann_sift1b_mb48,,GustANN,sift1b,702,100.000000
b_gustann_sift1b_mb48,,GustANN,sift1b,703,100.000000
b_gustann_sift1b_mb48,,GustANN,sift1b,704,100.000000
b_gustann_sift1b_mb48,,GustANN,sift1b,705,100.000000
b_gustann_sift1b_mb48,,GustANN,sift1b,706,100.000000
b_gustann_sift1b_mb48,,GustANN,sift1b,707,100.000000
b_gustann_sift1b_mb48,,GustANN,sift1b,708,100.000000
b_gustann_sift1b_mb48,,GustANN,sift1b,709,100.000000
b_gustann_sift1b_mb48,,GustANN,sift1b,710,100.000000
b_gustann_sift1b_mb48,,GustANN,sift1b,711,100.000000
b_gustann_sift1b_mb48,,GustANN,sift1b,712,95.588937
b_gustann_sift1b_mb48,,GustANN,sift1b,713,100.000000
b_gustann_sift1b_mb48,,GustANN,sift1b,714,100.000000
b_gustann_sift1b_mb48,,GustANN,sift1b,715,88.006676
b_gustann_sift1b_mb48,,GustANN,sift1b,716,100.000000
b_gustann_sift1b_mb48,,GustANN,sift1b,717,100.000000
b_gustann_sift1b_mb48,,GustANN,sift1b,718,100.000000
b_gustann_sift1b_mb48,,GustANN,sift1b,719,100.000000
b_gustann_sift1b_mb48,,GustANN,sift1b,720,100.000000
b_gustann_sift1b_mb48,,GustANN,sift1b,721,100.000000
b_gustann_sift1b_mb48,,GustANN,sift1b,722,100.000000
b_gustann_sift1b_mb48,,GustANN,sift1b,723,100.000000
b_gustann_sift1b_mb48,,GustANN,sift1b,724,85.407725
b_gustann_sift1b_mb48,,GustANN,sift1b,725,100.000000
b_gustann_sift1b_mb48,,GustANN,sift1b,726,100.000000
b_gustann_sift1b_mb48,,GustANN,sift1b,727,100.000000
b_gustann_sift1b_mb48,,GustANN,sift1b,728,100.000000
b_gustann_sift1b_mb48,,GustANN,sift1b,729,100.000000
b_gustann_sift1b_mb48,,GustANN,sift1b,730,100.000000
b_gustann_sift1b_mb48,,GustANN,sift1b,731,100.000000
b_gustann_sift1b_mb48,,GustANN,sift1b,732,100.000000
b_gustann_sift1b_mb48,,GustANN,sift1b,733,100.000000
b_gustann_sift1b_mb48,,GustANN,sift1b,734,100.000000
b_gustann_sift1b_mb48,,GustANN,sift1b,735,100.000000
b_gustann_sift1b_mb48,,GustANN,sift1b,736,100.000000
b_gustann_sift1b_mb48,,GustANN,sift1b,737,100.000000
b_gustann_sift1b_mb48,,GustANN,sift1b,738,100.000000
b_gustann_sift1b_mb48,,GustANN,sift1b,739,100.000000
b_gustann_sift1b_mb48,,GustANN,sift1b,740,100.000000
b_gustann_sift1b_mb48,,GustANN,sift1b,741,100.000000
b_gustann_sift1b_mb48,,GustANN,sift1b,742,100.000000
b_gustann_sift1b_mb48,,GustANN,sift1b,743,100.000000
b_gustann_sift1b_mb48,,GustANN,sift1b,744,100.000000
b_gustann_sift1b_mb48,,GustANN,sift1b,745,100.000000
b_gustann_sift1b_mb48,,GustANN,sift1b,746,100.000000
b_gustann_sift1b_mb48,,GustANN,sift1b,747,100.000000
b_gustann_sift1b_mb48,,GustANN,sift1b,748,100.000000
b_gustann_sift1b_mb48,,GustANN,sift1b,749,100.000000
b_gustann_sift1b_mb48,,GustANN,sift1b,750,100.000000
b_gustann_sift1b_mb48,,GustANN,sift1b,751,100.000000
b_gustann_sift1b_mb48,,GustANN,sift1b,752,100.000000
b_gustann_sift1b_mb48,,GustANN,sift1b,753,100.000000
b_gustann_sift1b_mb48,,GustANN,sift1b,754,93.204578
b_gustann_sift1b_mb48,,GustANN,sift1b,755,100.000000
b_gustann_sift1b_mb48,,GustANN,sift1b,756,100.000000
b_gustann_sift1b_mb48,,GustANN,sift1b,757,100.000000
b_gustann_sift1b_mb48,,GustANN,sift1b,758,100.000000
b_gustann_sift1b_mb48,,GustANN,sift1b,759,100.000000
b_gustann_sift1b_mb48,,GustANN,sift1b,760,100.000000
b_gustann_sift1b_mb48,,GustANN,sift1b,761,100.000000
b_gustann_sift1b_mb48,,GustANN,sift1b,762,100.000000
b_gustann_sift1b_mb48,,GustANN,sift1b,763,100.000000
b_gustann_sift1b_mb48,,GustANN,sift1b,764,100.000000
b_gustann_sift1b_mb48,,GustANN,sift1b,765,100.000000
b_gustann_sift1b_mb48,,GustANN,sift1b,766,100.000000
b_gustann_sift1b_mb48,,GustANN,sift1b,767,100.000000
b_gustann_sift1b_mb48,,GustANN,sift1b,768,100.000000
b_gustann_sift1b_mb48,,GustANN,sift1b,769,100.000000
b_gustann_sift1b_mb48,,GustANN,sift1b,770,100.000000
b_gustann_sift1b_mb48,,GustANN,sift1b,771,100.000000
b_gustann_sift1b_mb48,,GustANN,sift1b,772,100.000000
b_gustann_sift1b_mb48,,GustANN,sift1b,773,100.000000
b_gustann_sift1b_mb48,,GustANN,sift1b,774,100.000000
b_gustann_sift1b_mb48,,GustANN,sift1b,775,96.113495
b_gustann_sift1b_mb48,,GustANN,sift1b,776,100.000000
b_gustann_sift1b_mb48,,GustANN,sift1b,777,100.000000
b_gustann_sift1b_mb48,,GustANN,sift1b,778,100.000000
b_gustann_sift1b_mb48,,GustANN,sift1b,779,100.000000
b_gustann_sift1b_mb48,,GustANN,sift1b,780,100.000000
b_gustann_sift1b_mb48,,GustANN,sift1b,781,100.000000
b_gustann_sift1b_mb48,,GustANN,sift1b,782,100.000000
b_gustann_sift1b_mb48,,GustANN,sift1b,783,100.000000
b_gustann_sift1b_mb48,,GustANN,sift1b,784,100.000000
b_gustann_sift1b_mb48,,GustANN,sift1b,785,100.000000
b_gustann_sift1b_mb48,,GustANN,sift1b,786,100.000000
b_gustann_sift1b_mb48,,GustANN,sift1b,787,100.000000
b_gustann_sift1b_mb48,,GustANN,sift1b,788,100.000000
b_gustann_sift1b_mb48,,GustANN,sift1b,789,85.908441
b_gustann_sift1b_mb48,,GustANN,sift1b,790,100.000000
b_gustann_sift1b_mb48,,GustANN,sift1b,791,100.000000
b_gustann_sift1b_mb48,,GustANN,sift1b,792,100.000000
b_gustann_sift1b_mb48,,GustANN,sift1b,793,100.000000
b_gustann_sift1b_mb48,,GustANN,sift1b,794,100.000000
b_gustann_sift1b_mb48,,GustANN,sift1b,795,100.000000
b_gustann_sift1b_mb48,,GustANN,sift1b,796,100.000000
b_gustann_sift1b_mb48,,GustANN,sift1b,797,100.000000
b_gustann_sift1b_mb48,,GustANN,sift1b,798,100.000000
b_gustann_sift1b_mb48,,GustANN,sift1b,799,100.000000
b_gustann_sift1b_mb48,,GustANN,sift1b,800,100.000000
b_gustann_sift1b_mb48,,GustANN,sift1b,801,84.215546
b_gustann_sift1b_mb48,,GustANN,sift1b,802,100.000000
b_gustann_sift1b_mb48,,GustANN,sift1b,803,100.000000
b_gustann_sift1b_mb48,,GustANN,sift1b,804,100.000000
b_gustann_sift1b_mb48,,GustANN,sift1b,805,100.000000
b_gustann_sift1b_mb48,,GustANN,sift1b,806,100.000000
b_gustann_sift1b_mb48,,GustANN,sift1b,807,100.000000
b_gustann_sift1b_mb48,,GustANN,sift1b,808,100.000000
b_gustann_sift1b_mb48,,GustANN,sift1b,809,100.000000
b_gustann_sift1b_mb48,,GustANN,sift1b,810,100.000000
b_gustann_sift1b_mb48,,GustANN,sift1b,811,80.615165
b_gustann_sift1b_mb48,,GustANN,sift1b,812,95.207439
b_gustann_sift1b_mb48,,GustANN,sift1b,813,100.000000
b_gustann_sift1b_mb48,,GustANN,sift1b,814,100.000000
b_gustann_sift1b_mb48,,GustANN,sift1b,815,100.000000
b_gustann_sift1b_mb48,,GustANN,sift1b,816,100.000000
b_gustann_sift1b_mb48,,GustANN,sift1b,817,100.000000
b_gustann_sift1b_mb48,,GustANN,sift1b,818,100.000000
b_gustann_sift1b_mb48,,GustANN,sift1b,819,100.000000
b_gustann_sift1b_mb48,,GustANN,sift1b,820,72.198379
b_gustann_sift1b_mb48,,GustANN,sift1b,821,92.393896
b_gustann_sift1b_mb48,,GustANN,sift1b,822,100.000000
b_gustann_sift1b_mb48,,GustANN,sift1b,823,100.000000
b_gustann_sift1b_mb48,,GustANN,sift1b,824,100.000000
b_gustann_sift1b_mb48,,GustANN,sift1b,825,93.800668
b_gustann_sift1b_mb48,,GustANN,sift1b,826,100.000000
b_gustann_sift1b_mb48,,GustANN,sift1b,827,100.000000
b_gustann_sift1b_mb48,,GustANN,sift1b,828,100.000000
b_gustann_sift1b_mb48,,GustANN,sift1b,829,100.000000
b_gustann_sift1b_mb48,,GustANN,sift1b,830,100.000000
b_gustann_sift1b_mb48,,GustANN,sift1b,831,99.523128
b_gustann_sift1b_mb48,,GustANN,sift1b,832,100.000000
b_gustann_sift1b_mb48,,GustANN,sift1b,833,97.711016
b_gustann_sift1b_mb48,,GustANN,sift1b,834,100.000000
b_gustann_sift1b_mb48,,GustANN,sift1b,835,100.000000
b_gustann_sift1b_mb48,,GustANN,sift1b,836,100.000000
b_gustann_sift1b_mb48,,GustANN,sift1b,837,100.000000
b_gustann_sift1b_mb48,,GustANN,sift1b,838,100.000000
b_gustann_sift1b_mb48,,GustANN,sift1b,839,100.000000
b_gustann_sift1b_mb48,,GustANN,sift1b,840,100.000000
b_gustann_sift1b_mb48,,GustANN,sift1b,841,100.000000
b_gustann_sift1b_mb48,,GustANN,sift1b,842,100.000000
b_gustann_sift1b_mb48,,GustANN,sift1b,843,100.000000
b_gustann_sift1b_mb48,,GustANN,sift1b,844,100.000000
b_gustann_sift1b_mb48,,GustANN,sift1b,845,100.000000
b_gustann_sift1b_mb48,,GustANN,sift1b,846,90.224130
b_gustann_sift1b_mb48,,GustANN,sift1b,847,100.000000
b_gustann_sift1b_mb48,,GustANN,sift1b,848,100.000000
b_gustann_sift1b_mb48,,GustANN,sift1b,849,94.992847
b_gustann_sift1b_mb48,,GustANN,sift1b,850,100.000000
b_gustann_sift1b_mb48,,GustANN,sift1b,851,100.000000
b_gustann_sift1b_mb48,,GustANN,sift1b,852,98.426323
b_gustann_sift1b_mb48,,GustANN,sift1b,853,100.000000
b_gustann_sift1b_mb48,,GustANN,sift1b,854,100.000000
b_gustann_sift1b_mb48,,GustANN,sift1b,855,100.000000
b_gustann_sift1b_mb48,,GustANN,sift1b,856,100.000000
b_gustann_sift1b_mb48,,GustANN,sift1b,857,100.000000
b_gustann_sift1b_mb48,,GustANN,sift1b,858,100.000000
b_gustann_sift1b_mb48,,GustANN,sift1b,859,100.000000
b_gustann_sift1b_mb48,,GustANN,sift1b,860,100.000000
b_gustann_sift1b_mb48,,GustANN,sift1b,861,100.000000
b_gustann_sift1b_mb48,,GustANN,sift1b,862,100.000000
b_gustann_sift1b_mb48,,GustANN,sift1b,863,100.000000
b_gustann_sift1b_mb48,,GustANN,sift1b,864,100.000000
b_gustann_sift1b_mb48,,GustANN,sift1b,865,100.000000
b_gustann_sift1b_mb48,,GustANN,sift1b,866,100.000000
b_gustann_sift1b_mb48,,GustANN,sift1b,867,100.000000
b_gustann_sift1b_mb48,,GustANN,sift1b,868,100.000000
b_gustann_sift1b_mb48,,GustANN,sift1b,869,100.000000
b_gustann_sift1b_mb48,,GustANN,sift1b,870,100.000000
b_gustann_sift1b_mb48,,GustANN,sift1b,871,100.000000
b_gustann_sift1b_mb48,,GustANN,sift1b,872,100.000000
b_gustann_sift1b_mb48,,GustANN,sift1b,873,100.000000
b_gustann_sift1b_mb48,,GustANN,sift1b,874,100.000000
b_gustann_sift1b_mb48,,GustANN,sift1b,875,100.000000
b_gustann_sift1b_mb48,,GustANN,sift1b,876,100.000000
b_gustann_sift1b_mb48,,GustANN,sift1b,877,100.000000
b_gustann_sift1b_mb48,,GustANN,sift1b,878,100.000000
b_gustann_sift1b_mb48,,GustANN,sift1b,879,100.000000
b_gustann_sift1b_mb48,,GustANN,sift1b,880,100.000000
b_gustann_sift1b_mb48,,GustANN,sift1b,881,100.000000
b_gustann_sift1b_mb48,,GustANN,sift1b,882,100.000000
b_gustann_sift1b_mb48,,GustANN,sift1b,883,100.000000
b_gustann_sift1b_mb48,,GustANN,sift1b,884,100.000000
b_gustann_sift1b_mb48,,GustANN,sift1b,885,97.210300
b_gustann_sift1b_mb48,,GustANN,sift1b,886,100.000000
b_gustann_sift1b_mb48,,GustANN,sift1b,887,100.000000
b_gustann_sift1b_mb48,,GustANN,sift1b,888,100.000000
b_gustann_sift1b_mb48,,GustANN,sift1b,889,100.000000
b_gustann_sift1b_mb48,,GustANN,sift1b,890,100.000000
b_gustann_sift1b_mb48,,GustANN,sift1b,891,100.000000
b_gustann_sift1b_mb48,,GustANN,sift1b,892,87.792084
b_gustann_sift1b_mb48,,GustANN,sift1b,893,100.000000
b_gustann_sift1b_mb48,,GustANN,sift1b,894,100.000000
b_gustann_sift1b_mb48,,GustANN,sift1b,895,100.000000
b_gustann_sift1b_mb48,,GustANN,sift1b,896,100.000000
b_gustann_sift1b_mb48,,GustANN,sift1b,897,100.000000
b_gustann_sift1b_mb48,,GustANN,sift1b,898,100.000000
b_gustann_sift1b_mb48,,GustANN,sift1b,899,100.000000
b_gustann_sift1b_mb48,,GustANN,sift1b,900,100.000000
b_gustann_sift1b_mb48,,GustANN,sift1b,901,100.000000
b_gustann_sift1b_mb48,,GustANN,sift1b,902,100.000000
b_gustann_sift1b_mb48,,GustANN,sift1b,903,100.000000
b_gustann_sift1b_mb48,,GustANN,sift1b,904,100.000000
b_gustann_sift1b_mb48,,GustANN,sift1b,905,100.000000
b_gustann_sift1b_mb48,,GustANN,sift1b,906,100.000000
b_gustann_sift1b_mb48,,GustANN,sift1b,907,100.000000
b_gustann_sift1b_mb48,,GustANN,sift1b,908,100.000000
b_gustann_sift1b_mb48,,GustANN,sift1b,909,100.000000
b_gustann_sift1b_mb48,,GustANN,sift1b,910,100.000000
b_gustann_sift1b_mb48,,GustANN,sift1b,911,98.020982
b_gustann_sift1b_mb48,,GustANN,sift1b,912,100.000000
b_gustann_sift1b_mb48,,GustANN,sift1b,913,100.000000
b_gustann_sift1b_mb48,,GustANN,sift1b,914,100.000000
b_gustann_sift1b_mb48,,GustANN,sift1b,915,100.000000
b_gustann_sift1b_mb48,,GustANN,sift1b,916,100.000000
b_gustann_sift1b_mb48,,GustANN,sift1b,917,100.000000
b_gustann_sift1b_mb48,,GustANN,sift1b,918,100.000000
b_gustann_sift1b_mb48,,GustANN,sift1b,919,100.000000
b_gustann_sift1b_mb48,,GustANN,sift1b,920,100.000000
b_gustann_sift1b_mb48,,GustANN,sift1b,921,100.000000
b_gustann_sift1b_mb48,,GustANN,sift1b,922,100.000000
b_gustann_sift1b_mb48,,GustANN,sift1b,923,100.000000
b_gustann_sift1b_mb48,,GustANN,sift1b,924,100.000000
b_gustann_sift1b_mb48,,GustANN,sift1b,925,100.000000
b_gustann_sift1b_mb48,,GustANN,sift1b,926,100.000000
b_gustann_sift1b_mb48,,GustANN,sift1b,927,100.000000
b_gustann_sift1b_mb48,,GustANN,sift1b,928,100.000000
b_gustann_sift1b_mb48,,GustANN,sift1b,929,100.000000
b_gustann_sift1b_mb48,,GustANN,sift1b,930,100.000000
b_gustann_sift1b_mb48,,GustANN,sift1b,931,94.802098
b_gustann_sift1b_mb48,,GustANN,sift1b,932,100.000000
b_gustann_sift1b_mb48,,GustANN,sift1b,933,100.000000
b_gustann_sift1b_mb48,,GustANN,sift1b,934,98.307105
b_gustann_sift1b_mb48,,GustANN,sift1b,935,100.000000
b_gustann_sift1b_mb48,,GustANN,sift1b,936,100.000000
b_gustann_sift1b_mb48,,GustANN,sift1b,937,100.000000
b_gustann_sift1b_mb48,,GustANN,sift1b,938,100.000000
b_gustann_sift1b_mb48,,GustANN,sift1b,939,100.000000
b_gustann_sift1b_mb48,,GustANN,sift1b,940,100.000000
b_gustann_sift1b_mb48,,GustANN,sift1b,941,100.000000
b_gustann_sift1b_mb48,,GustANN,sift1b,942,100.000000
b_gustann_sift1b_mb48,,GustANN,sift1b,943,100.000000
b_gustann_sift1b_mb48,,GustANN,sift1b,944,100.000000
b_gustann_sift1b_mb48,,GustANN,sift1b,945,100.000000
b_gustann_sift1b_mb48,,GustANN,sift1b,946,100.000000
b_gustann_sift1b_mb48,,GustANN,sift1b,947,100.000000
b_gustann_sift1b_mb48,,GustANN,sift1b,948,100.000000
b_gustann_sift1b_mb48,,GustANN,sift1b,949,100.000000
b_gustann_sift1b_mb48,,GustANN,sift1b,950,100.000000
b_gustann_sift1b_mb48,,GustANN,sift1b,951,100.000000
b_gustann_sift1b_mb48,,GustANN,sift1b,952,100.000000
b_gustann_sift1b_mb48,,GustANN,sift1b,953,100.000000
b_gustann_sift1b_mb48,,GustANN,sift1b,954,100.000000
b_gustann_sift1b_mb48,,GustANN,sift1b,955,100.000000
b_gustann_sift1b_mb48,,GustANN,sift1b,956,100.000000
b_gustann_sift1b_mb48,,GustANN,sift1b,957,99.189318
b_gustann_sift1b_mb48,,GustANN,sift1b,958,100.000000
b_gustann_sift1b_mb48,,GustANN,sift1b,959,100.000000
b_gustann_sift1b_mb48,,GustANN,sift1b,960,100.000000
b_gustann_sift1b_mb48,,GustANN,sift1b,961,100.000000
b_gustann_sift1b_mb48,,GustANN,sift1b,962,100.000000
b_gustann_sift1b_mb48,,GustANN,sift1b,963,100.000000
b_gustann_sift1b_mb48,,GustANN,sift1b,964,100.000000
b_gustann_sift1b_mb48,,GustANN,sift1b,965,100.000000
b_gustann_sift1b_mb48,,GustANN,sift1b,966,100.000000
b_gustann_sift1b_mb48,,GustANN,sift1b,967,100.000000
b_gustann_sift1b_mb48,,GustANN,sift1b,968,100.000000
b_gustann_sift1b_mb48,,GustANN,sift1b,969,100.000000
b_gustann_sift1b_mb48,,GustANN,sift1b,970,100.000000
b_gustann_sift1b_mb48,,GustANN,sift1b,971,100.000000
b_gustann_sift1b_mb48,,GustANN,sift1b,972,100.000000
b_gustann_sift1b_mb48,,GustANN,sift1b,973,100.000000
b_gustann_sift1b_mb48,,GustANN,sift1b,974,100.000000
b_gustann_sift1b_mb48,,GustANN,sift1b,975,100.000000
b_gustann_sift1b_mb48,,GustANN,sift1b,976,100.000000
b_gustann_sift1b_mb48,,GustANN,sift1b,977,98.211731
b_gustann_sift1b_mb48,,GustANN,sift1b,978,100.000000
b_gustann_sift1b_mb48,,GustANN,sift1b,979,100.000000
b_gustann_sift1b_mb48,,GustANN,sift1b,980,100.000000
b_gustann_sift1b_mb48,,GustANN,sift1b,981,100.000000
b_gustann_sift1b_mb48,,GustANN,sift1b,982,100.000000
b_gustann_sift1b_mb48,,GustANN,sift1b,983,100.000000
b_gustann_sift1b_mb48,,GustANN,sift1b,984,100.000000
b_gustann_sift1b_mb48,,GustANN,sift1b,985,100.000000
b_gustann_sift1b_mb48,,GustANN,sift1b,986,100.000000
b_gustann_sift1b_mb48,,GustANN,sift1b,987,100.000000
b_gustann_sift1b_mb48,,GustANN,sift1b,988,92.799237
b_gustann_sift1b_mb48,,GustANN,sift1b,989,100.000000
b_gustann_sift1b_mb48,,GustANN,sift1b,990,100.000000
b_gustann_sift1b_mb48,,GustANN,sift1b,991,100.000000
b_gustann_sift1b_mb48,,GustANN,sift1b,992,100.000000
b_gustann_sift1b_mb48,,GustANN,sift1b,993,100.000000
b_gustann_sift1b_mb48,,GustANN,sift1b,994,100.000000
b_gustann_sift1b_mb48,,GustANN,sift1b,995,100.000000
b_gustann_sift1b_mb48,,GustANN,sift1b,996,100.000000
b_gustann_sift1b_mb48,,GustANN,sift1b,997,100.000000
b_gustann_sift1b_mb48,,GustANN,sift1b,998,100.000000
b_gustann_sift1b_mb48,,GustANN,sift1b,999,100.000000
b_gustann_sift1b_mb48,,GustANN,sift1b,1000,100.000000
b_gustann_sift1b_mb48,,GustANN,sift1b,1001,97.019552
b_gustann_sift1b_mb48,,GustANN,sift1b,1002,99.523128
b_gustann_sift1b_mb48,,GustANN,sift1b,1003,100.000000
b_gustann_sift1b_mb48,,GustANN,sift1b,1004,100.000000
b_gustann_sift1b_mb48,,GustANN,sift1b,1005,100.000000
b_gustann_sift1b_mb48,,GustANN,sift1b,1006,100.000000
b_gustann_sift1b_mb48,,GustANN,sift1b,1007,100.000000
b_gustann_sift1b_mb48,,GustANN,sift1b,1008,100.000000
b_gustann_sift1b_mb48,,GustANN,sift1b,1009,100.000000
b_gustann_sift1b_mb48,,GustANN,sift1b,1010,100.000000
b_gustann_sift1b_mb48,,GustANN,sift1b,1011,93.896042
b_gustann_sift1b_mb48,,GustANN,sift1b,1012,100.000000
b_gustann_sift1b_mb48,,GustANN,sift1b,1013,100.000000
b_gustann_sift1b_mb48,,GustANN,sift1b,1014,100.000000
b_gustann_sift1b_mb48,,GustANN,sift1b,1015,100.000000
b_gustann_sift1b_mb48,,GustANN,sift1b,1016,100.000000
b_gustann_sift1b_mb48,,GustANN,sift1b,1017,100.000000
b_gustann_sift1b_mb48,,GustANN,sift1b,1018,100.000000
b_gustann_sift1b_mb48,,GustANN,sift1b,1019,100.000000
b_gustann_sift1b_mb48,,GustANN,sift1b,1020,100.000000
b_gustann_sift1b_mb48,,GustANN,sift1b,1021,100.000000
b_gustann_sift1b_mb48,,GustANN,sift1b,1022,100.000000
b_gustann_sift1b_mb48,,GustANN,sift1b,1023,100.000000
b_gustann_sift1b_mb48,,GustANN,sift1b,1024,100.000000
b_gustann_sift1b_mb48,,GustANN,sift1b,1025,100.000000
b_gustann_sift1b_mb48,,GustANN,sift1b,1026,100.000000
b_gustann_sift1b_mb48,,GustANN,sift1b,1027,100.000000
b_gustann_sift1b_mb48,,GustANN,sift1b,1028,100.000000
b_gustann_sift1b_mb48,,GustANN,sift1b,1029,100.000000
b_gustann_sift1b_mb48,,GustANN,sift1b,1030,100.000000
b_gustann_sift1b_mb48,,GustANN,sift1b,1031,100.000000
b_gustann_sift1b_mb48,,GustANN,sift1b,1032,100.000000
b_gustann_sift1b_mb48,,GustANN,sift1b,1033,100.000000
b_gustann_sift1b_mb48,,GustANN,sift1b,1034,100.000000
b_gustann_sift1b_mb48,,GustANN,sift1b,1035,100.000000
b_gustann_sift1b_mb48,,GustANN,sift1b,1036,100.000000
b_gustann_sift1b_mb48,,GustANN,sift1b,1037,100.000000
b_gustann_sift1b_mb48,,GustANN,sift1b,1038,100.000000
b_gustann_sift1b_mb48,,GustANN,sift1b,1039,100.000000
b_gustann_sift1b_mb48,,GustANN,sift1b,1040,100.000000
b_gustann_sift1b_mb48,,GustANN,sift1b,1041,94.492132
b_gustann_sift1b_mb48,,GustANN,sift1b,1042,100.000000
b_gustann_sift1b_mb48,,GustANN,sift1b,1043,100.000000
b_gustann_sift1b_mb48,,GustANN,sift1b,1044,100.000000
b_gustann_sift1b_mb48,,GustANN,sift1b,1045,100.000000
b_gustann_sift1b_mb48,,GustANN,sift1b,1046,100.000000
b_gustann_sift1b_mb48,,GustANN,sift1b,1047,100.000000
b_gustann_sift1b_mb48,,GustANN,sift1b,1048,100.000000
b_gustann_sift1b_mb48,,GustANN,sift1b,1049,100.000000
b_gustann_sift1b_mb48,,GustANN,sift1b,1050,100.000000
b_gustann_sift1b_mb48,,GustANN,sift1b,1051,100.000000
b_gustann_sift1b_mb48,,GustANN,sift1b,1052,100.000000
b_gustann_sift1b_mb48,,GustANN,sift1b,1053,100.000000
b_gustann_sift1b_mb48,,GustANN,sift1b,1054,100.000000
b_gustann_sift1b_mb48,,GustANN,sift1b,1055,100.000000
b_gustann_sift1b_mb48,,GustANN,sift1b,1056,100.000000
b_gustann_sift1b_mb48,,GustANN,sift1b,1057,100.000000
b_gustann_sift1b_mb48,,GustANN,sift1b,1058,100.000000
b_gustann_sift1b_mb48,,GustANN,sift1b,1059,100.000000
b_gustann_sift1b_mb48,,GustANN,sift1b,1060,88.292799
b_gustann_sift1b_mb48,,GustANN,sift1b,1061,94.015260
b_gustann_sift1b_mb48,,GustANN,sift1b,1062,100.000000
b_gustann_sift1b_mb48,,GustANN,sift1b,1063,100.000000
b_gustann_sift1b_mb48,,GustANN,sift1b,1064,100.000000
b_gustann_sift1b_mb48,,GustANN,sift1b,1065,94.206009
b_gustann_sift1b_mb48,,GustANN,sift1b,1066,100.000000
b_gustann_sift1b_mb48,,GustANN,sift1b,1067,100.000000
b_gustann_sift1b_mb48,,GustANN,sift1b,1068,100.000000
b_gustann_sift1b_mb48,,GustANN,sift1b,1069,100.000000
b_gustann_sift1b_mb48,,GustANN,sift1b,1070,100.000000
b_gustann_sift1b_mb48,,GustANN,sift1b,1071,100.000000
b_gustann_sift1b_mb48,,GustANN,sift1b,1072,100.000000
b_gustann_sift1b_mb48,,GustANN,sift1b,1073,100.000000
b_gustann_sift1b_mb48,,GustANN,sift1b,1074,100.000000
b_gustann_sift1b_mb48,,GustANN,sift1b,1075,86.409156
b_gustann_sift1b_mb48,,GustANN,sift1b,1076,100.000000
b_gustann_sift1b_mb48,,GustANN,sift1b,1077,97.901764
b_gustann_sift1b_mb48,,GustANN,sift1b,1078,100.000000
b_gustann_sift1b_mb48,,GustANN,sift1b,1079,100.000000
b_gustann_sift1b_mb48,,GustANN,sift1b,1080,92.107773
b_gustann_sift1b_mb48,,GustANN,sift1b,1081,100.000000
b_gustann_sift1b_mb48,,GustANN,sift1b,1082,100.000000
b_gustann_sift1b_mb48,,GustANN,sift1b,1083,91.297091
b_gustann_sift1b_mb48,,GustANN,sift1b,1084,100.000000
b_gustann_sift1b_mb48,,GustANN,sift1b,1085,100.000000
b_gustann_sift1b_mb48,,GustANN,sift1b,1086,100.000000
b_gustann_sift1b_mb48,,GustANN,sift1b,1087,100.000000
b_gustann_sift1b_mb48,,GustANN,sift1b,1088,100.000000
b_gustann_sift1b_mb48,,GustANN,sift1b,1089,100.000000
b_gustann_sift1b_mb48,,GustANN,sift1b,1090,100.000000
b_gustann_sift1b_mb48,,GustANN,sift1b,1091,100.000000
b_gustann_sift1b_mb48,,GustANN,sift1b,1092,100.000000
b_gustann_sift1b_mb48,,GustANN,sift1b,1093,100.000000
b_gustann_sift1b_mb48,,GustANN,sift1b,1094,100.000000
b_gustann_sift1b_mb48,,GustANN,sift1b,1095,94.587506
b_gustann_sift1b_mb48,,GustANN,sift1b,1096,100.000000
b_gustann_sift1b_mb48,,GustANN,sift1b,1097,100.000000
b_gustann_sift1b_mb48,,GustANN,sift1b,1098,100.000000
b_gustann_sift1b_mb48,,GustANN,sift1b,1099,100.000000
b_gustann_sift1b_mb48,,GustANN,sift1b,1100,100.000000
b_gustann_sift1b_mb48,,GustANN,sift1b,1101,100.000000
b_gustann_sift1b_mb48,,GustANN,sift1b,1102,100.000000
b_gustann_sift1b_mb48,,GustANN,sift1b,1103,100.000000
b_gustann_sift1b_mb48,,GustANN,sift1b,1104,98.903195
b_gustann_sift1b_mb48,,GustANN,sift1b,1105,100.000000
b_gustann_sift1b_mb48,,GustANN,sift1b,1106,100.000000
b_gustann_sift1b_mb48,,GustANN,sift1b,1107,88.507392
b_gustann_sift1b_mb48,,GustANN,sift1b,1108,85.121602
b_gustann_sift1b_mb48,,GustANN,sift1b,1109,100.000000
b_gustann_sift1b_mb48,,GustANN,sift1b,1110,100.000000
b_gustann_sift1b_mb48,,GustANN,sift1b,1111,100.000000
b_gustann_sift1b_mb48,,GustANN,sift1b,1112,100.000000
b_gustann_sift1b_mb48,,GustANN,sift1b,1113,100.000000
b_gustann_sift1b_mb48,,GustANN,sift1b,1114,100.000000
b_gustann_sift1b_mb48,,GustANN,sift1b,1115,93.800668
b_gustann_sift1b_mb48,,GustANN,sift1b,1116,100.000000
b_gustann_sift1b_mb48,,GustANN,sift1b,1117,100.000000
b_gustann_sift1b_mb48,,GustANN,sift1b,1118,100.000000
b_gustann_sift1b_mb48,,GustANN,sift1b,1119,100.000000
b_gustann_sift1b_mb48,,GustANN,sift1b,1120,100.000000
b_gustann_sift1b_mb48,,GustANN,sift1b,1121,100.000000
b_gustann_sift1b_mb48,,GustANN,sift1b,1122,100.000000
b_gustann_sift1b_mb48,,GustANN,sift1b,1123,100.000000
b_gustann_sift1b_mb48,,GustANN,sift1b,1124,100.000000
b_gustann_sift1b_mb48,,GustANN,sift1b,1125,100.000000
b_gustann_sift1b_mb48,,GustANN,sift1b,1126,100.000000
b_gustann_sift1b_mb48,,GustANN,sift1b,1127,100.000000
b_gustann_sift1b_mb48,,GustANN,sift1b,1128,100.000000
b_gustann_sift1b_mb48,,GustANN,sift1b,1129,100.000000
b_gustann_sift1b_mb48,,GustANN,sift1b,1130,100.000000
b_gustann_sift1b_mb48,,GustANN,sift1b,1131,100.000000
b_gustann_sift1b_mb48,,GustANN,sift1b,1132,100.000000
b_gustann_sift1b_mb48,,GustANN,sift1b,1133,100.000000
b_gustann_sift1b_mb48,,GustANN,sift1b,1134,100.000000
b_gustann_sift1b_mb48,,GustANN,sift1b,1135,100.000000
b_gustann_sift1b_mb48,,GustANN,sift1b,1136,100.000000
b_gustann_sift1b_mb48,,GustANN,sift1b,1137,100.000000
b_gustann_sift1b_mb48,,GustANN,sift1b,1138,100.000000
b_gustann_sift1b_mb48,,GustANN,sift1b,1139,100.000000
b_gustann_sift1b_mb48,,GustANN,sift1b,1140,100.000000
b_gustann_sift1b_mb48,,GustANN,sift1b,1141,100.000000
b_gustann_sift1b_mb48,,GustANN,sift1b,1142,100.000000
b_gustann_sift1b_mb48,,GustANN,sift1b,1143,95.493562
b_gustann_sift1b_mb48,,GustANN,sift1b,1144,100.000000
b_gustann_sift1b_mb48,,GustANN,sift1b,1145,100.000000
b_gustann_sift1b_mb48,,GustANN,sift1b,1146,100.000000
b_gustann_sift1b_mb48,,GustANN,sift1b,1147,98.211731
b_gustann_sift1b_mb48,,GustANN,sift1b,1148,100.000000
b_gustann_sift1b_mb48,,GustANN,sift1b,1149,100.000000
b_gustann_sift1b_mb48,,GustANN,sift1b,1150,100.000000
b_gustann_sift1b_mb48,,GustANN,sift1b,1151,100.000000
b_gustann_sift1b_mb48,,GustANN,sift1b,1152,100.000000
b_gustann_sift1b_mb48,,GustANN,sift1b,1153,100.000000
b_gustann_sift1b_mb48,,GustANN,sift1b,1154,100.000000
b_gustann_sift1b_mb48,,GustANN,sift1b,1155,100.000000
b_gustann_sift1b_mb48,,GustANN,sift1b,1156,100.000000
b_gustann_sift1b_mb48,,GustANN,sift1b,1157,100.000000
b_gustann_sift1b_mb48,,GustANN,sift1b,1158,100.000000
b_gustann_sift1b_mb48,,GustANN,sift1b,1159,100.000000
b_gustann_sift1b_mb48,,GustANN,sift1b,1160,100.000000
b_gustann_sift1b_mb48,,GustANN,sift1b,1161,100.000000
b_gustann_sift1b_mb48,,GustANN,sift1b,1162,100.000000
b_gustann_sift1b_mb48,,GustANN,sift1b,1163,100.000000
b_gustann_sift1b_mb48,,GustANN,sift1b,1164,100.000000
b_gustann_sift1b_mb48,,GustANN,sift1b,1165,100.000000
b_gustann_sift1b_mb48,,GustANN,sift1b,1166,100.000000
b_gustann_sift1b_mb48,,GustANN,sift1b,1167,100.000000
b_gustann_sift1b_mb48,,GustANN,sift1b,1168,100.000000
b_gustann_sift1b_mb48,,GustANN,sift1b,1169,100.000000
b_gustann_sift1b_mb48,,GustANN,sift1b,1170,100.000000
b_gustann_sift1b_mb48,,GustANN,sift1b,1171,100.000000
b_gustann_sift1b_mb48,,GustANN,sift1b,1172,98.712446
b_gustann_sift1b_mb48,,GustANN,sift1b,1173,100.000000
b_gustann_sift1b_mb48,,GustANN,sift1b,1174,100.000000
b_gustann_sift1b_mb48,,GustANN,sift1b,1175,100.000000
b_gustann_sift1b_mb48,,GustANN,sift1b,1176,95.994278
b_gustann_sift1b_mb48,,GustANN,sift1b,1177,100.000000
b_gustann_sift1b_mb48,,GustANN,sift1b,1178,100.000000
b_gustann_sift1b_mb48,,GustANN,sift1b,1179,100.000000
b_gustann_sift1b_mb48,,GustANN,sift1b,1180,100.000000
b_gustann_sift1b_mb48,,GustANN,sift1b,1181,94.825942
b_gustann_sift1b_mb48,,GustANN,sift1b,1182,100.000000
b_gustann_sift1b_mb48,,GustANN,sift1b,1183,100.000000
b_gustann_sift1b_mb48,,GustANN,sift1b,1184,90.605627
b_gustann_sift1b_mb48,,GustANN,sift1b,1185,100.000000
b_gustann_sift1b_mb48,,GustANN,sift1b,1186,100.000000
b_gustann_sift1b_mb48,,GustANN,sift1b,1187,84.907010
b_gustann_sift1b_mb48,,GustANN,sift1b,1188,100.000000
b_gustann_sift1b_mb48,,GustANN,sift1b,1189,100.000000
b_gustann_sift1b_mb48,,GustANN,sift1b,1190,100.000000
b_gustann_sift1b_mb48,,GustANN,sift1b,1191,100.000000
b_gustann_sift1b_mb48,,GustANN,sift1b,1192,100.000000
b_gustann_sift1b_mb48,,GustANN,sift1b,1193,100.000000
b_gustann_sift1b_mb48,,GustANN,sift1b,1194,97.591798
b_gustann_sift1b_mb48,,GustANN,sift1b,1195,91.511683
b_gustann_sift1b_mb48,,GustANN,sift1b,1196,100.000000
b_gustann_sift1b_mb48,,GustANN,sift1b,1197,100.000000
b_gustann_sift1b_mb48,,GustANN,sift1b,1198,100.000000
b_gustann_sift1b_mb48,,GustANN,sift1b,1199,96.089652
b_gustann_sift1b_mb48,,GustANN,sift1b,1200,100.000000
b_gustann_sift1b_mb48,,GustANN,sift1b,1201,100.000000
b_gustann_sift1b_mb48,,GustANN,sift1b,1202,100.000000
b_gustann_sift1b_mb48,,GustANN,sift1b,1203,100.000000
b_gustann_sift1b_mb48,,GustANN,sift1b,1204,100.000000
b_gustann_sift1b_mb48,,GustANN,sift1b,1205,100.000000
b_gustann_sift1b_mb48,,GustANN,sift1b,1206,100.000000
b_gustann_sift1b_mb48,,GustANN,sift1b,1207,100.000000
b_gustann_sift1b_mb48,,GustANN,sift1b,1208,100.000000
b_gustann_sift1b_mb48,,GustANN,sift1b,1209,100.000000
b_gustann_sift1b_mb48,,GustANN,sift1b,1210,100.000000
b_gustann_sift1b_mb48,,GustANN,sift1b,1211,100.000000
b_gustann_sift1b_mb48,,GustANN,sift1b,1212,100.000000
b_gustann_sift1b_mb48,,GustANN,sift1b,1213,99.308536
b_gustann_sift1b_mb48,,GustANN,sift1b,1214,100.000000
b_gustann_sift1b_mb48,,GustANN,sift1b,1215,100.000000
b_gustann_sift1b_mb48,,GustANN,sift1b,1216,100.000000
b_gustann_sift1b_mb48,,GustANN,sift1b,1217,100.000000
b_gustann_sift1b_mb48,,GustANN,sift1b,1218,100.000000
b_gustann_sift1b_mb48,,GustANN,sift1b,1219,100.000000
b_gustann_sift1b_mb48,,GustANN,sift1b,1220,100.000000
b_gustann_sift1b_mb48,,GustANN,sift1b,1221,100.000000
b_gustann_sift1b_mb48,,GustANN,sift1b,1222,100.000000
b_gustann_sift1b_mb48,,GustANN,sift1b,1223,100.000000
b_gustann_sift1b_mb48,,GustANN,sift1b,1224,90.104912
b_gustann_sift1b_mb48,,GustANN,sift1b,1225,100.000000
b_gustann_sift1b_mb48,,GustANN,sift1b,1226,100.000000
b_gustann_sift1b_mb48,,GustANN,sift1b,1227,100.000000
b_gustann_sift1b_mb48,,GustANN,sift1b,1228,100.000000
b_gustann_sift1b_mb48,,GustANN,sift1b,1229,100.000000
b_gustann_sift1b_mb48,,GustANN,sift1b,1230,100.000000
b_gustann_sift1b_mb48,,GustANN,sift1b,1231,100.000000
b_gustann_sift1b_mb48,,GustANN,sift1b,1232,92.083929
b_gustann_sift1b_mb48,,GustANN,sift1b,1233,100.000000
b_gustann_sift1b_mb48,,GustANN,sift1b,1234,100.000000
b_gustann_sift1b_mb48,,GustANN,sift1b,1235,100.000000
b_gustann_sift1b_mb48,,GustANN,sift1b,1236,97.210300
b_gustann_sift1b_mb48,,GustANN,sift1b,1237,100.000000
b_gustann_sift1b_mb48,,GustANN,sift1b,1238,100.000000
b_gustann_sift1b_mb48,,GustANN,sift1b,1239,100.000000
b_gustann_sift1b_mb48,,GustANN,sift1b,1240,100.000000
b_gustann_sift1b_mb48,,GustANN,sift1b,1241,100.000000
b_gustann_sift1b_mb48,,GustANN,sift1b,1242,100.000000
b_gustann_sift1b_mb48,,GustANN,sift1b,1243,100.000000
b_gustann_sift1b_mb48,,GustANN,sift1b,1244,100.000000
b_gustann_sift1b_mb48,,GustANN,sift1b,1245,99.189318
b_gustann_sift1b_mb48,,GustANN,sift1b,1246,100.000000
b_gustann_sift1b_mb48,,GustANN,sift1b,1247,100.000000
b_gustann_sift1b_mb48,,GustANN,sift1b,1248,100.000000
b_gustann_sift1b_mb48,,GustANN,sift1b,1249,96.208870
b_gustann_sift1b_mb48,,GustANN,sift1b,1250,100.000000
b_gustann_sift1b_mb48,,GustANN,sift1b,1251,100.000000
b_gustann_sift1b_mb48,,GustANN,sift1b,1252,100.000000
b_gustann_sift1b_mb48,,GustANN,sift1b,1253,100.000000
b_gustann_sift1b_mb48,,GustANN,sift1b,1254,100.000000
b_gustann_sift1b_mb48,,GustANN,sift1b,1255,100.000000
b_gustann_sift1b_mb48,,GustANN,sift1b,1256,100.000000
b_gustann_sift1b_mb48,,GustANN,sift1b,1257,100.000000
b_gustann_sift1b_mb48,,GustANN,sift1b,1258,100.000000
b_gustann_sift1b_mb48,,GustANN,sift1b,1259,100.000000
b_gustann_sift1b_mb48,,GustANN,sift1b,1260,100.000000
b_gustann_sift1b_mb48,,GustANN,sift1b,1261,100.000000
b_gustann_sift1b_mb48,,GustANN,sift1b,1262,100.000000
b_gustann_sift1b_mb48,,GustANN,sift1b,1263,100.000000
b_gustann_sift1b_mb48,,GustANN,sift1b,1264,100.000000
b_gustann_sift1b_mb48,,GustANN,sift1b,1265,100.000000
b_gustann_sift1b_mb48,,GustANN,sift1b,1266,100.000000
b_gustann_sift1b_mb48,,GustANN,sift1b,1267,100.000000
b_gustann_sift1b_mb48,,GustANN,sift1b,1268,100.000000
b_gustann_sift1b_mb48,,GustANN,sift1b,1269,100.000000
b_gustann_sift1b_mb48,,GustANN,sift1b,1270,100.000000
b_gustann_sift1b_mb48,,GustANN,sift1b,1271,92.703863
b_gustann_sift1b_mb48,,GustANN,sift1b,1272,100.000000
b_gustann_sift1b_mb48,,GustANN,sift1b,1273,100.000000
b_gustann_sift1b_mb48,,GustANN,sift1b,1274,100.000000
b_gustann_sift1b_mb48,,GustANN,sift1b,1275,100.000000
b_gustann_sift1b_mb48,,GustANN,sift1b,1276,100.000000
b_gustann_sift1b_mb48,,GustANN,sift1b,1277,100.000000
b_gustann_sift1b_mb48,,GustANN,sift1b,1278,100.000000
b_gustann_sift1b_mb48,,GustANN,sift1b,1279,100.000000
b_gustann_sift1b_mb48,,GustANN,sift1b,1280,88.602766
b_gustann_sift1b_mb48,,GustANN,sift1b,1281,100.000000
b_gustann_sift1b_mb48,,GustANN,sift1b,1282,100.000000
b_gustann_sift1b_mb48,,GustANN,sift1b,1283,100.000000
b_gustann_sift1b_mb48,,GustANN,sift1b,1284,100.000000
b_gustann_sift1b_mb48,,GustANN,sift1b,1285,100.000000
b_gustann_sift1b_mb48,,GustANN,sift1b,1286,100.000000
b_gustann_sift1b_mb48,,GustANN,sift1b,1287,100.000000
b_gustann_sift1b_mb48,,GustANN,sift1b,1288,100.000000
b_gustann_sift1b_mb48,,GustANN,sift1b,1289,100.000000
b_gustann_sift1b_mb48,,GustANN,sift1b,1290,100.000000
b_gustann_sift1b_mb48,,GustANN,sift1b,1291,100.000000
b_gustann_sift1b_mb48,,GustANN,sift1b,1292,100.000000
b_gustann_sift1b_mb48,,GustANN,sift1b,1293,86.790653
b_gustann_sift1b_mb48,,GustANN,sift1b,1294,100.000000
b_gustann_sift1b_mb48,,GustANN,sift1b,1295,100.000000
b_gustann_sift1b_mb48,,GustANN,sift1b,1296,100.000000
b_gustann_sift1b_mb48,,GustANN,sift1b,1297,95.112065
b_gustann_sift1b_mb48,,GustANN,sift1b,1298,87.029089
b_gustann_sift1b_mb48,,GustANN,sift1b,1299,100.000000
b_gustann_sift1b_mb48,,GustANN,sift1b,1300,100.000000
b_gustann_sift1b_mb48,,GustANN,sift1b,1301,100.000000
b_gustann_sift1b_mb48,,GustANN,sift1b,1302,100.000000
b_gustann_sift1b_mb48,,GustANN,sift1b,1303,100.000000
b_gustann_sift1b_mb48,,GustANN,sift1b,1304,100.000000
b_gustann_sift1b_mb48,,GustANN,sift1b,1305,100.000000
b_gustann_sift1b_mb48,,GustANN,sift1b,1306,100.000000
b_gustann_sift1b_mb48,,GustANN,sift1b,1307,100.000000
b_gustann_sift1b_mb48,,GustANN,sift1b,1308,100.000000
b_gustann_sift1b_mb48,,GustANN,sift1b,1309,100.000000
b_gustann_sift1b_mb48,,GustANN,sift1b,1310,100.000000
b_gustann_sift1b_mb48,,GustANN,sift1b,1311,100.000000
b_gustann_sift1b_mb48,,GustANN,sift1b,1312,100.000000
b_gustann_sift1b_mb48,,GustANN,sift1b,1313,100.000000
b_gustann_sift1b_mb48,,GustANN,sift1b,1314,90.915594
b_gustann_sift1b_mb48,,GustANN,sift1b,1315,100.000000
b_gustann_sift1b_mb48,,GustANN,sift1b,1316,100.000000
b_gustann_sift1b_mb48,,GustANN,sift1b,1317,100.000000
b_gustann_sift1b_mb48,,GustANN,sift1b,1318,100.000000
b_gustann_sift1b_mb48,,GustANN,sift1b,1319,100.000000
b_gustann_sift1b_mb48,,GustANN,sift1b,1320,100.000000
b_gustann_sift1b_mb48,,GustANN,sift1b,1321,100.000000
b_gustann_sift1b_mb48,,GustANN,sift1b,1322,100.000000
b_gustann_sift1b_mb48,,GustANN,sift1b,1323,100.000000
b_gustann_sift1b_mb48,,GustANN,sift1b,1324,100.000000
b_gustann_sift1b_mb48,,GustANN,sift1b,1325,100.000000
b_gustann_sift1b_mb48,,GustANN,sift1b,1326,100.000000
b_gustann_sift1b_mb48,,GustANN,sift1b,1327,100.000000
b_gustann_sift1b_mb48,,GustANN,sift1b,1328,100.000000
b_gustann_sift1b_mb48,,GustANN,sift1b,1329,100.000000
b_gustann_sift1b_mb48,,GustANN,sift1b,1330,100.000000
b_gustann_sift1b_mb48,,GustANN,sift1b,1331,100.000000
b_gustann_sift1b_mb48,,GustANN,sift1b,1332,100.000000
b_gustann_sift1b_mb48,,GustANN,sift1b,1333,100.000000
b_gustann_sift1b_mb48,,GustANN,sift1b,1334,100.000000
b_gustann_sift1b_mb48,,GustANN,sift1b,1335,100.000000
b_gustann_sift1b_mb48,,GustANN,sift1b,1336,100.000000
b_gustann_sift1b_mb48,,GustANN,sift1b,1337,94.301383
b_gustann_sift1b_mb48,,GustANN,sift1b,1338,100.000000
b_gustann_sift1b_mb48,,GustANN,sift1b,1339,100.000000
b_gustann_sift1b_mb48,,GustANN,sift1b,1340,100.000000
b_gustann_sift1b_mb48,,GustANN,sift1b,1341,100.000000
b_gustann_sift1b_mb48,,GustANN,sift1b,1342,100.000000
b_gustann_sift1b_mb48,,GustANN,sift1b,1343,100.000000
b_gustann_sift1b_mb48,,GustANN,sift1b,1344,90.605627
b_gustann_sift1b_mb48,,GustANN,sift1b,1345,100.000000
b_gustann_sift1b_mb48,,GustANN,sift1b,1346,100.000000
b_gustann_sift1b_mb48,,GustANN,sift1b,1347,100.000000
b_gustann_sift1b_mb48,,GustANN,sift1b,1348,100.000000
b_gustann_sift1b_mb48,,GustANN,sift1b,1349,100.000000
b_gustann_sift1b_mb48,,GustANN,sift1b,1350,100.000000
b_gustann_sift1b_mb48,,GustANN,sift1b,1351,100.000000
b_gustann_sift1b_mb48,,GustANN,sift1b,1352,100.000000
b_gustann_sift1b_mb48,,GustANN,sift1b,1353,97.591798
b_gustann_sift1b_mb48,,GustANN,sift1b,1354,100.000000
b_gustann_sift1b_mb48,,GustANN,sift1b,1355,100.000000
b_gustann_sift1b_mb48,,GustANN,sift1b,1356,100.000000
b_gustann_sift1b_mb48,,GustANN,sift1b,1357,100.000000
b_gustann_sift1b_mb48,,GustANN,sift1b,1358,100.000000
b_gustann_sift1b_mb48,,GustANN,sift1b,1359,100.000000
b_gustann_sift1b_mb48,,GustANN,sift1b,1360,100.000000
b_gustann_sift1b_mb48,,GustANN,sift1b,1361,100.000000
b_gustann_sift1b_mb48,,GustANN,sift1b,1362,100.000000
b_gustann_sift1b_mb48,,GustANN,sift1b,1363,100.000000
b_gustann_sift1b_mb48,,GustANN,sift1b,1364,100.000000
b_gustann_sift1b_mb48,,GustANN,sift1b,1365,97.091082
b_gustann_sift1b_mb48,,GustANN,sift1b,1366,100.000000
b_gustann_sift1b_mb48,,GustANN,sift1b,1367,100.000000
b_gustann_sift1b_mb48,,GustANN,sift1b,1368,100.000000
b_gustann_sift1b_mb48,,GustANN,sift1b,1369,100.000000
b_gustann_sift1b_mb48,,GustANN,sift1b,1370,78.421555
b_gustann_sift1b_mb48,,GustANN,sift1b,1371,92.608488
b_gustann_sift1b_mb48,,GustANN,sift1b,1372,100.000000
b_gustann_sift1b_mb48,,GustANN,sift1b,1373,100.000000
b_gustann_sift1b_mb48,,GustANN,sift1b,1374,100.000000
b_gustann_sift1b_mb48,,GustANN,sift1b,1375,100.000000
b_gustann_sift1b_mb48,,GustANN,sift1b,1376,99.904626
b_gustann_sift1b_mb48,,GustANN,sift1b,1377,100.000000
b_gustann_sift1b_mb48,,GustANN,sift1b,1378,100.000000
b_gustann_sift1b_mb48,,GustANN,sift1b,1379,100.000000
b_gustann_sift1b_mb48,,GustANN,sift1b,1380,100.000000
b_gustann_sift1b_mb48,,GustANN,sift1b,1381,100.000000
b_gustann_sift1b_mb48,,GustANN,sift1b,1382,100.000000
b_gustann_sift1b_mb48,,GustANN,sift1b,1383,100.000000
b_gustann_sift1b_mb48,,GustANN,sift1b,1384,100.000000
b_gustann_sift1b_mb48,,GustANN,sift1b,1385,100.000000
b_gustann_sift1b_mb48,,GustANN,sift1b,1386,100.000000
b_gustann_sift1b_mb48,,GustANN,sift1b,1387,100.000000
b_gustann_sift1b_mb48,,GustANN,sift1b,1388,100.000000
b_gustann_sift1b_mb48,,GustANN,sift1b,1389,83.094897
b_gustann_sift1b_mb48,,GustANN,sift1b,1390,100.000000
b_gustann_sift1b_mb48,,GustANN,sift1b,1391,100.000000
b_gustann_sift1b_mb48,,GustANN,sift1b,1392,100.000000
b_gustann_sift1b_mb48,,GustANN,sift1b,1393,100.000000
b_gustann_sift1b_mb48,,GustANN,sift1b,1394,86.385312
b_gustann_sift1b_mb48,,GustANN,sift1b,1395,89.389604
b_gustann_sift1b_mb48,,GustANN,sift1b,1396,100.000000
b_gustann_sift1b_mb48,,GustANN,sift1b,1397,100.000000
b_gustann_sift1b_mb48,,GustANN,sift1b,1398,100.000000
b_gustann_sift1b_mb48,,GustANN,sift1b,1399,100.000000
b_gustann_sift1b_mb48,,GustANN,sift1b,1400,100.000000
b_gustann_sift1b_mb48,,GustANN,sift1b,1401,100.000000
b_gustann_sift1b_mb48,,GustANN,sift1b,1402,100.000000
b_gustann_sift1b_mb48,,GustANN,sift1b,1403,100.000000
b_gustann_sift1b_mb48,,GustANN,sift1b,1404,99.499285
b_gustann_sift1b_mb48,,GustANN,sift1b,1405,100.000000
b_gustann_sift1b_mb48,,GustANN,sift1b,1406,100.000000
b_gustann_sift1b_mb48,,GustANN,sift1b,1407,100.000000
b_gustann_sift1b_mb48,,GustANN,sift1b,1408,95.302814
b_gustann_sift1b_mb48,,GustANN,sift1b,1409,100.000000
b_gustann_sift1b_mb48,,GustANN,sift1b,1410,100.000000
b_gustann_sift1b_mb48,,GustANN,sift1b,1411,100.000000
b_gustann_sift1b_mb48,,GustANN,sift1b,1412,100.000000
b_gustann_sift1b_mb48,,GustANN,sift1b,1413,100.000000
b_gustann_sift1b_mb48,,GustANN,sift1b,1414,100.000000
b_gustann_sift1b_mb48,,GustANN,sift1b,1415,100.000000
b_gustann_sift1b_mb48,,GustANN,sift1b,1416,100.000000
b_gustann_sift1b_mb48,,GustANN,sift1b,1417,100.000000
b_gustann_sift1b_mb48,,GustANN,sift1b,1418,97.305675
b_gustann_sift1b_mb48,,GustANN,sift1b,1419,100.000000
b_gustann_sift1b_mb48,,GustANN,sift1b,1420,100.000000
b_gustann_sift1b_mb48,,GustANN,sift1b,1421,100.000000
b_gustann_sift1b_mb48,,GustANN,sift1b,1422,100.000000
b_gustann_sift1b_mb48,,GustANN,sift1b,1423,100.000000
b_gustann_sift1b_mb48,,GustANN,sift1b,1424,100.000000
b_gustann_sift1b_mb48,,GustANN,sift1b,1425,100.000000
b_gustann_sift1b_mb48,,GustANN,sift1b,1426,100.000000
b_gustann_sift1b_mb48,,GustANN,sift1b,1427,100.000000
b_gustann_sift1b_mb48,,GustANN,sift1b,1428,100.000000
b_gustann_sift1b_mb48,,GustANN,sift1b,1429,100.000000
b_gustann_sift1b_mb48,,GustANN,sift1b,1430,100.000000
b_gustann_sift1b_mb48,,GustANN,sift1b,1431,100.000000
b_gustann_sift1b_mb48,,GustANN,sift1b,1432,99.189318
b_gustann_sift1b_mb48,,GustANN,sift1b,1433,100.000000
b_gustann_sift1b_mb48,,GustANN,sift1b,1434,100.000000
b_gustann_sift1b_mb48,,GustANN,sift1b,1435,100.000000
b_gustann_sift1b_mb48,,GustANN,sift1b,1436,100.000000
b_gustann_sift1b_mb48,,GustANN,sift1b,1437,94.897473
b_gustann_sift1b_mb48,,GustANN,sift1b,1438,100.000000
b_gustann_sift1b_mb48,,GustANN,sift1b,1439,100.000000
b_gustann_sift1b_mb48,,GustANN,sift1b,1440,100.000000
b_gustann_sift1b_mb48,,GustANN,sift1b,1441,100.000000
b_gustann_sift1b_mb48,,GustANN,sift1b,1442,100.000000
b_gustann_sift1b_mb48,,GustANN,sift1b,1443,100.000000
b_gustann_sift1b_mb48,,GustANN,sift1b,1444,100.000000
b_gustann_sift1b_mb48,,GustANN,sift1b,1445,100.000000
b_gustann_sift1b_mb48,,GustANN,sift1b,1446,100.000000
b_gustann_sift1b_mb48,,GustANN,sift1b,1447,100.000000
b_gustann_sift1b_mb48,,GustANN,sift1b,1448,100.000000
b_gustann_sift1b_mb48,,GustANN,sift1b,1449,100.000000
b_gustann_sift1b_mb48,,GustANN,sift1b,1450,100.000000
b_gustann_sift1b_mb48,,GustANN,sift1b,1451,100.000000
b_gustann_sift1b_mb48,,GustANN,sift1b,1452,100.000000
b_gustann_sift1b_mb48,,GustANN,sift1b,1453,100.000000
b_gustann_sift1b_mb48,,GustANN,sift1b,1454,100.000000
b_gustann_sift1b_mb48,,GustANN,sift1b,1455,100.000000
b_gustann_sift1b_mb48,,GustANN,sift1b,1456,100.000000
b_gustann_sift1b_mb48,,GustANN,sift1b,1457,100.000000
b_gustann_sift1b_mb48,,GustANN,sift1b,1458,100.000000
b_gustann_sift1b_mb48,,GustANN,sift1b,1459,100.000000
b_gustann_sift1b_mb48,,GustANN,sift1b,1460,100.000000
b_gustann_sift1b_mb48,,GustANN,sift1b,1461,100.000000
b_gustann_sift1b_mb48,,GustANN,sift1b,1462,100.000000
b_gustann_sift1b_mb48,,GustANN,sift1b,1463,100.000000
b_gustann_sift1b_mb48,,GustANN,sift1b,1464,100.000000
b_gustann_sift1b_mb48,,GustANN,sift1b,1465,100.000000
b_gustann_sift1b_mb48,,GustANN,sift1b,1466,100.000000
b_gustann_sift1b_mb48,,GustANN,sift1b,1467,100.000000
b_gustann_sift1b_mb48,,GustANN,sift1b,1468,100.000000
b_gustann_sift1b_mb48,,GustANN,sift1b,1469,100.000000
b_gustann_sift1b_mb48,,GustANN,sift1b,1470,100.000000
b_gustann_sift1b_mb48,,GustANN,sift1b,1471,100.000000
b_gustann_sift1b_mb48,,GustANN,sift1b,1472,100.000000
b_gustann_sift1b_mb48,,GustANN,sift1b,1473,100.000000
b_gustann_sift1b_mb48,,GustANN,sift1b,1474,100.000000
b_gustann_sift1b_mb48,,GustANN,sift1b,1475,100.000000
b_gustann_sift1b_mb48,,GustANN,sift1b,1476,100.000000
b_gustann_sift1b_mb48,,GustANN,sift1b,1477,100.000000
b_gustann_sift1b_mb48,,GustANN,sift1b,1478,100.000000
b_gustann_sift1b_mb48,,GustANN,sift1b,1479,100.000000
b_gustann_sift1b_mb48,,GustANN,sift1b,1480,100.000000
b_gustann_sift1b_mb48,,GustANN,sift1b,1481,100.000000
b_gustann_sift1b_mb48,,GustANN,sift1b,1482,100.000000
b_gustann_sift1b_mb48,,GustANN,sift1b,1483,100.000000
b_gustann_sift1b_mb48,,GustANN,sift1b,1484,100.000000
b_gustann_sift1b_mb48,,GustANN,sift1b,1485,97.186457
b_gustann_sift1b_mb48,,GustANN,sift1b,1486,100.000000
b_gustann_sift1b_mb48,,GustANN,sift1b,1487,100.000000
b_gustann_sift1b_mb48,,GustANN,sift1b,1488,100.000000
b_gustann_sift1b_mb48,,GustANN,sift1b,1489,100.000000
b_gustann_sift1b_mb48,,GustANN,sift1b,1490,100.000000
b_gustann_sift1b_mb48,,GustANN,sift1b,1491,100.000000
b_gustann_sift1b_mb48,,GustANN,sift1b,1492,100.000000
b_gustann_sift1b_mb48,,GustANN,sift1b,1493,100.000000
b_gustann_sift1b_mb48,,GustANN,sift1b,1494,100.000000
b_gustann_sift1b_mb48,,GustANN,sift1b,1495,100.000000
b_gustann_sift1b_mb48,,GustANN,sift1b,1496,100.000000
b_gustann_sift1b_mb48,,GustANN,sift1b,1497,100.000000
b_gustann_sift1b_mb48,,GustANN,sift1b,1498,100.000000
b_gustann_sift1b_mb48,,GustANN,sift1b,1499,100.000000
b_gustann_sift1b_mb48,,GustANN,sift1b,1500,100.000000
b_gustann_sift1b_mb48,,GustANN,sift1b,1501,100.000000
b_gustann_sift1b_mb48,,GustANN,sift1b,1502,100.000000
b_gustann_sift1b_mb48,,GustANN,sift1b,1503,98.116357
b_gustann_sift1b_mb48,,GustANN,sift1b,1504,100.000000
b_gustann_sift1b_mb48,,GustANN,sift1b,1505,100.000000
b_gustann_sift1b_mb48,,GustANN,sift1b,1506,100.000000
b_gustann_sift1b_mb48,,GustANN,sift1b,1507,100.000000
b_gustann_sift1b_mb48,,GustANN,sift1b,1508,100.000000
b_gustann_sift1b_mb48,,GustANN,sift1b,1509,100.000000
b_gustann_sift1b_mb48,,GustANN,sift1b,1510,100.000000
b_gustann_sift1b_mb48,,GustANN,sift1b,1511,100.000000
b_gustann_sift1b_mb48,,GustANN,sift1b,1512,100.000000
b_gustann_sift1b_mb48,,GustANN,sift1b,1513,100.000000
b_gustann_sift1b_mb48,,GustANN,sift1b,1514,100.000000
b_gustann_sift1b_mb48,,GustANN,sift1b,1515,100.000000
b_gustann_sift1b_mb48,,GustANN,sift1b,1516,100.000000
b_gustann_sift1b_mb48,,GustANN,sift1b,1517,100.000000
b_gustann_sift1b_mb48,,GustANN,sift1b,1518,97.615641
b_gustann_sift1b_mb48,,GustANN,sift1b,1519,100.000000
b_gustann_sift1b_mb48,,GustANN,sift1b,1520,99.904626
b_gustann_sift1b_mb48,,GustANN,sift1b,1521,100.000000
b_gustann_sift1b_mb48,,GustANN,sift1b,1522,81.497377
b_gustann_sift1b_mb48,,GustANN,sift1b,1523,97.997139
b_gustann_sift1b_mb48,,GustANN,sift1b,1524,94.921316
b_gustann_sift1b_mb48,,GustANN,sift1b,1525,100.000000
b_gustann_sift1b_mb48,,GustANN,sift1b,1526,98.402480
b_gustann_sift1b_mb48,,GustANN,sift1b,1527,100.000000
b_gustann_sift1b_mb48,,GustANN,sift1b,1528,100.000000
b_gustann_sift1b_mb48,,GustANN,sift1b,1529,80.591321
b_gustann_sift1b_mb48,,GustANN,sift1b,1530,100.000000
b_gustann_sift1b_mb48,,GustANN,sift1b,1531,97.520267
b_gustann_sift1b_mb48,,GustANN,sift1b,1532,100.000000
b_gustann_sift1b_mb48,,GustANN,sift1b,1533,100.000000
b_gustann_sift1b_mb48,,GustANN,sift1b,1534,91.511683
b_gustann_sift1b_mb48,,GustANN,sift1b,1535,100.000000
b_gustann_sift1b_mb48,,GustANN,sift1b,1536,100.000000
b_gustann_sift1b_mb48,,GustANN,sift1b,1537,100.000000
b_gustann_sift1b_mb48,,GustANN,sift1b,1538,100.000000
b_gustann_sift1b_mb48,,GustANN,sift1b,1539,100.000000
b_gustann_sift1b_mb48,,GustANN,sift1b,1540,100.000000
b_gustann_sift1b_mb48,,GustANN,sift1b,1541,100.000000
b_gustann_sift1b_mb48,,GustANN,sift1b,1542,100.000000
b_gustann_sift1b_mb48,,GustANN,sift1b,1543,100.000000
b_gustann_sift1b_mb48,,GustANN,sift1b,1544,100.000000
b_gustann_sift1b_mb48,,GustANN,sift1b,1545,100.000000
b_gustann_sift1b_mb48,,GustANN,sift1b,1546,100.000000
b_gustann_sift1b_mb48,,GustANN,sift1b,1547,100.000000
b_gustann_sift1b_mb48,,GustANN,sift1b,1548,100.000000
b_gustann_sift1b_mb48,,GustANN,sift1b,1549,100.000000
b_gustann_sift1b_mb48,,GustANN,sift1b,1550,100.000000
b_gustann_sift1b_mb48,,GustANN,sift1b,1551,100.000000
b_gustann_sift1b_mb48,,GustANN,sift1b,1552,100.000000
b_gustann_sift1b_mb48,,GustANN,sift1b,1553,90.224130
b_gustann_sift1b_mb48,,GustANN,sift1b,1554,100.000000
b_gustann_sift1b_mb48,,GustANN,sift1b,1555,100.000000
b_gustann_sift1b_mb48,,GustANN,sift1b,1556,90.915594
b_gustann_sift1b_mb48,,GustANN,sift1b,1557,100.000000
b_gustann_sift1b_mb48,,GustANN,sift1b,1558,100.000000
b_gustann_sift1b_mb48,,GustANN,sift1b,1559,100.000000
b_gustann_sift1b_mb48,,GustANN,sift1b,1560,100.000000
b_gustann_sift1b_mb48,,GustANN,sift1b,1561,100.000000
b_gustann_sift1b_mb48,,GustANN,sift1b,1562,100.000000
b_gustann_sift1b_mb48,,GustANN,sift1b,1563,100.000000
b_gustann_sift1b_mb48,,GustANN,sift1b,1564,100.000000
b_gustann_sift1b_mb48,,GustANN,sift1b,1565,100.000000
b_gustann_sift1b_mb48,,GustANN,sift1b,1566,100.000000
b_gustann_sift1b_mb48,,GustANN,sift1b,1567,100.000000
b_gustann_sift1b_mb48,,GustANN,sift1b,1568,100.000000
b_gustann_sift1b_mb48,,GustANN,sift1b,1569,100.000000
b_gustann_sift1b_mb48,,GustANN,sift1b,1570,100.000000
b_gustann_sift1b_mb48,,GustANN,sift1b,1571,100.000000
b_gustann_sift1b_mb48,,GustANN,sift1b,1572,100.000000
b_gustann_sift1b_mb48,,GustANN,sift1b,1573,100.000000
b_gustann_sift1b_mb48,,GustANN,sift1b,1574,87.911302
b_gustann_sift1b_mb48,,GustANN,sift1b,1575,100.000000
b_gustann_sift1b_mb48,,GustANN,sift1b,1576,100.000000
b_gustann_sift1b_mb48,,GustANN,sift1b,1577,100.000000
b_gustann_sift1b_mb48,,GustANN,sift1b,1578,100.000000
b_gustann_sift1b_mb48,,GustANN,sift1b,1579,100.000000
b_gustann_sift1b_mb48,,GustANN,sift1b,1580,100.000000
b_gustann_sift1b_mb48,,GustANN,sift1b,1581,100.000000
b_gustann_sift1b_mb48,,GustANN,sift1b,1582,100.000000
b_gustann_sift1b_mb48,,GustANN,sift1b,1583,100.000000
b_gustann_sift1b_mb48,,GustANN,sift1b,1584,100.000000
b_gustann_sift1b_mb48,,GustANN,sift1b,1585,100.000000
b_gustann_sift1b_mb48,,GustANN,sift1b,1586,100.000000
b_gustann_sift1b_mb48,,GustANN,sift1b,1587,100.000000
b_gustann_sift1b_mb48,,GustANN,sift1b,1588,100.000000
b_gustann_sift1b_mb48,,GustANN,sift1b,1589,100.000000
b_gustann_sift1b_mb48,,GustANN,sift1b,1590,100.000000
b_gustann_sift1b_mb48,,GustANN,sift1b,1591,100.000000
b_gustann_sift1b_mb48,,GustANN,sift1b,1592,100.000000
b_gustann_sift1b_mb48,,GustANN,sift1b,1593,100.000000
b_gustann_sift1b_mb48,,GustANN,sift1b,1594,100.000000
b_gustann_sift1b_mb48,,GustANN,sift1b,1595,100.000000
b_gustann_sift1b_mb48,,GustANN,sift1b,1596,96.208870
b_gustann_sift1b_mb48,,GustANN,sift1b,1597,100.000000
b_gustann_sift1b_mb48,,GustANN,sift1b,1598,100.000000
b_gustann_sift1b_mb48,,GustANN,sift1b,1599,100.000000
b_gustann_sift1b_mb48,,GustANN,sift1b,1600,100.000000
b_gustann_sift1b_mb48,,GustANN,sift1b,1601,100.000000
b_gustann_sift1b_mb48,,GustANN,sift1b,1602,88.006676
b_gustann_sift1b_mb48,,GustANN,sift1b,1603,100.000000
b_gustann_sift1b_mb48,,GustANN,sift1b,1604,100.000000
b_gustann_sift1b_mb48,,GustANN,sift1b,1605,100.000000
b_gustann_sift1b_mb48,,GustANN,sift1b,1606,100.000000
b_gustann_sift1b_mb48,,GustANN,sift1b,1607,100.000000
b_gustann_sift1b_mb48,,GustANN,sift1b,1608,100.000000
b_gustann_sift1b_mb48,,GustANN,sift1b,1609,100.000000
b_gustann_sift1b_mb48,,GustANN,sift1b,1610,100.000000
b_gustann_sift1b_mb48,,GustANN,sift1b,1611,100.000000
b_gustann_sift1b_mb48,,GustANN,sift1b,1612,100.000000
b_gustann_sift1b_mb48,,GustANN,sift1b,1613,100.000000
b_gustann_sift1b_mb48,,GustANN,sift1b,1614,100.000000
b_gustann_sift1b_mb48,,GustANN,sift1b,1615,96.018121
b_gustann_sift1b_mb48,,GustANN,sift1b,1616,100.000000
b_gustann_sift1b_mb48,,GustANN,sift1b,1617,100.000000
b_gustann_sift1b_mb48,,GustANN,sift1b,1618,95.898903
b_gustann_sift1b_mb48,,GustANN,sift1b,1619,100.000000
b_gustann_sift1b_mb48,,GustANN,sift1b,1620,94.611350
b_gustann_sift1b_mb48,,GustANN,sift1b,1621,93.609919
b_gustann_sift1b_mb48,,GustANN,sift1b,1622,100.000000
b_gustann_sift1b_mb48,,GustANN,sift1b,1623,100.000000
b_gustann_sift1b_mb48,,GustANN,sift1b,1624,100.000000
b_gustann_sift1b_mb48,,GustANN,sift1b,1625,100.000000
b_gustann_sift1b_mb48,,GustANN,sift1b,1626,100.000000
b_gustann_sift1b_mb48,,GustANN,sift1b,1627,100.000000
b_gustann_sift1b_mb48,,GustANN,sift1b,1628,100.000000
b_gustann_sift1b_mb48,,GustANN,sift1b,1629,100.000000
b_gustann_sift1b_mb48,,GustANN,sift1b,1630,100.000000
b_gustann_sift1b_mb48,,GustANN,sift1b,1631,95.207439
b_gustann_sift1b_mb48,,GustANN,sift1b,1632,100.000000
b_gustann_sift1b_mb48,,GustANN,sift1b,1633,100.000000
b_gustann_sift1b_mb48,,GustANN,sift1b,1634,100.000000
b_gustann_sift1b_mb48,,GustANN,sift1b,1635,100.000000
b_gustann_sift1b_mb48,,GustANN,sift1b,1636,100.000000
b_gustann_sift1b_mb48,,GustANN,sift1b,1637,100.000000
b_gustann_sift1b_mb48,,GustANN,sift1b,1638,100.000000
b_gustann_sift1b_mb48,,GustANN,sift1b,1639,95.112065
b_gustann_sift1b_mb48,,GustANN,sift1b,1640,93.609919
b_gustann_sift1b_mb48,,GustANN,sift1b,1641,100.000000
b_gustann_sift1b_mb48,,GustANN,sift1b,1642,100.000000
b_gustann_sift1b_mb48,,GustANN,sift1b,1643,100.000000
b_gustann_sift1b_mb48,,GustANN,sift1b,1644,100.000000
b_gustann_sift1b_mb48,,GustANN,sift1b,1645,100.000000
b_gustann_sift1b_mb48,,GustANN,sift1b,1646,100.000000
b_gustann_sift1b_mb48,,GustANN,sift1b,1647,100.000000
b_gustann_sift1b_mb48,,GustANN,sift1b,1648,100.000000
b_gustann_sift1b_mb48,,GustANN,sift1b,1649,100.000000
b_gustann_sift1b_mb48,,GustANN,sift1b,1650,100.000000
b_gustann_sift1b_mb48,,GustANN,sift1b,1651,100.000000
b_gustann_sift1b_mb48,,GustANN,sift1b,1652,100.000000
b_gustann_sift1b_mb48,,GustANN,sift1b,1653,100.000000
b_gustann_sift1b_mb48,,GustANN,sift1b,1654,100.000000
b_gustann_sift1b_mb48,,GustANN,sift1b,1655,100.000000
b_gustann_sift1b_mb48,,GustANN,sift1b,1656,100.000000
b_gustann_sift1b_mb48,,GustANN,sift1b,1657,100.000000
b_gustann_sift1b_mb48,,GustANN,sift1b,1658,100.000000
b_gustann_sift1b_mb48,,GustANN,sift1b,1659,100.000000
b_gustann_sift1b_mb48,,GustANN,sift1b,1660,98.307105
b_gustann_sift1b_mb48,,GustANN,sift1b,1661,100.000000
b_gustann_sift1b_mb48,,GustANN,sift1b,1662,100.000000
b_gustann_sift1b_mb48,,GustANN,sift1b,1663,100.000000
b_gustann_sift1b_mb48,,GustANN,sift1b,1664,100.000000
b_gustann_sift1b_mb48,,GustANN,sift1b,1665,100.000000
b_gustann_sift1b_mb48,,GustANN,sift1b,1666,100.000000
b_gustann_sift1b_mb48,,GustANN,sift1b,1667,100.000000
b_gustann_sift1b_mb48,,GustANN,sift1b,1668,100.000000
b_gustann_sift1b_mb48,,GustANN,sift1b,1669,100.000000
b_gustann_sift1b_mb48,,GustANN,sift1b,1670,100.000000
b_gustann_sift1b_mb48,,GustANN,sift1b,1671,100.000000
b_gustann_sift1b_mb48,,GustANN,sift1b,1672,100.000000
b_gustann_sift1b_mb48,,GustANN,sift1b,1673,100.000000
b_gustann_sift1b_mb48,,GustANN,sift1b,1674,100.000000
b_gustann_sift1b_mb48,,GustANN,sift1b,1675,100.000000
b_gustann_sift1b_mb48,,GustANN,sift1b,1676,100.000000
b_gustann_sift1b_mb48,,GustANN,sift1b,1677,100.000000
b_gustann_sift1b_mb48,,GustANN,sift1b,1678,100.000000
b_gustann_sift1b_mb48,,GustANN,sift1b,1679,100.000000
b_gustann_sift1b_mb48,,GustANN,sift1b,1680,100.000000
b_gustann_sift1b_mb48,,GustANN,sift1b,1681,100.000000
b_gustann_sift1b_mb48,,GustANN,sift1b,1682,100.000000
b_gustann_sift1b_mb48,,GustANN,sift1b,1683,100.000000
b_gustann_sift1b_mb48,,GustANN,sift1b,1684,100.000000
b_gustann_sift1b_mb48,,GustANN,sift1b,1685,100.000000
b_gustann_sift1b_mb48,,GustANN,sift1b,1686,100.000000
b_gustann_sift1b_mb48,,GustANN,sift1b,1687,100.000000
b_gustann_sift1b_mb48,,GustANN,sift1b,1688,100.000000
b_gustann_sift1b_mb48,,GustANN,sift1b,1689,100.000000
b_gustann_sift1b_mb48,,GustANN,sift1b,1690,100.000000
b_gustann_sift1b_mb48,,GustANN,sift1b,1691,100.000000
b_gustann_sift1b_mb48,,GustANN,sift1b,1692,100.000000
b_gustann_sift1b_mb48,,GustANN,sift1b,1693,100.000000
b_gustann_sift1b_mb48,,GustANN,sift1b,1694,100.000000
b_gustann_sift1b_mb48,,GustANN,sift1b,1695,100.000000
b_gustann_sift1b_mb48,,GustANN,sift1b,1696,100.000000
b_gustann_sift1b_mb48,,GustANN,sift1b,1697,100.000000
b_gustann_sift1b_mb48,,GustANN,sift1b,1698,100.000000
b_gustann_sift1b_mb48,,GustANN,sift1b,1699,97.711016
b_gustann_sift1b_mb48,,GustANN,sift1b,1700,100.000000
b_gustann_sift1b_mb48,,GustANN,sift1b,1701,100.000000
b_gustann_sift1b_mb48,,GustANN,sift1b,1702,100.000000
b_gustann_sift1b_mb48,,GustANN,sift1b,1703,100.000000
b_gustann_sift1b_mb48,,GustANN,sift1b,1704,100.000000
b_gustann_sift1b_mb48,,GustANN,sift1b,1705,96.900334
b_gustann_sift1b_mb48,,GustANN,sift1b,1706,100.000000
b_gustann_sift1b_mb48,,GustANN,sift1b,1707,100.000000
b_gustann_sift1b_mb48,,GustANN,sift1b,1708,100.000000
b_gustann_sift1b_mb48,,GustANN,sift1b,1709,100.000000
b_gustann_sift1b_mb48,,GustANN,sift1b,1710,100.000000
b_gustann_sift1b_mb48,,GustANN,sift1b,1711,100.000000
b_gustann_sift1b_mb48,,GustANN,sift1b,1712,100.000000
b_gustann_sift1b_mb48,,GustANN,sift1b,1713,100.000000
b_gustann_sift1b_mb48,,GustANN,sift1b,1714,100.000000
b_gustann_sift1b_mb48,,GustANN,sift1b,1715,100.000000
b_gustann_sift1b_mb48,,GustANN,sift1b,1716,100.000000
b_gustann_sift1b_mb48,,GustANN,sift1b,1717,77.205532
b_gustann_sift1b_mb48,,GustANN,sift1b,1718,100.000000
b_gustann_sift1b_mb48,,GustANN,sift1b,1719,100.000000
b_gustann_sift1b_mb48,,GustANN,sift1b,1720,100.000000
b_gustann_sift1b_mb48,,GustANN,sift1b,1721,100.000000
b_gustann_sift1b_mb48,,GustANN,sift1b,1722,97.496423
b_gustann_sift1b_mb48,,GustANN,sift1b,1723,100.000000
b_gustann_sift1b_mb48,,GustANN,sift1b,1724,100.000000
b_gustann_sift1b_mb48,,GustANN,sift1b,1725,100.000000
b_gustann_sift1b_mb48,,GustANN,sift1b,1726,100.000000
b_gustann_sift1b_mb48,,GustANN,sift1b,1727,100.000000
b_gustann_sift1b_mb48,,GustANN,sift1b,1728,100.000000
b_gustann_sift1b_mb48,,GustANN,sift1b,1729,88.507392
b_gustann_sift1b_mb48,,GustANN,sift1b,1730,100.000000
b_gustann_sift1b_mb48,,GustANN,sift1b,1731,100.000000
b_gustann_sift1b_mb48,,GustANN,sift1b,1732,100.000000
b_gustann_sift1b_mb48,,GustANN,sift1b,1733,94.206009
b_gustann_sift1b_mb48,,GustANN,sift1b,1734,100.000000
b_gustann_sift1b_mb48,,GustANN,sift1b,1735,100.000000
b_gustann_sift1b_mb48,,GustANN,sift1b,1736,100.000000
b_gustann_sift1b_mb48,,GustANN,sift1b,1737,100.000000
b_gustann_sift1b_mb48,,GustANN,sift1b,1738,100.000000
b_gustann_sift1b_mb48,,GustANN,sift1b,1739,100.000000
b_gustann_sift1b_mb48,,GustANN,sift1b,1740,100.000000
b_gustann_sift1b_mb48,,GustANN,sift1b,1741,100.000000
b_gustann_sift1b_mb48,,GustANN,sift1b,1742,100.000000
b_gustann_sift1b_mb48,,GustANN,sift1b,1743,90.009537
b_gustann_sift1b_mb48,,GustANN,sift1b,1744,100.000000
b_gustann_sift1b_mb48,,GustANN,sift1b,1745,100.000000
b_gustann_sift1b_mb48,,GustANN,sift1b,1746,100.000000
b_gustann_sift1b_mb48,,GustANN,sift1b,1747,100.000000
b_gustann_sift1b_mb48,,GustANN,sift1b,1748,100.000000
b_gustann_sift1b_mb48,,GustANN,sift1b,1749,100.000000
b_gustann_sift1b_mb48,,GustANN,sift1b,1750,100.000000
b_gustann_sift1b_mb48,,GustANN,sift1b,1751,100.000000
b_gustann_sift1b_mb48,,GustANN,sift1b,1752,100.000000
b_gustann_sift1b_mb48,,GustANN,sift1b,1753,100.000000
b_gustann_sift1b_mb48,,GustANN,sift1b,1754,100.000000
b_gustann_sift1b_mb48,,GustANN,sift1b,1755,100.000000
b_gustann_sift1b_mb48,,GustANN,sift1b,1756,100.000000
b_gustann_sift1b_mb48,,GustANN,sift1b,1757,96.208870
b_gustann_sift1b_mb48,,GustANN,sift1b,1758,100.000000
b_gustann_sift1b_mb48,,GustANN,sift1b,1759,100.000000
b_gustann_sift1b_mb48,,GustANN,sift1b,1760,100.000000
b_gustann_sift1b_mb48,,GustANN,sift1b,1761,100.000000
b_gustann_sift1b_mb48,,GustANN,sift1b,1762,100.000000
b_gustann_sift1b_mb48,,GustANN,sift1b,1763,100.000000
b_gustann_sift1b_mb48,,GustANN,sift1b,1764,100.000000
b_gustann_sift1b_mb48,,GustANN,sift1b,1765,100.000000
b_gustann_sift1b_mb48,,GustANN,sift1b,1766,100.000000
b_gustann_sift1b_mb48,,GustANN,sift1b,1767,100.000000
b_gustann_sift1b_mb48,,GustANN,sift1b,1768,100.000000
b_gustann_sift1b_mb48,,GustANN,sift1b,1769,99.213162
b_gustann_sift1b_mb48,,GustANN,sift1b,1770,100.000000
b_gustann_sift1b_mb48,,GustANN,sift1b,1771,100.000000
b_gustann_sift1b_mb48,,GustANN,sift1b,1772,100.000000
b_gustann_sift1b_mb48,,GustANN,sift1b,1773,100.000000
b_gustann_sift1b_mb48,,GustANN,sift1b,1774,100.000000
b_gustann_sift1b_mb48,,GustANN,sift1b,1775,90.796376
b_gustann_sift1b_mb48,,GustANN,sift1b,1776,100.000000
b_gustann_sift1b_mb48,,GustANN,sift1b,1777,100.000000
b_gustann_sift1b_mb48,,GustANN,sift1b,1778,100.000000
b_gustann_sift1b_mb48,,GustANN,sift1b,1779,100.000000
b_gustann_sift1b_mb48,,GustANN,sift1b,1780,100.000000
b_gustann_sift1b_mb48,,GustANN,sift1b,1781,100.000000
b_gustann_sift1b_mb48,,GustANN,sift1b,1782,100.000000
b_gustann_sift1b_mb48,,GustANN,sift1b,1783,100.000000
b_gustann_sift1b_mb48,,GustANN,sift1b,1784,100.000000
b_gustann_sift1b_mb48,,GustANN,sift1b,1785,100.000000
b_gustann_sift1b_mb48,,GustANN,sift1b,1786,100.000000
b_gustann_sift1b_mb48,,GustANN,sift1b,1787,100.000000
b_gustann_sift1b_mb48,,GustANN,sift1b,1788,100.000000
b_gustann_sift1b_mb48,,GustANN,sift1b,1789,100.000000
b_gustann_sift1b_mb48,,GustANN,sift1b,1790,100.000000
b_gustann_sift1b_mb48,,GustANN,sift1b,1791,100.000000
b_gustann_sift1b_mb48,,GustANN,sift1b,1792,100.000000
b_gustann_sift1b_mb48,,GustANN,sift1b,1793,100.000000
b_gustann_sift1b_mb48,,GustANN,sift1b,1794,100.000000
b_gustann_sift1b_mb48,,GustANN,sift1b,1795,100.000000
b_gustann_sift1b_mb48,,GustANN,sift1b,1796,100.000000
b_gustann_sift1b_mb48,,GustANN,sift1b,1797,100.000000
b_gustann_sift1b_mb48,,GustANN,sift1b,1798,100.000000
b_gustann_sift1b_mb48,,GustANN,sift1b,1799,100.000000
b_gustann_sift1b_mb48,,GustANN,sift1b,1800,100.000000
b_gustann_sift1b_mb48,,GustANN,sift1b,1801,100.000000
b_gustann_sift1b_mb48,,GustANN,sift1b,1802,100.000000
b_gustann_sift1b_mb48,,GustANN,sift1b,1803,100.000000
b_gustann_sift1b_mb48,,GustANN,sift1b,1804,100.000000
b_gustann_sift1b_mb48,,GustANN,sift1b,1805,100.000000
b_gustann_sift1b_mb48,,GustANN,sift1b,1806,100.000000
b_gustann_sift1b_mb48,,GustANN,sift1b,1807,100.000000
b_gustann_sift1b_mb48,,GustANN,sift1b,1808,100.000000
b_gustann_sift1b_mb48,,GustANN,sift1b,1809,100.000000
b_gustann_sift1b_mb48,,GustANN,sift1b,1810,100.000000
b_gustann_sift1b_mb48,,GustANN,sift1b,1811,100.000000
b_gustann_sift1b_mb48,,GustANN,sift1b,1812,100.000000
b_gustann_sift1b_mb48,,GustANN,sift1b,1813,100.000000
b_gustann_sift1b_mb48,,GustANN,sift1b,1814,82.594182
b_gustann_sift1b_mb48,,GustANN,sift1b,1815,100.000000
b_gustann_sift1b_mb48,,GustANN,sift1b,1816,100.000000
b_gustann_sift1b_mb48,,GustANN,sift1b,1817,100.000000
b_gustann_sift1b_mb48,,GustANN,sift1b,1818,100.000000
b_gustann_sift1b_mb48,,GustANN,sift1b,1819,100.000000
b_gustann_sift1b_mb48,,GustANN,sift1b,1820,100.000000
b_gustann_sift1b_mb48,,GustANN,sift1b,1821,99.022413
b_gustann_sift1b_mb48,,GustANN,sift1b,1822,100.000000
b_gustann_sift1b_mb48,,GustANN,sift1b,1823,100.000000
b_gustann_sift1b_mb48,,GustANN,sift1b,1824,100.000000
b_gustann_sift1b_mb48,,GustANN,sift1b,1825,100.000000
b_gustann_sift1b_mb48,,GustANN,sift1b,1826,100.000000
b_gustann_sift1b_mb48,,GustANN,sift1b,1827,100.000000
b_gustann_sift1b_mb48,,GustANN,sift1b,1828,100.000000
b_gustann_sift1b_mb48,,GustANN,sift1b,1829,100.000000
b_gustann_sift1b_mb48,,GustANN,sift1b,1830,100.000000
b_gustann_sift1b_mb48,,GustANN,sift1b,1831,100.000000
b_gustann_sift1b_mb48,,GustANN,sift1b,1832,100.000000
b_gustann_sift1b_mb48,,GustANN,sift1b,1833,100.000000
b_gustann_sift1b_mb48,,GustANN,sift1b,1834,99.523128
b_gustann_sift1b_mb48,,GustANN,sift1b,1835,100.000000
b_gustann_sift1b_mb48,,GustANN,sift1b,1836,95.016691
b_gustann_sift1b_mb48,,GustANN,sift1b,1837,100.000000
b_gustann_sift1b_mb48,,GustANN,sift1b,1838,100.000000
b_gustann_sift1b_mb48,,GustANN,sift1b,1839,98.497854
b_gustann_sift1b_mb48,,GustANN,sift1b,1840,100.000000
b_gustann_sift1b_mb48,,GustANN,sift1b,1841,100.000000
b_gustann_sift1b_mb48,,GustANN,sift1b,1842,100.000000
b_gustann_sift1b_mb48,,GustANN,sift1b,1843,100.000000
b_gustann_sift1b_mb48,,GustANN,sift1b,1844,100.000000
b_gustann_sift1b_mb48,,GustANN,sift1b,1845,100.000000
b_gustann_sift1b_mb48,,GustANN,sift1b,1846,100.000000
b_gustann_sift1b_mb48,,GustANN,sift1b,1847,100.000000
b_gustann_sift1b_mb48,,GustANN,sift1b,1848,90.605627
b_gustann_sift1b_mb48,,GustANN,sift1b,1849,100.000000
b_gustann_sift1b_mb48,,GustANN,sift1b,1850,100.000000
b_gustann_sift1b_mb48,,GustANN,sift1b,1851,100.000000
b_gustann_sift1b_mb48,,GustANN,sift1b,1852,100.000000
b_gustann_sift1b_mb48,,GustANN,sift1b,1853,92.322365
b_gustann_sift1b_mb48,,GustANN,sift1b,1854,100.000000
b_gustann_sift1b_mb48,,GustANN,sift1b,1855,100.000000
b_gustann_sift1b_mb48,,GustANN,sift1b,1856,100.000000
b_gustann_sift1b_mb48,,GustANN,sift1b,1857,95.517406
b_gustann_sift1b_mb48,,GustANN,sift1b,1858,100.000000
b_gustann_sift1b_mb48,,GustANN,sift1b,1859,97.901764
b_gustann_sift1b_mb48,,GustANN,sift1b,1860,100.000000
b_gustann_sift1b_mb48,,GustANN,sift1b,1861,100.000000
b_gustann_sift1b_mb48,,GustANN,sift1b,1862,100.000000
b_gustann_sift1b_mb48,,GustANN,sift1b,1863,100.000000
b_gustann_sift1b_mb48,,GustANN,sift1b,1864,86.003815
b_gustann_sift1b_mb48,,GustANN,sift1b,1865,100.000000
b_gustann_sift1b_mb48,,GustANN,sift1b,1866,95.708155
b_gustann_sift1b_mb48,,GustANN,sift1b,1867,100.000000
b_gustann_sift1b_mb48,,GustANN,sift1b,1868,100.000000
b_gustann_sift1b_mb48,,GustANN,sift1b,1869,100.000000
b_gustann_sift1b_mb48,,GustANN,sift1b,1870,100.000000
b_gustann_sift1b_mb48,,GustANN,sift1b,1871,100.000000
b_gustann_sift1b_mb48,,GustANN,sift1b,1872,100.000000
b_gustann_sift1b_mb48,,GustANN,sift1b,1873,100.000000
b_gustann_sift1b_mb48,,GustANN,sift1b,1874,100.000000
b_gustann_sift1b_mb48,,GustANN,sift1b,1875,100.000000
b_gustann_sift1b_mb48,,GustANN,sift1b,1876,100.000000
b_gustann_sift1b_mb48,,GustANN,sift1b,1877,100.000000
b_gustann_sift1b_mb48,,GustANN,sift1b,1878,100.000000
b_gustann_sift1b_mb48,,GustANN,sift1b,1879,92.012399
b_gustann_sift1b_mb48,,GustANN,sift1b,1880,100.000000
b_gustann_sift1b_mb48,,GustANN,sift1b,1881,100.000000
b_gustann_sift1b_mb48,,GustANN,sift1b,1882,96.399619
b_gustann_sift1b_mb48,,GustANN,sift1b,1883,100.000000
b_gustann_sift1b_mb48,,GustANN,sift1b,1884,100.000000
b_gustann_sift1b_mb48,,GustANN,sift1b,1885,100.000000
b_gustann_sift1b_mb48,,GustANN,sift1b,1886,97.806390
b_gustann_sift1b_mb48,,GustANN,sift1b,1887,100.000000
b_gustann_sift1b_mb48,,GustANN,sift1b,1888,100.000000
b_gustann_sift1b_mb48,,GustANN,sift1b,1889,100.000000
b_gustann_sift1b_mb48,,GustANN,sift1b,1890,100.000000
b_gustann_sift1b_mb48,,GustANN,sift1b,1891,100.000000
b_gustann_sift1b_mb48,,GustANN,sift1b,1892,100.000000
b_gustann_sift1b_mb48,,GustANN,sift1b,1893,100.000000
b_gustann_sift1b_mb48,,GustANN,sift1b,1894,100.000000
b_gustann_sift1b_mb48,,GustANN,sift1b,1895,100.000000
b_gustann_sift1b_mb48,,GustANN,sift1b,1896,98.116357
b_gustann_sift1b_mb48,,GustANN,sift1b,1897,100.000000
b_gustann_sift1b_mb48,,GustANN,sift1b,1898,100.000000
b_gustann_sift1b_mb48,,GustANN,sift1b,1899,100.000000
b_gustann_sift1b_mb48,,GustANN,sift1b,1900,100.000000
b_gustann_sift1b_mb48,,GustANN,sift1b,1901,100.000000
b_gustann_sift1b_mb48,,GustANN,sift1b,1902,100.000000
b_gustann_sift1b_mb48,,GustANN,sift1b,1903,100.000000
b_gustann_sift1b_mb48,,GustANN,sift1b,1904,100.000000
b_gustann_sift1b_mb48,,GustANN,sift1b,1905,100.000000
b_gustann_sift1b_mb48,,GustANN,sift1b,1906,100.000000
b_gustann_sift1b_mb48,,GustANN,sift1b,1907,100.000000
b_gustann_sift1b_mb48,,GustANN,sift1b,1908,100.000000
b_gustann_sift1b_mb48,,GustANN,sift1b,1909,100.000000
b_gustann_sift1b_mb48,,GustANN,sift1b,1910,98.593228
b_gustann_sift1b_mb48,,GustANN,sift1b,1911,100.000000
b_gustann_sift1b_mb48,,GustANN,sift1b,1912,100.000000
b_gustann_sift1b_mb48,,GustANN,sift1b,1913,100.000000
b_gustann_sift1b_mb48,,GustANN,sift1b,1914,94.110634
b_gustann_sift1b_mb48,,GustANN,sift1b,1915,100.000000
b_gustann_sift1b_mb48,,GustANN,sift1b,1916,100.000000
b_gustann_sift1b_mb48,,GustANN,sift1b,1917,100.000000
b_gustann_sift1b_mb48,,GustANN,sift1b,1918,100.000000
b_gustann_sift1b_mb48,,GustANN,sift1b,1919,100.000000
b_gustann_sift1b_mb48,,GustANN,sift1b,1920,100.000000
b_gustann_sift1b_mb48,,GustANN,sift1b,1921,100.000000
b_gustann_sift1b_mb48,,GustANN,sift1b,1922,100.000000
b_gustann_sift1b_mb48,,GustANN,sift1b,1923,100.000000
b_gustann_sift1b_mb48,,GustANN,sift1b,1924,100.000000
b_gustann_sift1b_mb48,,GustANN,sift1b,1925,100.000000
b_gustann_sift1b_mb48,,GustANN,sift1b,1926,100.000000
b_gustann_sift1b_mb48,,GustANN,sift1b,1927,96.614211
b_gustann_sift1b_mb48,,GustANN,sift1b,1928,100.000000
b_gustann_sift1b_mb48,,GustANN,sift1b,1929,100.000000
b_gustann_sift1b_mb48,,GustANN,sift1b,1930,100.000000
b_gustann_sift1b_mb48,,GustANN,sift1b,1931,100.000000
b_gustann_sift1b_mb48,,GustANN,sift1b,1932,100.000000
b_gustann_sift1b_mb48,,GustANN,sift1b,1933,100.000000
b_gustann_sift1b_mb48,,GustANN,sift1b,1934,98.402480
b_gustann_sift1b_mb48,,GustANN,sift1b,1935,100.000000
b_gustann_sift1b_mb48,,GustANN,sift1b,1936,100.000000
b_gustann_sift1b_mb48,,GustANN,sift1b,1937,100.000000
b_gustann_sift1b_mb48,,GustANN,sift1b,1938,100.000000
b_gustann_sift1b_mb48,,GustANN,sift1b,1939,100.000000
b_gustann_sift1b_mb48,,GustANN,sift1b,1940,100.000000
b_gustann_sift1b_mb48,,GustANN,sift1b,1941,100.000000
b_gustann_sift1b_mb48,,GustANN,sift1b,1942,100.000000
b_gustann_sift1b_mb48,,GustANN,sift1b,1943,100.000000
b_gustann_sift1b_mb48,,GustANN,sift1b,1944,100.000000
b_gustann_sift1b_mb48,,GustANN,sift1b,1945,100.000000
b_gustann_sift1b_mb48,,GustANN,sift1b,1946,100.000000
b_gustann_sift1b_mb48,,GustANN,sift1b,1947,100.000000
b_gustann_sift1b_mb48,,GustANN,sift1b,1948,100.000000
b_gustann_sift1b_mb48,,GustANN,sift1b,1949,100.000000
b_gustann_sift1b_mb48,,GustANN,sift1b,1950,100.000000
b_gustann_sift1b_mb48,,GustANN,sift1b,1951,100.000000
b_gustann_sift1b_mb48,,GustANN,sift1b,1952,100.000000
b_gustann_sift1b_mb48,,GustANN,sift1b,1953,100.000000
b_gustann_sift1b_mb48,,GustANN,sift1b,1954,100.000000
b_gustann_sift1b_mb48,,GustANN,sift1b,1955,100.000000
b_gustann_sift1b_mb48,,GustANN,sift1b,1956,100.000000
b_gustann_sift1b_mb48,,GustANN,sift1b,1957,100.000000
b_gustann_sift1b_mb48,,GustANN,sift1b,1958,100.000000
b_gustann_sift1b_mb48,,GustANN,sift1b,1959,100.000000
b_gustann_sift1b_mb48,,GustANN,sift1b,1960,100.000000
b_gustann_sift1b_mb48,,GustANN,sift1b,1961,100.000000
b_gustann_sift1b_mb48,,GustANN,sift1b,1962,100.000000
b_gustann_sift1b_mb48,,GustANN,sift1b,1963,100.000000
b_gustann_sift1b_mb48,,GustANN,sift1b,1964,100.000000
b_gustann_sift1b_mb48,,GustANN,sift1b,1965,100.000000
b_gustann_sift1b_mb48,,GustANN,sift1b,1966,100.000000
b_gustann_sift1b_mb48,,GustANN,sift1b,1967,100.000000
b_gustann_sift1b_mb48,,GustANN,sift1b,1968,100.000000
b_gustann_sift1b_mb48,,GustANN,sift1b,1969,100.000000
b_gustann_sift1b_mb48,,GustANN,sift1b,1970,98.903195
b_gustann_sift1b_mb48,,GustANN,sift1b,1971,100.000000
b_gustann_sift1b_mb48,,GustANN,sift1b,1972,100.000000
b_gustann_sift1b_mb48,,GustANN,sift1b,1973,100.000000
b_gustann_sift1b_mb48,,GustANN,sift1b,1974,100.000000
b_gustann_sift1b_mb48,,GustANN,sift1b,1975,100.000000
b_gustann_sift1b_mb48,,GustANN,sift1b,1976,100.000000
b_gustann_sift1b_mb48,,GustANN,sift1b,1977,100.000000
b_gustann_sift1b_mb48,,GustANN,sift1b,1978,100.000000
b_gustann_sift1b_mb48,,GustANN,sift1b,1979,100.000000
b_gustann_sift1b_mb48,,GustANN,sift1b,1980,100.000000
b_gustann_sift1b_mb48,,GustANN,sift1b,1981,100.000000
b_gustann_sift1b_mb48,,GustANN,sift1b,1982,100.000000
b_gustann_sift1b_mb48,,GustANN,sift1b,1983,100.000000
b_gustann_sift1b_mb48,,GustANN,sift1b,1984,100.000000
b_gustann_sift1b_mb48,,GustANN,sift1b,1985,88.912732
b_gustann_sift1b_mb48,,GustANN,sift1b,1986,100.000000
b_gustann_sift1b_mb48,,GustANN,sift1b,1987,100.000000
b_gustann_sift1b_mb48,,GustANN,sift1b,1988,100.000000
b_gustann_sift1b_mb48,,GustANN,sift1b,1989,100.000000
b_gustann_sift1b_mb48,,GustANN,sift1b,1990,100.000000
b_gustann_sift1b_mb48,,GustANN,sift1b,1991,100.000000
b_gustann_sift1b_mb48,,GustANN,sift1b,1992,100.000000
b_gustann_sift1b_mb48,,GustANN,sift1b,1993,100.000000
b_gustann_sift1b_mb48,,GustANN,sift1b,1994,100.000000
b_gustann_sift1b_mb48,,GustANN,sift1b,1995,100.000000
b_gustann_sift1b_mb48,,GustANN,sift1b,1996,100.000000
b_gustann_sift1b_mb48,,GustANN,sift1b,1997,100.000000
b_gustann_sift1b_mb48,,GustANN,sift1b,1998,100.000000
b_gustann_sift1b_mb48,,GustANN,sift1b,1999,92.513114
b_gustann_sift1b_mb48,,GustANN,sift1b,2000,100.000000
b_gustann_sift1b_mb48,,GustANN,sift1b,2001,100.000000
b_gustann_sift1b_mb48,,GustANN,sift1b,2002,100.000000
b_gustann_sift1b_mb48,,GustANN,sift1b,2003,100.000000
b_gustann_sift1b_mb48,,GustANN,sift1b,2004,100.000000
b_gustann_sift1b_mb48,,GustANN,sift1b,2005,100.000000
b_gustann_sift1b_mb48,,GustANN,sift1b,2006,100.000000
b_gustann_sift1b_mb48,,GustANN,sift1b,2007,100.000000
b_gustann_sift1b_mb48,,GustANN,sift1b,2008,100.000000
b_gustann_sift1b_mb48,,GustANN,sift1b,2009,100.000000
b_gustann_sift1b_mb48,,GustANN,sift1b,2010,100.000000
b_gustann_sift1b_mb48,,GustANN,sift1b,2011,100.000000
b_gustann_sift1b_mb48,,GustANN,sift1b,2012,100.000000
b_gustann_sift1b_mb48,,GustANN,sift1b,2013,100.000000
b_gustann_sift1b_mb48,,GustANN,sift1b,2014,99.713877
b_gustann_sift1b_mb48,,GustANN,sift1b,2015,100.000000
b_gustann_sift1b_mb48,,GustANN,sift1b,2016,100.000000
b_gustann_sift1b_mb48,,GustANN,sift1b,2017,100.000000
b_gustann_sift1b_mb48,,GustANN,sift1b,2018,100.000000
b_gustann_sift1b_mb48,,GustANN,sift1b,2019,100.000000
b_gustann_sift1b_mb48,,GustANN,sift1b,2020,100.000000
b_gustann_sift1b_mb48,,GustANN,sift1b,2021,100.000000
b_gustann_sift1b_mb48,,GustANN,sift1b,2022,100.000000
b_gustann_sift1b_mb48,,GustANN,sift1b,2023,100.000000
b_gustann_sift1b_mb48,,GustANN,sift1b,2024,100.000000
b_gustann_sift1b_mb48,,GustANN,sift1b,2025,100.000000
b_gustann_sift1b_mb48,,GustANN,sift1b,2026,100.000000
b_gustann_sift1b_mb48,,GustANN,sift1b,2027,100.000000
b_gustann_sift1b_mb48,,GustANN,sift1b,2028,100.000000
b_gustann_sift1b_mb48,,GustANN,sift1b,2029,100.000000
b_gustann_sift1b_mb48,,GustANN,sift1b,2030,100.000000
b_gustann_sift1b_mb48,,GustANN,sift1b,2031,100.000000
b_gustann_sift1b_mb48,,GustANN,sift1b,2032,100.000000
b_gustann_sift1b_mb48,,GustANN,sift1b,2033,100.000000
b_gustann_sift1b_mb48,,GustANN,sift1b,2034,100.000000
b_gustann_sift1b_mb48,,GustANN,sift1b,2035,100.000000
b_gustann_sift1b_mb48,,GustANN,sift1b,2036,100.000000
b_gustann_sift1b_mb48,,GustANN,sift1b,2037,100.000000
b_gustann_sift1b_mb48,,GustANN,sift1b,2038,100.000000
b_gustann_sift1b_mb48,,GustANN,sift1b,2039,96.518836
b_gustann_sift1b_mb48,,GustANN,sift1b,2040,100.000000
b_gustann_sift1b_mb48,,GustANN,sift1b,2041,100.000000
b_gustann_sift1b_mb48,,GustANN,sift1b,2042,100.000000
b_gustann_sift1b_mb48,,GustANN,sift1b,2043,100.000000
b_gustann_sift1b_mb48,,GustANN,sift1b,2044,100.000000
b_gustann_sift1b_mb48,,GustANN,sift1b,2045,100.000000
b_gustann_sift1b_mb48,,GustANN,sift1b,2046,100.000000
b_gustann_sift1b_mb48,,GustANN,sift1b,2047,100.000000
b_gustann_sift1b_mb48,,GustANN,sift1b,2048,100.000000
b_gustann_sift1b_mb48,,GustANN,sift1b,2049,100.000000
b_gustann_sift1b_mb48,,GustANN,sift1b,2050,100.000000
b_gustann_sift1b_mb48,,GustANN,sift1b,2051,100.000000
b_gustann_sift1b_mb48,,GustANN,sift1b,2052,100.000000
b_gustann_sift1b_mb48,,GustANN,sift1b,2053,100.000000
b_gustann_sift1b_mb48,,GustANN,sift1b,2054,99.403910
b_gustann_sift1b_mb48,,GustANN,sift1b,2055,100.000000
b_gustann_sift1b_mb48,,GustANN,sift1b,2056,94.206009
b_gustann_sift1b_mb48,,GustANN,sift1b,2057,100.000000
b_gustann_sift1b_mb48,,GustANN,sift1b,2058,100.000000
b_gustann_sift1b_mb48,,GustANN,sift1b,2059,100.000000
b_gustann_sift1b_mb48,,GustANN,sift1b,2060,96.018121
b_gustann_sift1b_mb48,,GustANN,sift1b,2061,100.000000
b_gustann_sift1b_mb48,,GustANN,sift1b,2062,100.000000
b_gustann_sift1b_mb48,,GustANN,sift1b,2063,100.000000
b_gustann_sift1b_mb48,,GustANN,sift1b,2064,100.000000
b_gustann_sift1b_mb48,,GustANN,sift1b,2065,100.000000
b_gustann_sift1b_mb48,,GustANN,sift1b,2066,100.000000
b_gustann_sift1b_mb48,,GustANN,sift1b,2067,100.000000
b_gustann_sift1b_mb48,,GustANN,sift1b,2068,100.000000
b_gustann_sift1b_mb48,,GustANN,sift1b,2069,100.000000
b_gustann_sift1b_mb48,,GustANN,sift1b,2070,100.000000
b_gustann_sift1b_mb48,,GustANN,sift1b,2071,100.000000
b_gustann_sift1b_mb48,,GustANN,sift1b,2072,100.000000
b_gustann_sift1b_mb48,,GustANN,sift1b,2073,82.594182
b_gustann_sift1b_mb48,,GustANN,sift1b,2074,100.000000
b_gustann_sift1b_mb48,,GustANN,sift1b,2075,100.000000
b_gustann_sift1b_mb48,,GustANN,sift1b,2076,100.000000
b_gustann_sift1b_mb48,,GustANN,sift1b,2077,100.000000
b_gustann_sift1b_mb48,,GustANN,sift1b,2078,100.000000
b_gustann_sift1b_mb48,,GustANN,sift1b,2079,100.000000
b_gustann_sift1b_mb48,,GustANN,sift1b,2080,78.707678
b_gustann_sift1b_mb48,,GustANN,sift1b,2081,100.000000
b_gustann_sift1b_mb48,,GustANN,sift1b,2082,100.000000
b_gustann_sift1b_mb48,,GustANN,sift1b,2083,100.000000
b_gustann_sift1b_mb48,,GustANN,sift1b,2084,100.000000
b_gustann_sift1b_mb48,,GustANN,sift1b,2085,100.000000
b_gustann_sift1b_mb48,,GustANN,sift1b,2086,100.000000
b_gustann_sift1b_mb48,,GustANN,sift1b,2087,100.000000
b_gustann_sift1b_mb48,,GustANN,sift1b,2088,100.000000
b_gustann_sift1b_mb48,,GustANN,sift1b,2089,97.711016
b_gustann_sift1b_mb48,,GustANN,sift1b,2090,79.709108
b_gustann_sift1b_mb48,,GustANN,sift1b,2091,100.000000
b_gustann_sift1b_mb48,,GustANN,sift1b,2092,100.000000
b_gustann_sift1b_mb48,,GustANN,sift1b,2093,100.000000
b_gustann_sift1b_mb48,,GustANN,sift1b,2094,100.000000
b_gustann_sift1b_mb48,,GustANN,sift1b,2095,100.000000
b_gustann_sift1b_mb48,,GustANN,sift1b,2096,100.000000
b_gustann_sift1b_mb48,,GustANN,sift1b,2097,100.000000
b_gustann_sift1b_mb48,,GustANN,sift1b,2098,100.000000
b_gustann_sift1b_mb48,,GustANN,sift1b,2099,100.000000
b_gustann_sift1b_mb48,,GustANN,sift1b,2100,100.000000
b_gustann_sift1b_mb48,,GustANN,sift1b,2101,100.000000
b_gustann_sift1b_mb48,,GustANN,sift1b,2102,100.000000
b_gustann_sift1b_mb48,,GustANN,sift1b,2103,100.000000
b_gustann_sift1b_mb48,,GustANN,sift1b,2104,100.000000
b_gustann_sift1b_mb48,,GustANN,sift1b,2105,100.000000
b_gustann_sift1b_mb48,,GustANN,sift1b,2106,100.000000
b_gustann_sift1b_mb48,,GustANN,sift1b,2107,100.000000
b_gustann_sift1b_mb48,,GustANN,sift1b,2108,98.092513
b_gustann_sift1b_mb48,,GustANN,sift1b,2109,100.000000
b_gustann_sift1b_mb48,,GustANN,sift1b,2110,100.000000
b_gustann_sift1b_mb48,,GustANN,sift1b,2111,100.000000
b_gustann_sift1b_mb48,,GustANN,sift1b,2112,100.000000
b_gustann_sift1b_mb48,,GustANN,sift1b,2113,97.806390
b_gustann_sift1b_mb48,,GustANN,sift1b,2114,100.000000
b_gustann_sift1b_mb48,,GustANN,sift1b,2115,100.000000
b_gustann_sift1b_mb48,,GustANN,sift1b,2116,100.000000
b_gustann_sift1b_mb48,,GustANN,sift1b,2117,100.000000
b_gustann_sift1b_mb48,,GustANN,sift1b,2118,100.000000
b_gustann_sift1b_mb48,,GustANN,sift1b,2119,100.000000
b_gustann_sift1b_mb48,,GustANN,sift1b,2120,100.000000
b_gustann_sift1b_mb48,,GustANN,sift1b,2121,96.995708
b_gustann_sift1b_mb48,,GustANN,sift1b,2122,100.000000
b_gustann_sift1b_mb48,,GustANN,sift1b,2123,100.000000
b_gustann_sift1b_mb48,,GustANN,sift1b,2124,100.000000
b_gustann_sift1b_mb48,,GustANN,sift1b,2125,100.000000
b_gustann_sift1b_mb48,,GustANN,sift1b,2126,100.000000
b_gustann_sift1b_mb48,,GustANN,sift1b,2127,100.000000
b_gustann_sift1b_mb48,,GustANN,sift1b,2128,100.000000
b_gustann_sift1b_mb48,,GustANN,sift1b,2129,100.000000
b_gustann_sift1b_mb48,,GustANN,sift1b,2130,100.000000
b_gustann_sift1b_mb48,,GustANN,sift1b,2131,100.000000
b_gustann_sift1b_mb48,,GustANN,sift1b,2132,100.000000
b_gustann_sift1b_mb48,,GustANN,sift1b,2133,100.000000
b_gustann_sift1b_mb48,,GustANN,sift1b,2134,100.000000
b_gustann_sift1b_mb48,,GustANN,sift1b,2135,95.708155
b_gustann_sift1b_mb48,,GustANN,sift1b,2136,91.106342
b_gustann_sift1b_mb48,,GustANN,sift1b,2137,100.000000
b_gustann_sift1b_mb48,,GustANN,sift1b,2138,100.000000
b_gustann_sift1b_mb48,,GustANN,sift1b,2139,100.000000
b_gustann_sift1b_mb48,,GustANN,sift1b,2140,100.000000
b_gustann_sift1b_mb48,,GustANN,sift1b,2141,100.000000
b_gustann_sift1b_mb48,,GustANN,sift1b,2142,86.814497
b_gustann_sift1b_mb48,,GustANN,sift1b,2143,100.000000
b_gustann_sift1b_mb48,,GustANN,sift1b,2144,100.000000
b_gustann_sift1b_mb48,,GustANN,sift1b,2145,100.000000
b_gustann_sift1b_mb48,,GustANN,sift1b,2146,100.000000
b_gustann_sift1b_mb48,,GustANN,sift1b,2147,85.407725
b_gustann_sift1b_mb48,,GustANN,sift1b,2148,100.000000
b_gustann_sift1b_mb48,,GustANN,sift1b,2149,100.000000
b_gustann_sift1b_mb48,,GustANN,sift1b,2150,100.000000
b_gustann_sift1b_mb48,,GustANN,sift1b,2151,87.720553
b_gustann_sift1b_mb48,,GustANN,sift1b,2152,100.000000
b_gustann_sift1b_mb48,,GustANN,sift1b,2153,100.000000
b_gustann_sift1b_mb48,,GustANN,sift1b,2154,97.711016
b_gustann_sift1b_mb48,,GustANN,sift1b,2155,100.000000
b_gustann_sift1b_mb48,,GustANN,sift1b,2156,100.000000
b_gustann_sift1b_mb48,,GustANN,sift1b,2157,100.000000
b_gustann_sift1b_mb48,,GustANN,sift1b,2158,100.000000
b_gustann_sift1b_mb48,,GustANN,sift1b,2159,100.000000
b_gustann_sift1b_mb48,,GustANN,sift1b,2160,100.000000
b_gustann_sift1b_mb48,,GustANN,sift1b,2161,100.000000
b_gustann_sift1b_mb48,,GustANN,sift1b,2162,100.000000
b_gustann_sift1b_mb48,,GustANN,sift1b,2163,100.000000
b_gustann_sift1b_mb48,,GustANN,sift1b,2164,93.299952
b_gustann_sift1b_mb48,,GustANN,sift1b,2165,100.000000
b_gustann_sift1b_mb48,,GustANN,sift1b,2166,100.000000
b_gustann_sift1b_mb48,,GustANN,sift1b,2167,100.000000
b_gustann_sift1b_mb48,,GustANN,sift1b,2168,100.000000
b_gustann_sift1b_mb48,,GustANN,sift1b,2169,100.000000
b_gustann_sift1b_mb48,,GustANN,sift1b,2170,100.000000
b_gustann_sift1b_mb48,,GustANN,sift1b,2171,100.000000
b_gustann_sift1b_mb48,,GustANN,sift1b,2172,100.000000
b_gustann_sift1b_mb48,,GustANN,sift1b,2173,100.000000
b_gustann_sift1b_mb48,,GustANN,sift1b,2174,100.000000
b_gustann_sift1b_mb48,,GustANN,sift1b,2175,100.000000
b_gustann_sift1b_mb48,,GustANN,sift1b,2176,100.000000
b_gustann_sift1b_mb48,,GustANN,sift1b,2177,100.000000
b_gustann_sift1b_mb48,,GustANN,sift1b,2178,100.000000
b_gustann_sift1b_mb48,,GustANN,sift1b,2179,100.000000
b_gustann_sift1b_mb48,,GustANN,sift1b,2180,92.417740
b_gustann_sift1b_mb48,,GustANN,sift1b,2181,96.614211
b_gustann_sift1b_mb48,,GustANN,sift1b,2182,100.000000
b_gustann_sift1b_mb48,,GustANN,sift1b,2183,100.000000
b_gustann_sift1b_mb48,,GustANN,sift1b,2184,100.000000
b_gustann_sift1b_mb48,,GustANN,sift1b,2185,100.000000
b_gustann_sift1b_mb48,,GustANN,sift1b,2186,100.000000
b_gustann_sift1b_mb48,,GustANN,sift1b,2187,100.000000
b_gustann_sift1b_mb48,,GustANN,sift1b,2188,100.000000
b_gustann_sift1b_mb48,,GustANN,sift1b,2189,96.900334
b_gustann_sift1b_mb48,,GustANN,sift1b,2190,100.000000
b_gustann_sift1b_mb48,,GustANN,sift1b,2191,100.000000
b_gustann_sift1b_mb48,,GustANN,sift1b,2192,100.000000
b_gustann_sift1b_mb48,,GustANN,sift1b,2193,100.000000
b_gustann_sift1b_mb48,,GustANN,sift1b,2194,100.000000
b_gustann_sift1b_mb48,,GustANN,sift1b,2195,100.000000
b_gustann_sift1b_mb48,,GustANN,sift1b,2196,100.000000
b_gustann_sift1b_mb48,,GustANN,sift1b,2197,100.000000
b_gustann_sift1b_mb48,,GustANN,sift1b,2198,100.000000
b_gustann_sift1b_mb48,,GustANN,sift1b,2199,100.000000
b_gustann_sift1b_mb48,,GustANN,sift1b,2200,100.000000
b_gustann_sift1b_mb48,,GustANN,sift1b,2201,100.000000
b_gustann_sift1b_mb48,,GustANN,sift1b,2202,100.000000
b_gustann_sift1b_mb48,,GustANN,sift1b,2203,100.000000
b_gustann_sift1b_mb48,,GustANN,sift1b,2204,100.000000
b_gustann_sift1b_mb48,,GustANN,sift1b,2205,98.211731
b_gustann_sift1b_mb48,,GustANN,sift1b,2206,89.508822
b_gustann_sift1b_mb48,,GustANN,sift1b,2207,100.000000
b_gustann_sift1b_mb48,,GustANN,sift1b,2208,100.000000
b_gustann_sift1b_mb48,,GustANN,sift1b,2209,100.000000
b_gustann_sift1b_mb48,,GustANN,sift1b,2210,94.611350
b_gustann_sift1b_mb48,,GustANN,sift1b,2211,100.000000
b_gustann_sift1b_mb48,,GustANN,sift1b,2212,100.000000
b_gustann_sift1b_mb48,,GustANN,sift1b,2213,100.000000
b_gustann_sift1b_mb48,,GustANN,sift1b,2214,100.000000
b_gustann_sift1b_mb48,,GustANN,sift1b,2215,100.000000
b_gustann_sift1b_mb48,,GustANN,sift1b,2216,100.000000
b_gustann_sift1b_mb48,,GustANN,sift1b,2217,97.830234
b_gustann_sift1b_mb48,,GustANN,sift1b,2218,100.000000
b_gustann_sift1b_mb48,,GustANN,sift1b,2219,100.000000
b_gustann_sift1b_mb48,,GustANN,sift1b,2220,100.000000
b_gustann_sift1b_mb48,,GustANN,sift1b,2221,100.000000
b_gustann_sift1b_mb48,,GustANN,sift1b,2222,100.000000
b_gustann_sift1b_mb48,,GustANN,sift1b,2223,100.000000
b_gustann_sift1b_mb48,,GustANN,sift1b,2224,100.000000
b_gustann_sift1b_mb48,,GustANN,sift1b,2225,100.000000
b_gustann_sift1b_mb48,,GustANN,sift1b,2226,100.000000
b_gustann_sift1b_mb48,,GustANN,sift1b,2227,100.000000
b_gustann_sift1b_mb48,,GustANN,sift1b,2228,100.000000
b_gustann_sift1b_mb48,,GustANN,sift1b,2229,100.000000
b_gustann_sift1b_mb48,,GustANN,sift1b,2230,100.000000
b_gustann_sift1b_mb48,,GustANN,sift1b,2231,100.000000
b_gustann_sift1b_mb48,,GustANN,sift1b,2232,100.000000
b_gustann_sift1b_mb48,,GustANN,sift1b,2233,100.000000
b_gustann_sift1b_mb48,,GustANN,sift1b,2234,100.000000
b_gustann_sift1b_mb48,,GustANN,sift1b,2235,100.000000
b_gustann_sift1b_mb48,,GustANN,sift1b,2236,100.000000
b_gustann_sift1b_mb48,,GustANN,sift1b,2237,100.000000
b_gustann_sift1b_mb48,,GustANN,sift1b,2238,100.000000
b_gustann_sift1b_mb48,,GustANN,sift1b,2239,100.000000
b_gustann_sift1b_mb48,,GustANN,sift1b,2240,100.000000
b_gustann_sift1b_mb48,,GustANN,sift1b,2241,100.000000
b_gustann_sift1b_mb48,,GustANN,sift1b,2242,91.201717
b_gustann_sift1b_mb48,,GustANN,sift1b,2243,100.000000
b_gustann_sift1b_mb48,,GustANN,sift1b,2244,100.000000
b_gustann_sift1b_mb48,,GustANN,sift1b,2245,98.927039
b_gustann_sift1b_mb48,,GustANN,sift1b,2246,100.000000
b_gustann_sift1b_mb48,,GustANN,sift1b,2247,100.000000
b_gustann_sift1b_mb48,,GustANN,sift1b,2248,100.000000
b_gustann_sift1b_mb48,,GustANN,sift1b,2249,100.000000
b_gustann_sift1b_mb48,,GustANN,sift1b,2250,100.000000
b_gustann_sift1b_mb48,,GustANN,sift1b,2251,100.000000
b_gustann_sift1b_mb48,,GustANN,sift1b,2252,100.000000
b_gustann_sift1b_mb48,,GustANN,sift1b,2253,100.000000
b_gustann_sift1b_mb48,,GustANN,sift1b,2254,88.316643
b_gustann_sift1b_mb48,,GustANN,sift1b,2255,100.000000
b_gustann_sift1b_mb48,,GustANN,sift1b,2256,86.695279
b_gustann_sift1b_mb48,,GustANN,sift1b,2257,93.299952
b_gustann_sift1b_mb48,,GustANN,sift1b,2258,100.000000
b_gustann_sift1b_mb48,,GustANN,sift1b,2259,100.000000
b_gustann_sift1b_mb48,,GustANN,sift1b,2260,100.000000
b_gustann_sift1b_mb48,,GustANN,sift1b,2261,100.000000
b_gustann_sift1b_mb48,,GustANN,sift1b,2262,100.000000
b_gustann_sift1b_mb48,,GustANN,sift1b,2263,100.000000
b_gustann_sift1b_mb48,,GustANN,sift1b,2264,100.000000
b_gustann_sift1b_mb48,,GustANN,sift1b,2265,100.000000
b_gustann_sift1b_mb48,,GustANN,sift1b,2266,100.000000
b_gustann_sift1b_mb48,,GustANN,sift1b,2267,100.000000
b_gustann_sift1b_mb48,,GustANN,sift1b,2268,100.000000
b_gustann_sift1b_mb48,,GustANN,sift1b,2269,100.000000
b_gustann_sift1b_mb48,,GustANN,sift1b,2270,97.997139
b_gustann_sift1b_mb48,,GustANN,sift1b,2271,100.000000
b_gustann_sift1b_mb48,,GustANN,sift1b,2272,100.000000
b_gustann_sift1b_mb48,,GustANN,sift1b,2273,90.414878
b_gustann_sift1b_mb48,,GustANN,sift1b,2274,100.000000
b_gustann_sift1b_mb48,,GustANN,sift1b,2275,100.000000
b_gustann_sift1b_mb48,,GustANN,sift1b,2276,100.000000
b_gustann_sift1b_mb48,,GustANN,sift1b,2277,100.000000
b_gustann_sift1b_mb48,,GustANN,sift1b,2278,100.000000
b_gustann_sift1b_mb48,,GustANN,sift1b,2279,100.000000
b_gustann_sift1b_mb48,,GustANN,sift1b,2280,100.000000
b_gustann_sift1b_mb48,,GustANN,sift1b,2281,99.308536
b_gustann_sift1b_mb48,,GustANN,sift1b,2282,100.000000
b_gustann_sift1b_mb48,,GustANN,sift1b,2283,100.000000
b_gustann_sift1b_mb48,,GustANN,sift1b,2284,100.000000
b_gustann_sift1b_mb48,,GustANN,sift1b,2285,99.213162
b_gustann_sift1b_mb48,,GustANN,sift1b,2286,100.000000
b_gustann_sift1b_mb48,,GustANN,sift1b,2287,100.000000
b_gustann_sift1b_mb48,,GustANN,sift1b,2288,100.000000
b_gustann_sift1b_mb48,,GustANN,sift1b,2289,100.000000
b_gustann_sift1b_mb48,,GustANN,sift1b,2290,100.000000
b_gustann_sift1b_mb48,,GustANN,sift1b,2291,100.000000
b_gustann_sift1b_mb48,,GustANN,sift1b,2292,100.000000
b_gustann_sift1b_mb48,,GustANN,sift1b,2293,100.000000
b_gustann_sift1b_mb48,,GustANN,sift1b,2294,97.091082
b_gustann_sift1b_mb48,,GustANN,sift1b,2295,100.000000
b_gustann_sift1b_mb48,,GustANN,sift1b,2296,100.000000
b_gustann_sift1b_mb48,,GustANN,sift1b,2297,100.000000
b_gustann_sift1b_mb48,,GustANN,sift1b,2298,100.000000
b_gustann_sift1b_mb48,,GustANN,sift1b,2299,100.000000
b_gustann_sift1b_mb48,,GustANN,sift1b,2300,100.000000
b_gustann_sift1b_mb48,,GustANN,sift1b,2301,100.000000
b_gustann_sift1b_mb48,,GustANN,sift1b,2302,100.000000
b_gustann_sift1b_mb48,,GustANN,sift1b,2303,97.424893
b_gustann_sift1b_mb48,,GustANN,sift1b,2304,100.000000
b_gustann_sift1b_mb48,,GustANN,sift1b,2305,100.000000
b_gustann_sift1b_mb48,,GustANN,sift1b,2306,100.000000
b_gustann_sift1b_mb48,,GustANN,sift1b,2307,100.000000
b_gustann_sift1b_mb48,,GustANN,sift1b,2308,100.000000
b_gustann_sift1b_mb48,,GustANN,sift1b,2309,92.298522
b_gustann_sift1b_mb48,,GustANN,sift1b,2310,100.000000
b_gustann_sift1b_mb48,,GustANN,sift1b,2311,84.811636
b_gustann_sift1b_mb48,,GustANN,sift1b,2312,100.000000
b_gustann_sift1b_mb48,,GustANN,sift1b,2313,100.000000
b_gustann_sift1b_mb48,,GustANN,sift1b,2314,100.000000
b_gustann_sift1b_mb48,,GustANN,sift1b,2315,100.000000
b_gustann_sift1b_mb48,,GustANN,sift1b,2316,99.189318
b_gustann_sift1b_mb48,,GustANN,sift1b,2317,100.000000
b_gustann_sift1b_mb48,,GustANN,sift1b,2318,97.687172
b_gustann_sift1b_mb48,,GustANN,sift1b,2319,100.000000
b_gustann_sift1b_mb48,,GustANN,sift1b,2320,100.000000
b_gustann_sift1b_mb48,,GustANN,sift1b,2321,100.000000
b_gustann_sift1b_mb48,,GustANN,sift1b,2322,100.000000
b_gustann_sift1b_mb48,,GustANN,sift1b,2323,100.000000
b_gustann_sift1b_mb48,,GustANN,sift1b,2324,100.000000
b_gustann_sift1b_mb48,,GustANN,sift1b,2325,100.000000
b_gustann_sift1b_mb48,,GustANN,sift1b,2326,94.301383
b_gustann_sift1b_mb48,,GustANN,sift1b,2327,100.000000
b_gustann_sift1b_mb48,,GustANN,sift1b,2328,100.000000
b_gustann_sift1b_mb48,,GustANN,sift1b,2329,100.000000
b_gustann_sift1b_mb48,,GustANN,sift1b,2330,100.000000
b_gustann_sift1b_mb48,,GustANN,sift1b,2331,100.000000
b_gustann_sift1b_mb48,,GustANN,sift1b,2332,100.000000
b_gustann_sift1b_mb48,,GustANN,sift1b,2333,100.000000
b_gustann_sift1b_mb48,,GustANN,sift1b,2334,100.000000
b_gustann_sift1b_mb48,,GustANN,sift1b,2335,100.000000
b_gustann_sift1b_mb48,,GustANN,sift1b,2336,96.494993
b_gustann_sift1b_mb48,,GustANN,sift1b,2337,99.427754
b_gustann_sift1b_mb48,,GustANN,sift1b,2338,100.000000
b_gustann_sift1b_mb48,,GustANN,sift1b,2339,100.000000
b_gustann_sift1b_mb48,,GustANN,sift1b,2340,100.000000
b_gustann_sift1b_mb48,,GustANN,sift1b,2341,100.000000
b_gustann_sift1b_mb48,,GustANN,sift1b,2342,100.000000
b_gustann_sift1b_mb48,,GustANN,sift1b,2343,100.000000
b_gustann_sift1b_mb48,,GustANN,sift1b,2344,100.000000
b_gustann_sift1b_mb48,,GustANN,sift1b,2345,100.000000
b_gustann_sift1b_mb48,,GustANN,sift1b,2346,100.000000
b_gustann_sift1b_mb48,,GustANN,sift1b,2347,100.000000
b_gustann_sift1b_mb48,,GustANN,sift1b,2348,100.000000
b_gustann_sift1b_mb48,,GustANN,sift1b,2349,100.000000
b_gustann_sift1b_mb48,,GustANN,sift1b,2350,93.586075
b_gustann_sift1b_mb48,,GustANN,sift1b,2351,100.000000
b_gustann_sift1b_mb48,,GustANN,sift1b,2352,100.000000
b_gustann_sift1b_mb48,,GustANN,sift1b,2353,100.000000
b_gustann_sift1b_mb48,,GustANN,sift1b,2354,100.000000
b_gustann_sift1b_mb48,,GustANN,sift1b,2355,100.000000
b_gustann_sift1b_mb48,,GustANN,sift1b,2356,100.000000
b_gustann_sift1b_mb48,,GustANN,sift1b,2357,100.000000
b_gustann_sift1b_mb48,,GustANN,sift1b,2358,100.000000
b_gustann_sift1b_mb48,,GustANN,sift1b,2359,97.329518
b_gustann_sift1b_mb48,,GustANN,sift1b,2360,100.000000
b_gustann_sift1b_mb48,,GustANN,sift1b,2361,100.000000
b_gustann_sift1b_mb48,,GustANN,sift1b,2362,100.000000
b_gustann_sift1b_mb48,,GustANN,sift1b,2363,100.000000
b_gustann_sift1b_mb48,,GustANN,sift1b,2364,100.000000
b_gustann_sift1b_mb48,,GustANN,sift1b,2365,100.000000
b_gustann_sift1b_mb48,,GustANN,sift1b,2366,100.000000
b_gustann_sift1b_mb48,,GustANN,sift1b,2367,100.000000
b_gustann_sift1b_mb48,,GustANN,sift1b,2368,100.000000
b_gustann_sift1b_mb48,,GustANN,sift1b,2369,99.189318
b_gustann_sift1b_mb48,,GustANN,sift1b,2370,100.000000
b_gustann_sift1b_mb48,,GustANN,sift1b,2371,100.000000
b_gustann_sift1b_mb48,,GustANN,sift1b,2372,100.000000
b_gustann_sift1b_mb48,,GustANN,sift1b,2373,100.000000
b_gustann_sift1b_mb48,,GustANN,sift1b,2374,100.000000
b_gustann_sift1b_mb48,,GustANN,sift1b,2375,100.000000
b_gustann_sift1b_mb48,,GustANN,sift1b,2376,100.000000
b_gustann_sift1b_mb48,,GustANN,sift1b,2377,93.013829
b_gustann_sift1b_mb48,,GustANN,sift1b,2378,100.000000
b_gustann_sift1b_mb48,,GustANN,sift1b,2379,100.000000
b_gustann_sift1b_mb48,,GustANN,sift1b,2380,100.000000
b_gustann_sift1b_mb48,,GustANN,sift1b,2381,100.000000
b_gustann_sift1b_mb48,,GustANN,sift1b,2382,100.000000
b_gustann_sift1b_mb48,,GustANN,sift1b,2383,100.000000
b_gustann_sift1b_mb48,,GustANN,sift1b,2384,100.000000
b_gustann_sift1b_mb48,,GustANN,sift1b,2385,100.000000
b_gustann_sift1b_mb48,,GustANN,sift1b,2386,100.000000
b_gustann_sift1b_mb48,,GustANN,sift1b,2387,100.000000
b_gustann_sift1b_mb48,,GustANN,sift1b,2388,100.000000
b_gustann_sift1b_mb48,,GustANN,sift1b,2389,100.000000
b_gustann_sift1b_mb48,,GustANN,sift1b,2390,100.000000
b_gustann_sift1b_mb48,,GustANN,sift1b,2391,100.000000
b_gustann_sift1b_mb48,,GustANN,sift1b,2392,100.000000
b_gustann_sift1b_mb48,,GustANN,sift1b,2393,100.000000
b_gustann_sift1b_mb48,,GustANN,sift1b,2394,100.000000
b_gustann_sift1b_mb48,,GustANN,sift1b,2395,100.000000
b_gustann_sift1b_mb48,,GustANN,sift1b,2396,100.000000
b_gustann_sift1b_mb48,,GustANN,sift1b,2397,100.000000
b_gustann_sift1b_mb48,,GustANN,sift1b,2398,84.501669
b_gustann_sift1b_mb48,,GustANN,sift1b,2399,100.000000
b_gustann_sift1b_mb48,,GustANN,sift1b,2400,100.000000
b_gustann_sift1b_mb48,,GustANN,sift1b,2401,100.000000
b_gustann_sift1b_mb48,,GustANN,sift1b,2402,100.000000
b_gustann_sift1b_mb48,,GustANN,sift1b,2403,100.000000
b_gustann_sift1b_mb48,,GustANN,sift1b,2404,100.000000
b_gustann_sift1b_mb48,,GustANN,sift1b,2405,100.000000
b_gustann_sift1b_mb48,,GustANN,sift1b,2406,100.000000
b_gustann_sift1b_mb48,,GustANN,sift1b,2407,100.000000
b_gustann_sift1b_mb48,,GustANN,sift1b,2408,100.000000
b_gustann_sift1b_mb48,,GustANN,sift1b,2409,100.000000
b_gustann_sift1b_mb48,,GustANN,sift1b,2410,100.000000
b_gustann_sift1b_mb48,,GustANN,sift1b,2411,100.000000
b_gustann_sift1b_mb48,,GustANN,sift1b,2412,100.000000
b_gustann_sift1b_mb48,,GustANN,sift1b,2413,100.000000
b_gustann_sift1b_mb48,,GustANN,sift1b,2414,100.000000
b_gustann_sift1b_mb48,,GustANN,sift1b,2415,100.000000
b_gustann_sift1b_mb48,,GustANN,sift1b,2416,100.000000
b_gustann_sift1b_mb48,,GustANN,sift1b,2417,100.000000
b_gustann_sift1b_mb48,,GustANN,sift1b,2418,100.000000
b_gustann_sift1b_mb48,,GustANN,sift1b,2419,100.000000
b_gustann_sift1b_mb48,,GustANN,sift1b,2420,100.000000
b_gustann_sift1b_mb48,,GustANN,sift1b,2421,100.000000
b_gustann_sift1b_mb48,,GustANN,sift1b,2422,100.000000
b_gustann_sift1b_mb48,,GustANN,sift1b,2423,100.000000
b_gustann_sift1b_mb48,,GustANN,sift1b,2424,93.204578
b_gustann_sift1b_mb48,,GustANN,sift1b,2425,99.308536
b_gustann_sift1b_mb48,,GustANN,sift1b,2426,100.000000
b_gustann_sift1b_mb48,,GustANN,sift1b,2427,92.989986
b_gustann_sift1b_mb48,,GustANN,sift1b,2428,88.197425
b_gustann_sift1b_mb48,,GustANN,sift1b,2429,100.000000
b_gustann_sift1b_mb48,,GustANN,sift1b,2430,100.000000
b_gustann_sift1b_mb48,,GustANN,sift1b,2431,100.000000
b_gustann_sift1b_mb48,,GustANN,sift1b,2432,100.000000
b_gustann_sift1b_mb48,,GustANN,sift1b,2433,87.601335
b_gustann_sift1b_mb48,,GustANN,sift1b,2434,100.000000
b_gustann_sift1b_mb48,,GustANN,sift1b,2435,100.000000
b_gustann_sift1b_mb48,,GustANN,sift1b,2436,100.000000
b_gustann_sift1b_mb48,,GustANN,sift1b,2437,100.000000
b_gustann_sift1b_mb48,,GustANN,sift1b,2438,100.000000
b_gustann_sift1b_mb48,,GustANN,sift1b,2439,100.000000
b_gustann_sift1b_mb48,,GustANN,sift1b,2440,100.000000
b_gustann_sift1b_mb48,,GustANN,sift1b,2441,100.000000
b_gustann_sift1b_mb48,,GustANN,sift1b,2442,100.000000
b_gustann_sift1b_mb48,,GustANN,sift1b,2443,100.000000
b_gustann_sift1b_mb48,,GustANN,sift1b,2444,100.000000
b_gustann_sift1b_mb48,,GustANN,sift1b,2445,100.000000
b_gustann_sift1b_mb48,,GustANN,sift1b,2446,100.000000
b_gustann_sift1b_mb48,,GustANN,sift1b,2447,100.000000
b_gustann_sift1b_mb48,,GustANN,sift1b,2448,100.000000
b_gustann_sift1b_mb48,,GustANN,sift1b,2449,100.000000
b_gustann_sift1b_mb48,,GustANN,sift1b,2450,100.000000
b_gustann_sift1b_mb48,,GustANN,sift1b,2451,100.000000
b_gustann_sift1b_mb48,,GustANN,sift1b,2452,95.612780
b_gustann_sift1b_mb48,,GustANN,sift1b,2453,100.000000
b_gustann_sift1b_mb48,,GustANN,sift1b,2454,100.000000
b_gustann_sift1b_mb48,,GustANN,sift1b,2455,100.000000
b_gustann_sift1b_mb48,,GustANN,sift1b,2456,100.000000
b_gustann_sift1b_mb48,,GustANN,sift1b,2457,100.000000
b_gustann_sift1b_mb48,,GustANN,sift1b,2458,100.000000
b_gustann_sift1b_mb48,,GustANN,sift1b,2459,98.402480
b_gustann_sift1b_mb48,,GustANN,sift1b,2460,100.000000
b_gustann_sift1b_mb48,,GustANN,sift1b,2461,100.000000
b_gustann_sift1b_mb48,,GustANN,sift1b,2462,100.000000
b_gustann_sift1b_mb48,,GustANN,sift1b,2463,97.401049
b_gustann_sift1b_mb48,,GustANN,sift1b,2464,100.000000
b_gustann_sift1b_mb48,,GustANN,sift1b,2465,100.000000
b_gustann_sift1b_mb48,,GustANN,sift1b,2466,100.000000
b_gustann_sift1b_mb48,,GustANN,sift1b,2467,100.000000
b_gustann_sift1b_mb48,,GustANN,sift1b,2468,100.000000
b_gustann_sift1b_mb48,,GustANN,sift1b,2469,100.000000
b_gustann_sift1b_mb48,,GustANN,sift1b,2470,100.000000
b_gustann_sift1b_mb48,,GustANN,sift1b,2471,100.000000
b_gustann_sift1b_mb48,,GustANN,sift1b,2472,100.000000
b_gustann_sift1b_mb48,,GustANN,sift1b,2473,100.000000
b_gustann_sift1b_mb48,,GustANN,sift1b,2474,100.000000
b_gustann_sift1b_mb48,,GustANN,sift1b,2475,100.000000
b_gustann_sift1b_mb48,,GustANN,sift1b,2476,89.604196
b_gustann_sift1b_mb48,,GustANN,sift1b,2477,100.000000
b_gustann_sift1b_mb48,,GustANN,sift1b,2478,100.000000
b_gustann_sift1b_mb48,,GustANN,sift1b,2479,100.000000
b_gustann_sift1b_mb48,,GustANN,sift1b,2480,100.000000
b_gustann_sift1b_mb48,,GustANN,sift1b,2481,100.000000
b_gustann_sift1b_mb48,,GustANN,sift1b,2482,98.807821
b_gustann_sift1b_mb48,,GustANN,sift1b,2483,100.000000
b_gustann_sift1b_mb48,,GustANN,sift1b,2484,100.000000
b_gustann_sift1b_mb48,,GustANN,sift1b,2485,100.000000
b_gustann_sift1b_mb48,,GustANN,sift1b,2486,100.000000
b_gustann_sift1b_mb48,,GustANN,sift1b,2487,100.000000
b_gustann_sift1b_mb48,,GustANN,sift1b,2488,100.000000
b_gustann_sift1b_mb48,,GustANN,sift1b,2489,100.000000
b_gustann_sift1b_mb48,,GustANN,sift1b,2490,100.000000
b_gustann_sift1b_mb48,,GustANN,sift1b,2491,100.000000
b_gustann_sift1b_mb48,,GustANN,sift1b,2492,100.000000
b_gustann_sift1b_mb48,,GustANN,sift1b,2493,100.000000
b_gustann_sift1b_mb48,,GustANN,sift1b,2494,100.000000
b_gustann_sift1b_mb48,,GustANN,sift1b,2495,100.000000
b_gustann_sift1b_mb48,,GustANN,sift1b,2496,100.000000
b_gustann_sift1b_mb48,,GustANN,sift1b,2497,100.000000
b_gustann_sift1b_mb48,,GustANN,sift1b,2498,100.000000
b_gustann_sift1b_mb48,,GustANN,sift1b,2499,100.000000
b_gustann_sift1b_mb48,,GustANN,sift1b,2500,100.000000
b_gustann_sift1b_mb48,,GustANN,sift1b,2501,100.000000
b_gustann_sift1b_mb48,,GustANN,sift1b,2502,89.389604
b_gustann_sift1b_mb48,,GustANN,sift1b,2503,100.000000
b_gustann_sift1b_mb48,,GustANN,sift1b,2504,100.000000
b_gustann_sift1b_mb48,,GustANN,sift1b,2505,100.000000
b_gustann_sift1b_mb48,,GustANN,sift1b,2506,100.000000
b_gustann_sift1b_mb48,,GustANN,sift1b,2507,100.000000
b_gustann_sift1b_mb48,,GustANN,sift1b,2508,100.000000
b_gustann_sift1b_mb48,,GustANN,sift1b,2509,100.000000
b_gustann_sift1b_mb48,,GustANN,sift1b,2510,100.000000
b_gustann_sift1b_mb48,,GustANN,sift1b,2511,100.000000
b_gustann_sift1b_mb48,,GustANN,sift1b,2512,100.000000
b_gustann_sift1b_mb48,,GustANN,sift1b,2513,100.000000
b_gustann_sift1b_mb48,,GustANN,sift1b,2514,100.000000
b_gustann_sift1b_mb48,,GustANN,sift1b,2515,100.000000
b_gustann_sift1b_mb48,,GustANN,sift1b,2516,94.015260
b_gustann_sift1b_mb48,,GustANN,sift1b,2517,80.209824
b_gustann_sift1b_mb48,,GustANN,sift1b,2518,100.000000
b_gustann_sift1b_mb48,,GustANN,sift1b,2519,100.000000
b_gustann_sift1b_mb48,,GustANN,sift1b,2520,100.000000
b_gustann_sift1b_mb48,,GustANN,sift1b,2521,100.000000
b_gustann_sift1b_mb48,,GustANN,sift1b,2522,100.000000
b_gustann_sift1b_mb48,,GustANN,sift1b,2523,100.000000
b_gustann_sift1b_mb48,,GustANN,sift1b,2524,100.000000
b_gustann_sift1b_mb48,,GustANN,sift1b,2525,100.000000
b_gustann_sift1b_mb48,,GustANN,sift1b,2526,100.000000
b_gustann_sift1b_mb48,,GustANN,sift1b,2527,100.000000
b_gustann_sift1b_mb48,,GustANN,sift1b,2528,100.000000
b_gustann_sift1b_mb48,,GustANN,sift1b,2529,100.000000
b_gustann_sift1b_mb48,,GustANN,sift1b,2530,100.000000
b_gustann_sift1b_mb48,,GustANN,sift1b,2531,100.000000
b_gustann_sift1b_mb48,,GustANN,sift1b,2532,100.000000
b_gustann_sift1b_mb48,,GustANN,sift1b,2533,100.000000
b_gustann_sift1b_mb48,,GustANN,sift1b,2534,100.000000
b_gustann_sift1b_mb48,,GustANN,sift1b,2535,100.000000
b_gustann_sift1b_mb48,,GustANN,sift1b,2536,100.000000
b_gustann_sift1b_mb48,,GustANN,sift1b,2537,100.000000
b_gustann_sift1b_mb48,,GustANN,sift1b,2538,100.000000
b_gustann_sift1b_mb48,,GustANN,sift1b,2539,100.000000
b_gustann_sift1b_mb48,,GustANN,sift1b,2540,100.000000
b_gustann_sift1b_mb48,,GustANN,sift1b,2541,100.000000
b_gustann_sift1b_mb48,,GustANN,sift1b,2542,100.000000
b_gustann_sift1b_mb48,,GustANN,sift1b,2543,100.000000
b_gustann_sift1b_mb48,,GustANN,sift1b,2544,100.000000
b_gustann_sift1b_mb48,,GustANN,sift1b,2545,100.000000
b_gustann_sift1b_mb48,,GustANN,sift1b,2546,100.000000
b_gustann_sift1b_mb48,,GustANN,sift1b,2547,100.000000
b_gustann_sift1b_mb48,,GustANN,sift1b,2548,100.000000
b_gustann_sift1b_mb48,,GustANN,sift1b,2549,100.000000
b_gustann_sift1b_mb48,,GustANN,sift1b,2550,79.518360
b_gustann_sift1b_mb48,,GustANN,sift1b,2551,100.000000
b_gustann_sift1b_mb48,,GustANN,sift1b,2552,98.617072
b_gustann_sift1b_mb48,,GustANN,sift1b,2553,100.000000
b_gustann_sift1b_mb48,,GustANN,sift1b,2554,100.000000
b_gustann_sift1b_mb48,,GustANN,sift1b,2555,100.000000
b_gustann_sift1b_mb48,,GustANN,sift1b,2556,100.000000
b_gustann_sift1b_mb48,,GustANN,sift1b,2557,100.000000
b_gustann_sift1b_mb48,,GustANN,sift1b,2558,100.000000
b_gustann_sift1b_mb48,,GustANN,sift1b,2559,100.000000
b_gustann_sift1b_mb48,,GustANN,sift1b,2560,100.000000
b_gustann_sift1b_mb48,,GustANN,sift1b,2561,100.000000
b_gustann_sift1b_mb48,,GustANN,sift1b,2562,100.000000
b_gustann_sift1b_mb48,,GustANN,sift1b,2563,100.000000
b_gustann_sift1b_mb48,,GustANN,sift1b,2564,100.000000
b_gustann_sift1b_mb48,,GustANN,sift1b,2565,100.000000
b_gustann_sift1b_mb48,,GustANN,sift1b,2566,100.000000
b_gustann_sift1b_mb48,,GustANN,sift1b,2567,100.000000
b_gustann_sift1b_mb48,,GustANN,sift1b,2568,100.000000
b_gustann_sift1b_mb48,,GustANN,sift1b,2569,100.000000
b_gustann_sift1b_mb48,,GustANN,sift1b,2570,100.000000
b_gustann_sift1b_mb48,,GustANN,sift1b,2571,100.000000
b_gustann_sift1b_mb48,,GustANN,sift1b,2572,95.612780
b_gustann_sift1b_mb48,,GustANN,sift1b,2573,93.800668
b_gustann_sift1b_mb48,,GustANN,sift1b,2574,100.000000
b_gustann_sift1b_mb48,,GustANN,sift1b,2575,100.000000
b_gustann_sift1b_mb48,,GustANN,sift1b,2576,100.000000
b_gustann_sift1b_mb48,,GustANN,sift1b,2577,100.000000
b_gustann_sift1b_mb48,,GustANN,sift1b,2578,100.000000
b_gustann_sift1b_mb48,,GustANN,sift1b,2579,91.607058
b_gustann_sift1b_mb48,,GustANN,sift1b,2580,100.000000
b_gustann_sift1b_mb48,,GustANN,sift1b,2581,100.000000
b_gustann_sift1b_mb48,,GustANN,sift1b,2582,100.000000
b_gustann_sift1b_mb48,,GustANN,sift1b,2583,100.000000
b_gustann_sift1b_mb48,,GustANN,sift1b,2584,100.000000
b_gustann_sift1b_mb48,,GustANN,sift1b,2585,100.000000
b_gustann_sift1b_mb48,,GustANN,sift1b,2586,100.000000
b_gustann_sift1b_mb48,,GustANN,sift1b,2587,97.091082
b_gustann_sift1b_mb48,,GustANN,sift1b,2588,100.000000
b_gustann_sift1b_mb48,,GustANN,sift1b,2589,98.307105
b_gustann_sift1b_mb48,,GustANN,sift1b,2590,100.000000
b_gustann_sift1b_mb48,,GustANN,sift1b,2591,100.000000
b_gustann_sift1b_mb48,,GustANN,sift1b,2592,100.000000
b_gustann_sift1b_mb48,,GustANN,sift1b,2593,100.000000
b_gustann_sift1b_mb48,,GustANN,sift1b,2594,81.402003
b_gustann_sift1b_mb48,,GustANN,sift1b,2595,100.000000
b_gustann_sift1b_mb48,,GustANN,sift1b,2596,100.000000
b_gustann_sift1b_mb48,,GustANN,sift1b,2597,100.000000
b_gustann_sift1b_mb48,,GustANN,sift1b,2598,100.000000
b_gustann_sift1b_mb48,,GustANN,sift1b,2599,100.000000
b_gustann_sift1b_mb48,,GustANN,sift1b,2600,100.000000
b_gustann_sift1b_mb48,,GustANN,sift1b,2601,100.000000
b_gustann_sift1b_mb48,,GustANN,sift1b,2602,100.000000
b_gustann_sift1b_mb48,,GustANN,sift1b,2603,100.000000
b_gustann_sift1b_mb48,,GustANN,sift1b,2604,100.000000
b_gustann_sift1b_mb48,,GustANN,sift1b,2605,100.000000
b_gustann_sift1b_mb48,,GustANN,sift1b,2606,100.000000
b_gustann_sift1b_mb48,,GustANN,sift1b,2607,100.000000
b_gustann_sift1b_mb48,,GustANN,sift1b,2608,100.000000
b_gustann_sift1b_mb48,,GustANN,sift1b,2609,100.000000
b_gustann_sift1b_mb48,,GustANN,sift1b,2610,100.000000
b_gustann_sift1b_mb48,,GustANN,sift1b,2611,100.000000
b_gustann_sift1b_mb48,,GustANN,sift1b,2612,100.000000
b_gustann_sift1b_mb48,,GustANN,sift1b,2613,100.000000
b_gustann_sift1b_mb48,,GustANN,sift1b,2614,100.000000
b_gustann_sift1b_mb48,,GustANN,sift1b,2615,100.000000
b_gustann_sift1b_mb48,,GustANN,sift1b,2616,100.000000
b_gustann_sift1b_mb48,,GustANN,sift1b,2617,100.000000
b_gustann_sift1b_mb48,,GustANN,sift1b,2618,100.000000
b_gustann_sift1b_mb48,,GustANN,sift1b,2619,100.000000
b_gustann_sift1b_mb48,,GustANN,sift1b,2620,100.000000
b_gustann_sift1b_mb48,,GustANN,sift1b,2621,100.000000
b_gustann_sift1b_mb48,,GustANN,sift1b,2622,100.000000
b_gustann_sift1b_mb48,,GustANN,sift1b,2623,100.000000
b_gustann_sift1b_mb48,,GustANN,sift1b,2624,100.000000
b_gustann_sift1b_mb48,,GustANN,sift1b,2625,100.000000
b_gustann_sift1b_mb48,,GustANN,sift1b,2626,100.000000
b_gustann_sift1b_mb48,,GustANN,sift1b,2627,100.000000
b_gustann_sift1b_mb48,,GustANN,sift1b,2628,100.000000
b_gustann_sift1b_mb48,,GustANN,sift1b,2629,100.000000
b_gustann_sift1b_mb48,,GustANN,sift1b,2630,100.000000
b_gustann_sift1b_mb48,,GustANN,sift1b,2631,100.000000
b_gustann_sift1b_mb48,,GustANN,sift1b,2632,100.000000
b_gustann_sift1b_mb48,,GustANN,sift1b,2633,100.000000
b_gustann_sift1b_mb48,,GustANN,sift1b,2634,88.197425
b_gustann_sift1b_mb48,,GustANN,sift1b,2635,100.000000
b_gustann_sift1b_mb48,,GustANN,sift1b,2636,100.000000
b_gustann_sift1b_mb48,,GustANN,sift1b,2637,100.000000
b_gustann_sift1b_mb48,,GustANN,sift1b,2638,100.000000
b_gustann_sift1b_mb48,,GustANN,sift1b,2639,83.690987
b_gustann_sift1b_mb48,,GustANN,sift1b,2640,100.000000
b_gustann_sift1b_mb48,,GustANN,sift1b,2641,100.000000
b_gustann_sift1b_mb48,,GustANN,sift1b,2642,100.000000
b_gustann_sift1b_mb48,,GustANN,sift1b,2643,100.000000
b_gustann_sift1b_mb48,,GustANN,sift1b,2644,100.000000
b_gustann_sift1b_mb48,,GustANN,sift1b,2645,100.000000
b_gustann_sift1b_mb48,,GustANN,sift1b,2646,100.000000
b_gustann_sift1b_mb48,,GustANN,sift1b,2647,100.000000
b_gustann_sift1b_mb48,,GustANN,sift1b,2648,100.000000
b_gustann_sift1b_mb48,,GustANN,sift1b,2649,100.000000
b_gustann_sift1b_mb48,,GustANN,sift1b,2650,100.000000
b_gustann_sift1b_mb48,,GustANN,sift1b,2651,100.000000
b_gustann_sift1b_mb48,,GustANN,sift1b,2652,100.000000
b_gustann_sift1b_mb48,,GustANN,sift1b,2653,100.000000
b_gustann_sift1b_mb48,,GustANN,sift1b,2654,100.000000
b_gustann_sift1b_mb48,,GustANN,sift1b,2655,100.000000
b_gustann_sift1b_mb48,,GustANN,sift1b,2656,100.000000
b_gustann_sift1b_mb48,,GustANN,sift1b,2657,100.000000
b_gustann_sift1b_mb48,,GustANN,sift1b,2658,100.000000
b_gustann_sift1b_mb48,,GustANN,sift1b,2659,100.000000
b_gustann_sift1b_mb48,,GustANN,sift1b,2660,100.000000
b_gustann_sift1b_mb48,,GustANN,sift1b,2661,90.796376
b_gustann_sift1b_mb48,,GustANN,sift1b,2662,100.000000
b_gustann_sift1b_mb48,,GustANN,sift1b,2663,100.000000
b_gustann_sift1b_mb48,,GustANN,sift1b,2664,100.000000
b_gustann_sift1b_mb48,,GustANN,sift1b,2665,100.000000
b_gustann_sift1b_mb48,,GustANN,sift1b,2666,100.000000
b_gustann_sift1b_mb48,,GustANN,sift1b,2667,100.000000
b_gustann_sift1b_mb48,,GustANN,sift1b,2668,100.000000
b_gustann_sift1b_mb48,,GustANN,sift1b,2669,100.000000
b_gustann_sift1b_mb48,,GustANN,sift1b,2670,100.000000
b_gustann_sift1b_mb48,,GustANN,sift1b,2671,100.000000
b_gustann_sift1b_mb48,,GustANN,sift1b,2672,100.000000
b_gustann_sift1b_mb48,,GustANN,sift1b,2673,100.000000
b_gustann_sift1b_mb48,,GustANN,sift1b,2674,96.113495
b_gustann_sift1b_mb48,,GustANN,sift1b,2675,100.000000
b_gustann_sift1b_mb48,,GustANN,sift1b,2676,100.000000
b_gustann_sift1b_mb48,,GustANN,sift1b,2677,97.019552
b_gustann_sift1b_mb48,,GustANN,sift1b,2678,100.000000
b_gustann_sift1b_mb48,,GustANN,sift1b,2679,100.000000
b_gustann_sift1b_mb48,,GustANN,sift1b,2680,100.000000
b_gustann_sift1b_mb48,,GustANN,sift1b,2681,100.000000
b_gustann_sift1b_mb48,,GustANN,sift1b,2682,96.590367
b_gustann_sift1b_mb48,,GustANN,sift1b,2683,100.000000
b_gustann_sift1b_mb48,,GustANN,sift1b,2684,100.000000
b_gustann_sift1b_mb48,,GustANN,sift1b,2685,100.000000
b_gustann_sift1b_mb48,,GustANN,sift1b,2686,100.000000
b_gustann_sift1b_mb48,,GustANN,sift1b,2687,100.000000
b_gustann_sift1b_mb48,,GustANN,sift1b,2688,100.000000
b_gustann_sift1b_mb48,,GustANN,sift1b,2689,100.000000
b_gustann_sift1b_mb48,,GustANN,sift1b,2690,93.586075
b_gustann_sift1b_mb48,,GustANN,sift1b,2691,100.000000
b_gustann_sift1b_mb48,,GustANN,sift1b,2692,87.505961
b_gustann_sift1b_mb48,,GustANN,sift1b,2693,100.000000
b_gustann_sift1b_mb48,,GustANN,sift1b,2694,100.000000
b_gustann_sift1b_mb48,,GustANN,sift1b,2695,100.000000
b_gustann_sift1b_mb48,,GustANN,sift1b,2696,100.000000
b_gustann_sift1b_mb48,,GustANN,sift1b,2697,100.000000
b_gustann_sift1b_mb48,,GustANN,sift1b,2698,100.000000
b_gustann_sift1b_mb48,,GustANN,sift1b,2699,100.000000
b_gustann_sift1b_mb48,,GustANN,sift1b,2700,100.000000
b_gustann_sift1b_mb48,,GustANN,sift1b,2701,100.000000
b_gustann_sift1b_mb48,,GustANN,sift1b,2702,100.000000
b_gustann_sift1b_mb48,,GustANN,sift1b,2703,85.717692
b_gustann_sift1b_mb48,,GustANN,sift1b,2704,95.207439
b_gustann_sift1b_mb48,,GustANN,sift1b,2705,96.208870
b_gustann_sift1b_mb48,,GustANN,sift1b,2706,100.000000
b_gustann_sift1b_mb48,,GustANN,sift1b,2707,99.809251
b_gustann_sift1b_mb48,,GustANN,sift1b,2708,100.000000
b_gustann_sift1b_mb48,,GustANN,sift1b,2709,100.000000
b_gustann_sift1b_mb48,,GustANN,sift1b,2710,100.000000
b_gustann_sift1b_mb48,,GustANN,sift1b,2711,100.000000
b_gustann_sift1b_mb48,,GustANN,sift1b,2712,100.000000
b_gustann_sift1b_mb48,,GustANN,sift1b,2713,100.000000
b_gustann_sift1b_mb48,,GustANN,sift1b,2714,92.012399
b_gustann_sift1b_mb48,,GustANN,sift1b,2715,100.000000
b_gustann_sift1b_mb48,,GustANN,sift1b,2716,100.000000
b_gustann_sift1b_mb48,,GustANN,sift1b,2717,100.000000
b_gustann_sift1b_mb48,,GustANN,sift1b,2718,100.000000
b_gustann_sift1b_mb48,,GustANN,sift1b,2719,100.000000
b_gustann_sift1b_mb48,,GustANN,sift1b,2720,92.799237
b_gustann_sift1b_mb48,,GustANN,sift1b,2721,100.000000
b_gustann_sift1b_mb48,,GustANN,sift1b,2722,100.000000
b_gustann_sift1b_mb48,,GustANN,sift1b,2723,100.000000
b_gustann_sift1b_mb48,,GustANN,sift1b,2724,100.000000
b_gustann_sift1b_mb48,,GustANN,sift1b,2725,100.000000
b_gustann_sift1b_mb48,,GustANN,sift1b,2726,100.000000
b_gustann_sift1b_mb48,,GustANN,sift1b,2727,100.000000
b_gustann_sift1b_mb48,,GustANN,sift1b,2728,100.000000
b_gustann_sift1b_mb48,,GustANN,sift1b,2729,100.000000
b_gustann_sift1b_mb48,,GustANN,sift1b,2730,100.000000
b_gustann_sift1b_mb48,,GustANN,sift1b,2731,100.000000
b_gustann_sift1b_mb48,,GustANN,sift1b,2732,100.000000
b_gustann_sift1b_mb48,,GustANN,sift1b,2733,100.000000
b_gustann_sift1b_mb48,,GustANN,sift1b,2734,100.000000
b_gustann_sift1b_mb48,,GustANN,sift1b,2735,100.000000
b_gustann_sift1b_mb48,,GustANN,sift1b,2736,100.000000
b_gustann_sift1b_mb48,,GustANN,sift1b,2737,92.107773
b_gustann_sift1b_mb48,,GustANN,sift1b,2738,100.000000
b_gustann_sift1b_mb48,,GustANN,sift1b,2739,100.000000
b_gustann_sift1b_mb48,,GustANN,sift1b,2740,100.000000
b_gustann_sift1b_mb48,,GustANN,sift1b,2741,100.000000
b_gustann_sift1b_mb48,,GustANN,sift1b,2742,95.898903
b_gustann_sift1b_mb48,,GustANN,sift1b,2743,100.000000
b_gustann_sift1b_mb48,,GustANN,sift1b,2744,100.000000
b_gustann_sift1b_mb48,,GustANN,sift1b,2745,100.000000
b_gustann_sift1b_mb48,,GustANN,sift1b,2746,100.000000
b_gustann_sift1b_mb48,,GustANN,sift1b,2747,100.000000
b_gustann_sift1b_mb48,,GustANN,sift1b,2748,100.000000
b_gustann_sift1b_mb48,,GustANN,sift1b,2749,96.304244
b_gustann_sift1b_mb48,,GustANN,sift1b,2750,100.000000
b_gustann_sift1b_mb48,,GustANN,sift1b,2751,100.000000
b_gustann_sift1b_mb48,,GustANN,sift1b,2752,100.000000
b_gustann_sift1b_mb48,,GustANN,sift1b,2753,100.000000
b_gustann_sift1b_mb48,,GustANN,sift1b,2754,100.000000
b_gustann_sift1b_mb48,,GustANN,sift1b,2755,100.000000
b_gustann_sift1b_mb48,,GustANN,sift1b,2756,100.000000
b_gustann_sift1b_mb48,,GustANN,sift1b,2757,100.000000
b_gustann_sift1b_mb48,,GustANN,sift1b,2758,100.000000
b_gustann_sift1b_mb48,,GustANN,sift1b,2759,100.000000
b_gustann_sift1b_mb48,,GustANN,sift1b,2760,100.000000
b_gustann_sift1b_mb48,,GustANN,sift1b,2761,100.000000
b_gustann_sift1b_mb48,,GustANN,sift1b,2762,100.000000
b_gustann_sift1b_mb48,,GustANN,sift1b,2763,86.385312
b_gustann_sift1b_mb48,,GustANN,sift1b,2764,100.000000
b_gustann_sift1b_mb48,,GustANN,sift1b,2765,100.000000
b_gustann_sift1b_mb48,,GustANN,sift1b,2766,100.000000
b_gustann_sift1b_mb48,,GustANN,sift1b,2767,100.000000
b_gustann_sift1b_mb48,,GustANN,sift1b,2768,100.000000
b_gustann_sift1b_mb48,,GustANN,sift1b,2769,100.000000
b_gustann_sift1b_mb48,,GustANN,sift1b,2770,100.000000
b_gustann_sift1b_mb48,,GustANN,sift1b,2771,100.000000
b_gustann_sift1b_mb48,,GustANN,sift1b,2772,100.000000
b_gustann_sift1b_mb48,,GustANN,sift1b,2773,91.416309
b_gustann_sift1b_mb48,,GustANN,sift1b,2774,87.219838
b_gustann_sift1b_mb48,,GustANN,sift1b,2775,100.000000
b_gustann_sift1b_mb48,,GustANN,sift1b,2776,100.000000
b_gustann_sift1b_mb48,,GustANN,sift1b,2777,100.000000
b_gustann_sift1b_mb48,,GustANN,sift1b,2778,99.093944
b_gustann_sift1b_mb48,,GustANN,sift1b,2779,100.000000
b_gustann_sift1b_mb48,,GustANN,sift1b,2780,95.994278
b_gustann_sift1b_mb48,,GustANN,sift1b,2781,100.000000
b_gustann_sift1b_mb48,,GustANN,sift1b,2782,100.000000
b_gustann_sift1b_mb48,,GustANN,sift1b,2783,100.000000
b_gustann_sift1b_mb48,,GustANN,sift1b,2784,100.000000
b_gustann_sift1b_mb48,,GustANN,sift1b,2785,100.000000
b_gustann_sift1b_mb48,,GustANN,sift1b,2786,100.000000
b_gustann_sift1b_mb48,,GustANN,sift1b,2787,84.501669
b_gustann_sift1b_mb48,,GustANN,sift1b,2788,94.825942
b_gustann_sift1b_mb48,,GustANN,sift1b,2789,100.000000
b_gustann_sift1b_mb48,,GustANN,sift1b,2790,100.000000
b_gustann_sift1b_mb48,,GustANN,sift1b,2791,100.000000
b_gustann_sift1b_mb48,,GustANN,sift1b,2792,100.000000
b_gustann_sift1b_mb48,,GustANN,sift1b,2793,100.000000
b_gustann_sift1b_mb48,,GustANN,sift1b,2794,100.000000
b_gustann_sift1b_mb48,,GustANN,sift1b,2795,100.000000
b_gustann_sift1b_mb48,,GustANN,sift1b,2796,100.000000
b_gustann_sift1b_mb48,,GustANN,sift1b,2797,80.901288
b_gustann_sift1b_mb48,,GustANN,sift1b,2798,100.000000
b_gustann_sift1b_mb48,,GustANN,sift1b,2799,100.000000
b_gustann_sift1b_mb48,,GustANN,sift1b,2800,100.000000
b_gustann_sift1b_mb48,,GustANN,sift1b,2801,100.000000
b_gustann_sift1b_mb48,,GustANN,sift1b,2802,100.000000
b_gustann_sift1b_mb48,,GustANN,sift1b,2803,100.000000
b_gustann_sift1b_mb48,,GustANN,sift1b,2804,100.000000
b_gustann_sift1b_mb48,,GustANN,sift1b,2805,100.000000
b_gustann_sift1b_mb48,,GustANN,sift1b,2806,100.000000
b_gustann_sift1b_mb48,,GustANN,sift1b,2807,100.000000
b_gustann_sift1b_mb48,,GustANN,sift1b,2808,100.000000
b_gustann_sift1b_mb48,,GustANN,sift1b,2809,100.000000
b_gustann_sift1b_mb48,,GustANN,sift1b,2810,83.214115
b_gustann_sift1b_mb48,,GustANN,sift1b,2811,100.000000
b_gustann_sift1b_mb48,,GustANN,sift1b,2812,100.000000
b_gustann_sift1b_mb48,,GustANN,sift1b,2813,100.000000
b_gustann_sift1b_mb48,,GustANN,sift1b,2814,100.000000
b_gustann_sift1b_mb48,,GustANN,sift1b,2815,100.000000
b_gustann_sift1b_mb48,,GustANN,sift1b,2816,100.000000
b_gustann_sift1b_mb48,,GustANN,sift1b,2817,100.000000
b_gustann_sift1b_mb48,,GustANN,sift1b,2818,89.008107
b_gustann_sift1b_mb48,,GustANN,sift1b,2819,100.000000
b_gustann_sift1b_mb48,,GustANN,sift1b,2820,100.000000
b_gustann_sift1b_mb48,,GustANN,sift1b,2821,100.000000
b_gustann_sift1b_mb48,,GustANN,sift1b,2822,100.000000
b_gustann_sift1b_mb48,,GustANN,sift1b,2823,100.000000
b_gustann_sift1b_mb48,,GustANN,sift1b,2824,100.000000
b_gustann_sift1b_mb48,,GustANN,sift1b,2825,100.000000
b_gustann_sift1b_mb48,,GustANN,sift1b,2826,100.000000
b_gustann_sift1b_mb48,,GustANN,sift1b,2827,100.000000
b_gustann_sift1b_mb48,,GustANN,sift1b,2828,100.000000
b_gustann_sift1b_mb48,,GustANN,sift1b,2829,100.000000
b_gustann_sift1b_mb48,,GustANN,sift1b,2830,100.000000
b_gustann_sift1b_mb48,,GustANN,sift1b,2831,100.000000
b_gustann_sift1b_mb48,,GustANN,sift1b,2832,91.487840
b_gustann_sift1b_mb48,,GustANN,sift1b,2833,100.000000
b_gustann_sift1b_mb48,,GustANN,sift1b,2834,100.000000
b_gustann_sift1b_mb48,,GustANN,sift1b,2835,100.000000
b_gustann_sift1b_mb48,,GustANN,sift1b,2836,89.318073
b_gustann_sift1b_mb48,,GustANN,sift1b,2837,100.000000
b_gustann_sift1b_mb48,,GustANN,sift1b,2838,100.000000
b_gustann_sift1b_mb48,,GustANN,sift1b,2839,95.398188
b_gustann_sift1b_mb48,,GustANN,sift1b,2840,100.000000
b_gustann_sift1b_mb48,,GustANN,sift1b,2841,98.712446
b_gustann_sift1b_mb48,,GustANN,sift1b,2842,100.000000
b_gustann_sift1b_mb48,,GustANN,sift1b,2843,100.000000
b_gustann_sift1b_mb48,,GustANN,sift1b,2844,100.000000
b_gustann_sift1b_mb48,,GustANN,sift1b,2845,100.000000
b_gustann_sift1b_mb48,,GustANN,sift1b,2846,95.302814
b_gustann_sift1b_mb48,,GustANN,sift1b,2847,100.000000
b_gustann_sift1b_mb48,,GustANN,sift1b,2848,100.000000
b_gustann_sift1b_mb48,,GustANN,sift1b,2849,100.000000
b_gustann_sift1b_mb48,,GustANN,sift1b,2850,100.000000
b_gustann_sift1b_mb48,,GustANN,sift1b,2851,96.995708
b_gustann_sift1b_mb48,,GustANN,sift1b,2852,88.102051
b_gustann_sift1b_mb48,,GustANN,sift1b,2853,100.000000
b_gustann_sift1b_mb48,,GustANN,sift1b,2854,100.000000
b_gustann_sift1b_mb48,,GustANN,sift1b,2855,100.000000
b_gustann_sift1b_mb48,,GustANN,sift1b,2856,100.000000
b_gustann_sift1b_mb48,,GustANN,sift1b,2857,100.000000
b_gustann_sift1b_mb48,,GustANN,sift1b,2858,100.000000
b_gustann_sift1b_mb48,,GustANN,sift1b,2859,90.009537
b_gustann_sift1b_mb48,,GustANN,sift1b,2860,100.000000
b_gustann_sift1b_mb48,,GustANN,sift1b,2861,100.000000
b_gustann_sift1b_mb48,,GustANN,sift1b,2862,100.000000
b_gustann_sift1b_mb48,,GustANN,sift1b,2863,100.000000
b_gustann_sift1b_mb48,,GustANN,sift1b,2864,100.000000
b_gustann_sift1b_mb48,,GustANN,sift1b,2865,100.000000
b_gustann_sift1b_mb48,,GustANN,sift1b,2866,100.000000
b_gustann_sift1b_mb48,,GustANN,sift1b,2867,100.000000
b_gustann_sift1b_mb48,,GustANN,sift1b,2868,100.000000
b_gustann_sift1b_mb48,,GustANN,sift1b,2869,100.000000
b_gustann_sift1b_mb48,,GustANN,sift1b,2870,100.000000
b_gustann_sift1b_mb48,,GustANN,sift1b,2871,100.000000
b_gustann_sift1b_mb48,,GustANN,sift1b,2872,100.000000
b_gustann_sift1b_mb48,,GustANN,sift1b,2873,85.097759
b_gustann_sift1b_mb48,,GustANN,sift1b,2874,100.000000
b_gustann_sift1b_mb48,,GustANN,sift1b,2875,100.000000
b_gustann_sift1b_mb48,,GustANN,sift1b,2876,100.000000
b_gustann_sift1b_mb48,,GustANN,sift1b,2877,100.000000
b_gustann_sift1b_mb48,,GustANN,sift1b,2878,100.000000
b_gustann_sift1b_mb48,,GustANN,sift1b,2879,100.000000
b_gustann_sift1b_mb48,,GustANN,sift1b,2880,100.000000
b_gustann_sift1b_mb48,,GustANN,sift1b,2881,100.000000
b_gustann_sift1b_mb48,,GustANN,sift1b,2882,100.000000
b_gustann_sift1b_mb48,,GustANN,sift1b,2883,94.110634
b_gustann_sift1b_mb48,,GustANN,sift1b,2884,87.291369
b_gustann_sift1b_mb48,,GustANN,sift1b,2885,100.000000
b_gustann_sift1b_mb48,,GustANN,sift1b,2886,100.000000
b_gustann_sift1b_mb48,,GustANN,sift1b,2887,100.000000
b_gustann_sift1b_mb48,,GustANN,sift1b,2888,100.000000
b_gustann_sift1b_mb48,,GustANN,sift1b,2889,100.000000
b_gustann_sift1b_mb48,,GustANN,sift1b,2890,100.000000
b_gustann_sift1b_mb48,,GustANN,sift1b,2891,90.796376
b_gustann_sift1b_mb48,,GustANN,sift1b,2892,100.000000
b_gustann_sift1b_mb48,,GustANN,sift1b,2893,96.590367
b_gustann_sift1b_mb48,,GustANN,sift1b,2894,100.000000
b_gustann_sift1b_mb48,,GustANN,sift1b,2895,94.492132
b_gustann_sift1b_mb48,,GustANN,sift1b,2896,100.000000
b_gustann_sift1b_mb48,,GustANN,sift1b,2897,100.000000
b_gustann_sift1b_mb48,,GustANN,sift1b,2898,100.000000
b_gustann_sift1b_mb48,,GustANN,sift1b,2899,93.109204
b_gustann_sift1b_mb48,,GustANN,sift1b,2900,90.319504
b_gustann_sift1b_mb48,,GustANN,sift1b,2901,100.000000
b_gustann_sift1b_mb48,,GustANN,sift1b,2902,100.000000
b_gustann_sift1b_mb48,,GustANN,sift1b,2903,100.000000
b_gustann_sift1b_mb48,,GustANN,sift1b,2904,100.000000
b_gustann_sift1b_mb48,,GustANN,sift1b,2905,100.000000
b_gustann_sift1b_mb48,,GustANN,sift1b,2906,100.000000
b_gustann_sift1b_mb48,,GustANN,sift1b,2907,100.000000
b_gustann_sift1b_mb48,,GustANN,sift1b,2908,100.000000
b_gustann_sift1b_mb48,,GustANN,sift1b,2909,100.000000
b_gustann_sift1b_mb48,,GustANN,sift1b,2910,100.000000
b_gustann_sift1b_mb48,,GustANN,sift1b,2911,100.000000
b_gustann_sift1b_mb48,,GustANN,sift1b,2912,100.000000
b_gustann_sift1b_mb48,,GustANN,sift1b,2913,100.000000
b_gustann_sift1b_mb48,,GustANN,sift1b,2914,100.000000
b_gustann_sift1b_mb48,,GustANN,sift1b,2915,100.000000
b_gustann_sift1b_mb48,,GustANN,sift1b,2916,100.000000
b_gustann_sift1b_mb48,,GustANN,sift1b,2917,99.904626
b_gustann_sift1b_mb48,,GustANN,sift1b,2918,100.000000
b_gustann_sift1b_mb48,,GustANN,sift1b,2919,100.000000
b_gustann_sift1b_mb48,,GustANN,sift1b,2920,100.000000
b_gustann_sift1b_mb48,,GustANN,sift1b,2921,100.000000
b_gustann_sift1b_mb48,,GustANN,sift1b,2922,100.000000
b_gustann_sift1b_mb48,,GustANN,sift1b,2923,100.000000
b_gustann_sift1b_mb48,,GustANN,sift1b,2924,100.000000
b_gustann_sift1b_mb48,,GustANN,sift1b,2925,100.000000
b_gustann_sift1b_mb48,,GustANN,sift1b,2926,100.000000
b_gustann_sift1b_mb48,,GustANN,sift1b,2927,100.000000
b_gustann_sift1b_mb48,,GustANN,sift1b,2928,100.000000
b_gustann_sift1b_mb48,,GustANN,sift1b,2929,97.806390
b_gustann_sift1b_mb48,,GustANN,sift1b,2930,95.708155
b_gustann_sift1b_mb48,,GustANN,sift1b,2931,100.000000
b_gustann_sift1b_mb48,,GustANN,sift1b,2932,100.000000
b_gustann_sift1b_mb48,,GustANN,sift1b,2933,100.000000
b_gustann_sift1b_mb48,,GustANN,sift1b,2934,92.608488
b_gustann_sift1b_mb48,,GustANN,sift1b,2935,100.000000
b_gustann_sift1b_mb48,,GustANN,sift1b,2936,100.000000
b_gustann_sift1b_mb48,,GustANN,sift1b,2937,100.000000
b_gustann_sift1b_mb48,,GustANN,sift1b,2938,100.000000
b_gustann_sift1b_mb48,,GustANN,sift1b,2939,100.000000
b_gustann_sift1b_mb48,,GustANN,sift1b,2940,86.504530
b_gustann_sift1b_mb48,,GustANN,sift1b,2941,84.215546
b_gustann_sift1b_mb48,,GustANN,sift1b,2942,100.000000
b_gustann_sift1b_mb48,,GustANN,sift1b,2943,100.000000
b_gustann_sift1b_mb48,,GustANN,sift1b,2944,100.000000
b_gustann_sift1b_mb48,,GustANN,sift1b,2945,100.000000
b_gustann_sift1b_mb48,,GustANN,sift1b,2946,100.000000
b_gustann_sift1b_mb48,,GustANN,sift1b,2947,100.000000
b_gustann_sift1b_mb48,,GustANN,sift1b,2948,100.000000
b_gustann_sift1b_mb48,,GustANN,sift1b,2949,100.000000
b_gustann_sift1b_mb48,,GustANN,sift1b,2950,100.000000
b_gustann_sift1b_mb48,,GustANN,sift1b,2951,100.000000
b_gustann_sift1b_mb48,,GustANN,sift1b,2952,100.000000
b_gustann_sift1b_mb48,,GustANN,sift1b,2953,100.000000
b_gustann_sift1b_mb48,,GustANN,sift1b,2954,100.000000
b_gustann_sift1b_mb48,,GustANN,sift1b,2955,100.000000
b_gustann_sift1b_mb48,,GustANN,sift1b,2956,100.000000
b_gustann_sift1b_mb48,,GustANN,sift1b,2957,98.497854
b_gustann_sift1b_mb48,,GustANN,sift1b,2958,100.000000
b_gustann_sift1b_mb48,,GustANN,sift1b,2959,100.000000
b_gustann_sift1b_mb48,,GustANN,sift1b,2960,82.999523
b_gustann_sift1b_mb48,,GustANN,sift1b,2961,100.000000
b_gustann_sift1b_mb48,,GustANN,sift1b,2962,100.000000
b_gustann_sift1b_mb48,,GustANN,sift1b,2963,100.000000
b_gustann_sift1b_mb48,,GustANN,sift1b,2964,100.000000
b_gustann_sift1b_mb48,,GustANN,sift1b,2965,100.000000
b_gustann_sift1b_mb48,,GustANN,sift1b,2966,100.000000
b_gustann_sift1b_mb48,,GustANN,sift1b,2967,100.000000
b_gustann_sift1b_mb48,,GustANN,sift1b,2968,100.000000
b_gustann_sift1b_mb48,,GustANN,sift1b,2969,100.000000
b_gustann_sift1b_mb48,,GustANN,sift1b,2970,98.998569
b_gustann_sift1b_mb48,,GustANN,sift1b,2971,100.000000
b_gustann_sift1b_mb48,,GustANN,sift1b,2972,100.000000
b_gustann_sift1b_mb48,,GustANN,sift1b,2973,100.000000
b_gustann_sift1b_mb48,,GustANN,sift1b,2974,100.000000
b_gustann_sift1b_mb48,,GustANN,sift1b,2975,100.000000
b_gustann_sift1b_mb48,,GustANN,sift1b,2976,100.000000
b_gustann_sift1b_mb48,,GustANN,sift1b,2977,85.813066
b_gustann_sift1b_mb48,,GustANN,sift1b,2978,100.000000
b_gustann_sift1b_mb48,,GustANN,sift1b,2979,100.000000
b_gustann_sift1b_mb48,,GustANN,sift1b,2980,100.000000
b_gustann_sift1b_mb48,,GustANN,sift1b,2981,100.000000
b_gustann_sift1b_mb48,,GustANN,sift1b,2982,100.000000
b_gustann_sift1b_mb48,,GustANN,sift1b,2983,100.000000
b_gustann_sift1b_mb48,,GustANN,sift1b,2984,100.000000
b_gustann_sift1b_mb48,,GustANN,sift1b,2985,100.000000
b_gustann_sift1b_mb48,,GustANN,sift1b,2986,100.000000
b_gustann_sift1b_mb48,,GustANN,sift1b,2987,100.000000
b_gustann_sift1b_mb48,,GustANN,sift1b,2988,100.000000
b_gustann_sift1b_mb48,,GustANN,sift1b,2989,100.000000
b_gustann_sift1b_mb48,,GustANN,sift1b,2990,100.000000
b_gustann_sift1b_mb48,,GustANN,sift1b,2991,100.000000
b_gustann_sift1b_mb48,,GustANN,sift1b,2992,100.000000
b_gustann_sift1b_mb48,,GustANN,sift1b,2993,98.211731
b_gustann_sift1b_mb48,,GustANN,sift1b,2994,100.000000
b_gustann_sift1b_mb48,,GustANN,sift1b,2995,100.000000
b_gustann_sift1b_mb48,,GustANN,sift1b,2996,100.000000
b_gustann_sift1b_mb48,,GustANN,sift1b,2997,100.000000
b_gustann_sift1b_mb48,,GustANN,sift1b,2998,100.000000
b_gustann_sift1b_mb48,,GustANN,sift1b,2999,90.295660
b_gustann_sift1b_mb48,,GustANN,sift1b,3000,100.000000
b_gustann_sift1b_mb48,,GustANN,sift1b,3001,100.000000
b_gustann_sift1b_mb48,,GustANN,sift1b,3002,90.915594
b_gustann_sift1b_mb48,,GustANN,sift1b,3003,100.000000
b_gustann_sift1b_mb48,,GustANN,sift1b,3004,100.000000
b_gustann_sift1b_mb48,,GustANN,sift1b,3005,100.000000
b_gustann_sift1b_mb48,,GustANN,sift1b,3006,100.000000
b_gustann_sift1b_mb48,,GustANN,sift1b,3007,100.000000
b_gustann_sift1b_mb48,,GustANN,sift1b,3008,100.000000
b_gustann_sift1b_mb48,,GustANN,sift1b,3009,100.000000
b_gustann_sift1b_mb48,,GustANN,sift1b,3010,100.000000
b_gustann_sift1b_mb48,,GustANN,sift1b,3011,100.000000
b_gustann_sift1b_mb48,,GustANN,sift1b,3012,100.000000
b_gustann_sift1b_mb48,,GustANN,sift1b,3013,100.000000
b_gustann_sift1b_mb48,,GustANN,sift1b,3014,100.000000
b_gustann_sift1b_mb48,,GustANN,sift1b,3015,100.000000
b_gustann_sift1b_mb48,,GustANN,sift1b,3016,100.000000
b_gustann_sift1b_mb48,,GustANN,sift1b,3017,100.000000
b_gustann_sift1b_mb48,,GustANN,sift1b,3018,100.000000
b_gustann_sift1b_mb48,,GustANN,sift1b,3019,100.000000
b_gustann_sift1b_mb48,,GustANN,sift1b,3020,80.805913
b_gustann_sift1b_mb48,,GustANN,sift1b,3021,100.000000
b_gustann_sift1b_mb48,,GustANN,sift1b,3022,100.000000
b_gustann_sift1b_mb48,,GustANN,sift1b,3023,100.000000
b_gustann_sift1b_mb48,,GustANN,sift1b,3024,100.000000
b_gustann_sift1b_mb48,,GustANN,sift1b,3025,100.000000
b_gustann_sift1b_mb48,,GustANN,sift1b,3026,100.000000
b_gustann_sift1b_mb48,,GustANN,sift1b,3027,90.295660
b_gustann_sift1b_mb48,,GustANN,sift1b,3028,94.611350
b_gustann_sift1b_mb48,,GustANN,sift1b,3029,100.000000
b_gustann_sift1b_mb48,,GustANN,sift1b,3030,100.000000
b_gustann_sift1b_mb48,,GustANN,sift1b,3031,100.000000
b_gustann_sift1b_mb48,,GustANN,sift1b,3032,100.000000
b_gustann_sift1b_mb48,,GustANN,sift1b,3033,91.821650
b_gustann_sift1b_mb48,,GustANN,sift1b,3034,100.000000
b_gustann_sift1b_mb48,,GustANN,sift1b,3035,100.000000
b_gustann_sift1b_mb48,,GustANN,sift1b,3036,99.308536
b_gustann_sift1b_mb48,,GustANN,sift1b,3037,100.000000
b_gustann_sift1b_mb48,,GustANN,sift1b,3038,100.000000
b_gustann_sift1b_mb48,,GustANN,sift1b,3039,100.000000
b_gustann_sift1b_mb48,,GustANN,sift1b,3040,100.000000
b_gustann_sift1b_mb48,,GustANN,sift1b,3041,100.000000
b_gustann_sift1b_mb48,,GustANN,sift1b,3042,100.000000
b_gustann_sift1b_mb48,,GustANN,sift1b,3043,100.000000
b_gustann_sift1b_mb48,,GustANN,sift1b,3044,100.000000
b_gustann_sift1b_mb48,,GustANN,sift1b,3045,100.000000
b_gustann_sift1b_mb48,,GustANN,sift1b,3046,93.824511
b_gustann_sift1b_mb48,,GustANN,sift1b,3047,100.000000
b_gustann_sift1b_mb48,,GustANN,sift1b,3048,100.000000
b_gustann_sift1b_mb48,,GustANN,sift1b,3049,100.000000
b_gustann_sift1b_mb48,,GustANN,sift1b,3050,100.000000
b_gustann_sift1b_mb48,,GustANN,sift1b,3051,100.000000
b_gustann_sift1b_mb48,,GustANN,sift1b,3052,100.000000
b_gustann_sift1b_mb48,,GustANN,sift1b,3053,100.000000
b_gustann_sift1b_mb48,,GustANN,sift1b,3054,94.110634
b_gustann_sift1b_mb48,,GustANN,sift1b,3055,100.000000
b_gustann_sift1b_mb48,,GustANN,sift1b,3056,100.000000
b_gustann_sift1b_mb48,,GustANN,sift1b,3057,100.000000
b_gustann_sift1b_mb48,,GustANN,sift1b,3058,100.000000
b_gustann_sift1b_mb48,,GustANN,sift1b,3059,100.000000
b_gustann_sift1b_mb48,,GustANN,sift1b,3060,100.000000
b_gustann_sift1b_mb48,,GustANN,sift1b,3061,100.000000
b_gustann_sift1b_mb48,,GustANN,sift1b,3062,100.000000
b_gustann_sift1b_mb48,,GustANN,sift1b,3063,100.000000
b_gustann_sift1b_mb48,,GustANN,sift1b,3064,100.000000
b_gustann_sift1b_mb48,,GustANN,sift1b,3065,100.000000
b_gustann_sift1b_mb48,,GustANN,sift1b,3066,100.000000
b_gustann_sift1b_mb48,,GustANN,sift1b,3067,100.000000
b_gustann_sift1b_mb48,,GustANN,sift1b,3068,100.000000
b_gustann_sift1b_mb48,,GustANN,sift1b,3069,100.000000
b_gustann_sift1b_mb48,,GustANN,sift1b,3070,100.000000
b_gustann_sift1b_mb48,,GustANN,sift1b,3071,91.511683
b_gustann_sift1b_mb48,,GustANN,sift1b,3072,93.013829
b_gustann_sift1b_mb48,,GustANN,sift1b,3073,100.000000
b_gustann_sift1b_mb48,,GustANN,sift1b,3074,100.000000
b_gustann_sift1b_mb48,,GustANN,sift1b,3075,100.000000
b_gustann_sift1b_mb48,,GustANN,sift1b,3076,100.000000
b_gustann_sift1b_mb48,,GustANN,sift1b,3077,100.000000
b_gustann_sift1b_mb48,,GustANN,sift1b,3078,100.000000
b_gustann_sift1b_mb48,,GustANN,sift1b,3079,100.000000
b_gustann_sift1b_mb48,,GustANN,sift1b,3080,100.000000
b_gustann_sift1b_mb48,,GustANN,sift1b,3081,100.000000
b_gustann_sift1b_mb48,,GustANN,sift1b,3082,100.000000
b_gustann_sift1b_mb48,,GustANN,sift1b,3083,100.000000
b_gustann_sift1b_mb48,,GustANN,sift1b,3084,100.000000
b_gustann_sift1b_mb48,,GustANN,sift1b,3085,100.000000
b_gustann_sift1b_mb48,,GustANN,sift1b,3086,100.000000
b_gustann_sift1b_mb48,,GustANN,sift1b,3087,100.000000
b_gustann_sift1b_mb48,,GustANN,sift1b,3088,100.000000
b_gustann_sift1b_mb48,,GustANN,sift1b,3089,100.000000
b_gustann_sift1b_mb48,,GustANN,sift1b,3090,100.000000
b_gustann_sift1b_mb48,,GustANN,sift1b,3091,100.000000
b_gustann_sift1b_mb48,,GustANN,sift1b,3092,100.000000
b_gustann_sift1b_mb48,,GustANN,sift1b,3093,89.103481
b_gustann_sift1b_mb48,,GustANN,sift1b,3094,100.000000
b_gustann_sift1b_mb48,,GustANN,sift1b,3095,100.000000
b_gustann_sift1b_mb48,,GustANN,sift1b,3096,100.000000
b_gustann_sift1b_mb48,,GustANN,sift1b,3097,89.413448
b_gustann_sift1b_mb48,,GustANN,sift1b,3098,100.000000
b_gustann_sift1b_mb48,,GustANN,sift1b,3099,100.000000
b_gustann_sift1b_mb48,,GustANN,sift1b,3100,100.000000
b_gustann_sift1b_mb48,,GustANN,sift1b,3101,100.000000
b_gustann_sift1b_mb48,,GustANN,sift1b,3102,100.000000
b_gustann_sift1b_mb48,,GustANN,sift1b,3103,100.000000
b_gustann_sift1b_mb48,,GustANN,sift1b,3104,100.000000
b_gustann_sift1b_mb48,,GustANN,sift1b,3105,100.000000
b_gustann_sift1b_mb48,,GustANN,sift1b,3106,100.000000
b_gustann_sift1b_mb48,,GustANN,sift1b,3107,94.611350
b_gustann_sift1b_mb48,,GustANN,sift1b,3108,100.000000
b_gustann_sift1b_mb48,,GustANN,sift1b,3109,97.401049
b_gustann_sift1b_mb48,,GustANN,sift1b,3110,100.000000
b_gustann_sift1b_mb48,,GustANN,sift1b,3111,100.000000
b_gustann_sift1b_mb48,,GustANN,sift1b,3112,100.000000
b_gustann_sift1b_mb48,,GustANN,sift1b,3113,100.000000
b_gustann_sift1b_mb48,,GustANN,sift1b,3114,100.000000
b_gustann_sift1b_mb48,,GustANN,sift1b,3115,100.000000
b_gustann_sift1b_mb48,,GustANN,sift1b,3116,100.000000
b_gustann_sift1b_mb48,,GustANN,sift1b,3117,100.000000
b_gustann_sift1b_mb48,,GustANN,sift1b,3118,100.000000
b_gustann_sift1b_mb48,,GustANN,sift1b,3119,90.414878
b_gustann_sift1b_mb48,,GustANN,sift1b,3120,100.000000
b_gustann_sift1b_mb48,,GustANN,sift1b,3121,100.000000
b_gustann_sift1b_mb48,,GustANN,sift1b,3122,100.000000
b_gustann_sift1b_mb48,,GustANN,sift1b,3123,97.401049
b_gustann_sift1b_mb48,,GustANN,sift1b,3124,100.000000
b_gustann_sift1b_mb48,,GustANN,sift1b,3125,100.000000
b_gustann_sift1b_mb48,,GustANN,sift1b,3126,100.000000
b_gustann_sift1b_mb48,,GustANN,sift1b,3127,100.000000
b_gustann_sift1b_mb48,,GustANN,sift1b,3128,100.000000
b_gustann_sift1b_mb48,,GustANN,sift1b,3129,100.000000
b_gustann_sift1b_mb48,,GustANN,sift1b,3130,81.521221
b_gustann_sift1b_mb48,,GustANN,sift1b,3131,100.000000
b_gustann_sift1b_mb48,,GustANN,sift1b,3132,100.000000
b_gustann_sift1b_mb48,,GustANN,sift1b,3133,100.000000
b_gustann_sift1b_mb48,,GustANN,sift1b,3134,91.607058
b_gustann_sift1b_mb48,,GustANN,sift1b,3135,100.000000
b_gustann_sift1b_mb48,,GustANN,sift1b,3136,100.000000
b_gustann_sift1b_mb48,,GustANN,sift1b,3137,100.000000
b_gustann_sift1b_mb48,,GustANN,sift1b,3138,100.000000
b_gustann_sift1b_mb48,,GustANN,sift1b,3139,100.000000
b_gustann_sift1b_mb48,,GustANN,sift1b,3140,90.796376
b_gustann_sift1b_mb48,,GustANN,sift1b,3141,97.019552
b_gustann_sift1b_mb48,,GustANN,sift1b,3142,100.000000
b_gustann_sift1b_mb48,,GustANN,sift1b,3143,100.000000
b_gustann_sift1b_mb48,,GustANN,sift1b,3144,93.609919
b_gustann_sift1b_mb48,,GustANN,sift1b,3145,100.000000
b_gustann_sift1b_mb48,,GustANN,sift1b,3146,100.000000
b_gustann_sift1b_mb48,,GustANN,sift1b,3147,100.000000
b_gustann_sift1b_mb48,,GustANN,sift1b,3148,100.000000
b_gustann_sift1b_mb48,,GustANN,sift1b,3149,100.000000
b_gustann_sift1b_mb48,,GustANN,sift1b,3150,100.000000
b_gustann_sift1b_mb48,,GustANN,sift1b,3151,100.000000
b_gustann_sift1b_mb48,,GustANN,sift1b,3152,100.000000
b_gustann_sift1b_mb48,,GustANN,sift1b,3153,100.000000
b_gustann_sift1b_mb48,,GustANN,sift1b,3154,100.000000
b_gustann_sift1b_mb48,,GustANN,sift1b,3155,100.000000
b_gustann_sift1b_mb48,,GustANN,sift1b,3156,100.000000
b_gustann_sift1b_mb48,,GustANN,sift1b,3157,100.000000
b_gustann_sift1b_mb48,,GustANN,sift1b,3158,100.000000
b_gustann_sift1b_mb48,,GustANN,sift1b,3159,100.000000
b_gustann_sift1b_mb48,,GustANN,sift1b,3160,100.000000
b_gustann_sift1b_mb48,,GustANN,sift1b,3161,100.000000
b_gustann_sift1b_mb48,,GustANN,sift1b,3162,100.000000
b_gustann_sift1b_mb48,,GustANN,sift1b,3163,100.000000
b_gustann_sift1b_mb48,,GustANN,sift1b,3164,91.702432
b_gustann_sift1b_mb48,,GustANN,sift1b,3165,100.000000
b_gustann_sift1b_mb48,,GustANN,sift1b,3166,100.000000
b_gustann_sift1b_mb48,,GustANN,sift1b,3167,100.000000
b_gustann_sift1b_mb48,,GustANN,sift1b,3168,100.000000
b_gustann_sift1b_mb48,,GustANN,sift1b,3169,100.000000
b_gustann_sift1b_mb48,,GustANN,sift1b,3170,100.000000
b_gustann_sift1b_mb48,,GustANN,sift1b,3171,100.000000
b_gustann_sift1b_mb48,,GustANN,sift1b,3172,100.000000
b_gustann_sift1b_mb48,,GustANN,sift1b,3173,93.299952
b_gustann_sift1b_mb48,,GustANN,sift1b,3174,100.000000
b_gustann_sift1b_mb48,,GustANN,sift1b,3175,100.000000
b_gustann_sift1b_mb48,,GustANN,sift1b,3176,100.000000
b_gustann_sift1b_mb48,,GustANN,sift1b,3177,100.000000
b_gustann_sift1b_mb48,,GustANN,sift1b,3178,95.517406
b_gustann_sift1b_mb48,,GustANN,sift1b,3179,100.000000
b_gustann_sift1b_mb48,,GustANN,sift1b,3180,100.000000
b_gustann_sift1b_mb48,,GustANN,sift1b,3181,100.000000
b_gustann_sift1b_mb48,,GustANN,sift1b,3182,100.000000
b_gustann_sift1b_mb48,,GustANN,sift1b,3183,100.000000
b_gustann_sift1b_mb48,,GustANN,sift1b,3184,100.000000
b_gustann_sift1b_mb48,,GustANN,sift1b,3185,100.000000
b_gustann_sift1b_mb48,,GustANN,sift1b,3186,100.000000
b_gustann_sift1b_mb48,,GustANN,sift1b,3187,100.000000
b_gustann_sift1b_mb48,,GustANN,sift1b,3188,100.000000
b_gustann_sift1b_mb48,,GustANN,sift1b,3189,85.002384
b_gustann_sift1b_mb48,,GustANN,sift1b,3190,100.000000
b_gustann_sift1b_mb48,,GustANN,sift1b,3191,100.000000
b_gustann_sift1b_mb48,,GustANN,sift1b,3192,100.000000
b_gustann_sift1b_mb48,,GustANN,sift1b,3193,100.000000
b_gustann_sift1b_mb48,,GustANN,sift1b,3194,100.000000
b_gustann_sift1b_mb48,,GustANN,sift1b,3195,100.000000
b_gustann_sift1b_mb48,,GustANN,sift1b,3196,100.000000
b_gustann_sift1b_mb48,,GustANN,sift1b,3197,100.000000
b_gustann_sift1b_mb48,,GustANN,sift1b,3198,100.000000
b_gustann_sift1b_mb48,,GustANN,sift1b,3199,100.000000
b_gustann_sift1b_mb48,,GustANN,sift1b,3200,100.000000
b_gustann_sift1b_mb48,,GustANN,sift1b,3201,100.000000
b_gustann_sift1b_mb48,,GustANN,sift1b,3202,100.000000
b_gustann_sift1b_mb48,,GustANN,sift1b,3203,100.000000
b_gustann_sift1b_mb48,,GustANN,sift1b,3204,100.000000
b_gustann_sift1b_mb48,,GustANN,sift1b,3205,98.020982
b_gustann_sift1b_mb48,,GustANN,sift1b,3206,100.000000
b_gustann_sift1b_mb48,,GustANN,sift1b,3207,100.000000
b_gustann_sift1b_mb48,,GustANN,sift1b,3208,100.000000
b_gustann_sift1b_mb48,,GustANN,sift1b,3209,100.000000
b_gustann_sift1b_mb48,,GustANN,sift1b,3210,100.000000
b_gustann_sift1b_mb48,,GustANN,sift1b,3211,100.000000
b_gustann_sift1b_mb48,,GustANN,sift1b,3212,100.000000
b_gustann_sift1b_mb48,,GustANN,sift1b,3213,100.000000
b_gustann_sift1b_mb48,,GustANN,sift1b,3214,100.000000
b_gustann_sift1b_mb48,,GustANN,sift1b,3215,100.000000
b_gustann_sift1b_mb48,,GustANN,sift1b,3216,100.000000
b_gustann_sift1b_mb48,,GustANN,sift1b,3217,94.015260
b_gustann_sift1b_mb48,,GustANN,sift1b,3218,100.000000
b_gustann_sift1b_mb48,,GustANN,sift1b,3219,100.000000
b_gustann_sift1b_mb48,,GustANN,sift1b,3220,100.000000
b_gustann_sift1b_mb48,,GustANN,sift1b,3221,100.000000
b_gustann_sift1b_mb48,,GustANN,sift1b,3222,88.006676
b_gustann_sift1b_mb48,,GustANN,sift1b,3223,98.307105
b_gustann_sift1b_mb48,,GustANN,sift1b,3224,100.000000
b_gustann_sift1b_mb48,,GustANN,sift1b,3225,100.000000
b_gustann_sift1b_mb48,,GustANN,sift1b,3226,80.591321
b_gustann_sift1b_mb48,,GustANN,sift1b,3227,100.000000
b_gustann_sift1b_mb48,,GustANN,sift1b,3228,100.000000
b_gustann_sift1b_mb48,,GustANN,sift1b,3229,100.000000
b_gustann_sift1b_mb48,,GustANN,sift1b,3230,92.513114
b_gustann_sift1b_mb48,,GustANN,sift1b,3231,100.000000
b_gustann_sift1b_mb48,,GustANN,sift1b,3232,100.000000
b_gustann_sift1b_mb48,,GustANN,sift1b,3233,100.000000
b_gustann_sift1b_mb48,,GustANN,sift1b,3234,100.000000
b_gustann_sift1b_mb48,,GustANN,sift1b,3235,100.000000
b_gustann_sift1b_mb48,,GustANN,sift1b,3236,100.000000
b_gustann_sift1b_mb48,,GustANN,sift1b,3237,86.003815
b_gustann_sift1b_mb48,,GustANN,sift1b,3238,100.000000
b_gustann_sift1b_mb48,,GustANN,sift1b,3239,100.000000
b_gustann_sift1b_mb48,,GustANN,sift1b,3240,100.000000
b_gustann_sift1b_mb48,,GustANN,sift1b,3241,100.000000
b_gustann_sift1b_mb48,,GustANN,sift1b,3242,100.000000
b_gustann_sift1b_mb48,,GustANN,sift1b,3243,100.000000
b_gustann_sift1b_mb48,,GustANN,sift1b,3244,100.000000
b_gustann_sift1b_mb48,,GustANN,sift1b,3245,100.000000
b_gustann_sift1b_mb48,,GustANN,sift1b,3246,100.000000
b_gustann_sift1b_mb48,,GustANN,sift1b,3247,100.000000
b_gustann_sift1b_mb48,,GustANN,sift1b,3248,100.000000
b_gustann_sift1b_mb48,,GustANN,sift1b,3249,100.000000
b_gustann_sift1b_mb48,,GustANN,sift1b,3250,100.000000
b_gustann_sift1b_mb48,,GustANN,sift1b,3251,100.000000
b_gustann_sift1b_mb48,,GustANN,sift1b,3252,100.000000
b_gustann_sift1b_mb48,,GustANN,sift1b,3253,100.000000
b_gustann_sift1b_mb48,,GustANN,sift1b,3254,100.000000
b_gustann_sift1b_mb48,,GustANN,sift1b,3255,95.112065
b_gustann_sift1b_mb48,,GustANN,sift1b,3256,100.000000
b_gustann_sift1b_mb48,,GustANN,sift1b,3257,100.000000
b_gustann_sift1b_mb48,,GustANN,sift1b,3258,100.000000
b_gustann_sift1b_mb48,,GustANN,sift1b,3259,100.000000
b_gustann_sift1b_mb48,,GustANN,sift1b,3260,100.000000
b_gustann_sift1b_mb48,,GustANN,sift1b,3261,100.000000
b_gustann_sift1b_mb48,,GustANN,sift1b,3262,100.000000
b_gustann_sift1b_mb48,,GustANN,sift1b,3263,100.000000
b_gustann_sift1b_mb48,,GustANN,sift1b,3264,100.000000
b_gustann_sift1b_mb48,,GustANN,sift1b,3265,100.000000
b_gustann_sift1b_mb48,,GustANN,sift1b,3266,100.000000
b_gustann_sift1b_mb48,,GustANN,sift1b,3267,100.000000
b_gustann_sift1b_mb48,,GustANN,sift1b,3268,100.000000
b_gustann_sift1b_mb48,,GustANN,sift1b,3269,100.000000
b_gustann_sift1b_mb48,,GustANN,sift1b,3270,100.000000
b_gustann_sift1b_mb48,,GustANN,sift1b,3271,100.000000
b_gustann_sift1b_mb48,,GustANN,sift1b,3272,100.000000
b_gustann_sift1b_mb48,,GustANN,sift1b,3273,90.200286
b_gustann_sift1b_mb48,,GustANN,sift1b,3274,100.000000
b_gustann_sift1b_mb48,,GustANN,sift1b,3275,100.000000
b_gustann_sift1b_mb48,,GustANN,sift1b,3276,100.000000
b_gustann_sift1b_mb48,,GustANN,sift1b,3277,100.000000
b_gustann_sift1b_mb48,,GustANN,sift1b,3278,93.800668
b_gustann_sift1b_mb48,,GustANN,sift1b,3279,100.000000
b_gustann_sift1b_mb48,,GustANN,sift1b,3280,100.000000
b_gustann_sift1b_mb48,,GustANN,sift1b,3281,100.000000
b_gustann_sift1b_mb48,,GustANN,sift1b,3282,100.000000
b_gustann_sift1b_mb48,,GustANN,sift1b,3283,100.000000
b_gustann_sift1b_mb48,,GustANN,sift1b,3284,100.000000
b_gustann_sift1b_mb48,,GustANN,sift1b,3285,100.000000
b_gustann_sift1b_mb48,,GustANN,sift1b,3286,100.000000
b_gustann_sift1b_mb48,,GustANN,sift1b,3287,100.000000
b_gustann_sift1b_mb48,,GustANN,sift1b,3288,100.000000
b_gustann_sift1b_mb48,,GustANN,sift1b,3289,97.806390
b_gustann_sift1b_mb48,,GustANN,sift1b,3290,100.000000
b_gustann_sift1b_mb48,,GustANN,sift1b,3291,100.000000
b_gustann_sift1b_mb48,,GustANN,sift1b,3292,100.000000
b_gustann_sift1b_mb48,,GustANN,sift1b,3293,100.000000
b_gustann_sift1b_mb48,,GustANN,sift1b,3294,100.000000
b_gustann_sift1b_mb48,,GustANN,sift1b,3295,100.000000
b_gustann_sift1b_mb48,,GustANN,sift1b,3296,100.000000
b_gustann_sift1b_mb48,,GustANN,sift1b,3297,100.000000
b_gustann_sift1b_mb48,,GustANN,sift1b,3298,100.000000
b_gustann_sift1b_mb48,,GustANN,sift1b,3299,100.000000
b_gustann_sift1b_mb48,,GustANN,sift1b,3300,95.588937
b_gustann_sift1b_mb48,,GustANN,sift1b,3301,100.000000
b_gustann_sift1b_mb48,,GustANN,sift1b,3302,100.000000
b_gustann_sift1b_mb48,,GustANN,sift1b,3303,100.000000
b_gustann_sift1b_mb48,,GustANN,sift1b,3304,100.000000
b_gustann_sift1b_mb48,,GustANN,sift1b,3305,100.000000
b_gustann_sift1b_mb48,,GustANN,sift1b,3306,100.000000
b_gustann_sift1b_mb48,,GustANN,sift1b,3307,100.000000
b_gustann_sift1b_mb48,,GustANN,sift1b,3308,100.000000
b_gustann_sift1b_mb48,,GustANN,sift1b,3309,100.000000
b_gustann_sift1b_mb48,,GustANN,sift1b,3310,100.000000
b_gustann_sift1b_mb48,,GustANN,sift1b,3311,100.000000
b_gustann_sift1b_mb48,,GustANN,sift1b,3312,100.000000
b_gustann_sift1b_mb48,,GustANN,sift1b,3313,100.000000
b_gustann_sift1b_mb48,,GustANN,sift1b,3314,100.000000
b_gustann_sift1b_mb48,,GustANN,sift1b,3315,100.000000
b_gustann_sift1b_mb48,,GustANN,sift1b,3316,100.000000
b_gustann_sift1b_mb48,,GustANN,sift1b,3317,100.000000
b_gustann_sift1b_mb48,,GustANN,sift1b,3318,100.000000
b_gustann_sift1b_mb48,,GustANN,sift1b,3319,100.000000
b_gustann_sift1b_mb48,,GustANN,sift1b,3320,100.000000
b_gustann_sift1b_mb48,,GustANN,sift1b,3321,100.000000
b_gustann_sift1b_mb48,,GustANN,sift1b,3322,100.000000
b_gustann_sift1b_mb48,,GustANN,sift1b,3323,100.000000
b_gustann_sift1b_mb48,,GustANN,sift1b,3324,100.000000
b_gustann_sift1b_mb48,,GustANN,sift1b,3325,100.000000
b_gustann_sift1b_mb48,,GustANN,sift1b,3326,100.000000
b_gustann_sift1b_mb48,,GustANN,sift1b,3327,100.000000
b_gustann_sift1b_mb48,,GustANN,sift1b,3328,88.698140
b_gustann_sift1b_mb48,,GustANN,sift1b,3329,100.000000
b_gustann_sift1b_mb48,,GustANN,sift1b,3330,100.000000
b_gustann_sift1b_mb48,,GustANN,sift1b,3331,100.000000
b_gustann_sift1b_mb48,,GustANN,sift1b,3332,100.000000
b_gustann_sift1b_mb48,,GustANN,sift1b,3333,100.000000
b_gustann_sift1b_mb48,,GustANN,sift1b,3334,100.000000
b_gustann_sift1b_mb48,,GustANN,sift1b,3335,100.000000
b_gustann_sift1b_mb48,,GustANN,sift1b,3336,100.000000
b_gustann_sift1b_mb48,,GustANN,sift1b,3337,100.000000
b_gustann_sift1b_mb48,,GustANN,sift1b,3338,100.000000
b_gustann_sift1b_mb48,,GustANN,sift1b,3339,100.000000
b_gustann_sift1b_mb48,,GustANN,sift1b,3340,100.000000
b_gustann_sift1b_mb48,,GustANN,sift1b,3341,100.000000
b_gustann_sift1b_mb48,,GustANN,sift1b,3342,100.000000
b_gustann_sift1b_mb48,,GustANN,sift1b,3343,100.000000
b_gustann_sift1b_mb48,,GustANN,sift1b,3344,100.000000
b_gustann_sift1b_mb48,,GustANN,sift1b,3345,100.000000
b_gustann_sift1b_mb48,,GustANN,sift1b,3346,100.000000
b_gustann_sift1b_mb48,,GustANN,sift1b,3347,100.000000
b_gustann_sift1b_mb48,,GustANN,sift1b,3348,100.000000
b_gustann_sift1b_mb48,,GustANN,sift1b,3349,100.000000
b_gustann_sift1b_mb48,,GustANN,sift1b,3350,100.000000
b_gustann_sift1b_mb48,,GustANN,sift1b,3351,100.000000
b_gustann_sift1b_mb48,,GustANN,sift1b,3352,100.000000
b_gustann_sift1b_mb48,,GustANN,sift1b,3353,100.000000
b_gustann_sift1b_mb48,,GustANN,sift1b,3354,100.000000
b_gustann_sift1b_mb48,,GustANN,sift1b,3355,100.000000
b_gustann_sift1b_mb48,,GustANN,sift1b,3356,100.000000
b_gustann_sift1b_mb48,,GustANN,sift1b,3357,100.000000
b_gustann_sift1b_mb48,,GustANN,sift1b,3358,100.000000
b_gustann_sift1b_mb48,,GustANN,sift1b,3359,94.921316
b_gustann_sift1b_mb48,,GustANN,sift1b,3360,100.000000
b_gustann_sift1b_mb48,,GustANN,sift1b,3361,100.000000
b_gustann_sift1b_mb48,,GustANN,sift1b,3362,100.000000
b_gustann_sift1b_mb48,,GustANN,sift1b,3363,100.000000
b_gustann_sift1b_mb48,,GustANN,sift1b,3364,100.000000
b_gustann_sift1b_mb48,,GustANN,sift1b,3365,100.000000
b_gustann_sift1b_mb48,,GustANN,sift1b,3366,100.000000
b_gustann_sift1b_mb48,,GustANN,sift1b,3367,100.000000
b_gustann_sift1b_mb48,,GustANN,sift1b,3368,100.000000
b_gustann_sift1b_mb48,,GustANN,sift1b,3369,100.000000
b_gustann_sift1b_mb48,,GustANN,sift1b,3370,99.403910
b_gustann_sift1b_mb48,,GustANN,sift1b,3371,100.000000
b_gustann_sift1b_mb48,,GustANN,sift1b,3372,100.000000
b_gustann_sift1b_mb48,,GustANN,sift1b,3373,100.000000
b_gustann_sift1b_mb48,,GustANN,sift1b,3374,100.000000
b_gustann_sift1b_mb48,,GustANN,sift1b,3375,100.000000
b_gustann_sift1b_mb48,,GustANN,sift1b,3376,100.000000
b_gustann_sift1b_mb48,,GustANN,sift1b,3377,100.000000
b_gustann_sift1b_mb48,,GustANN,sift1b,3378,100.000000
b_gustann_sift1b_mb48,,GustANN,sift1b,3379,100.000000
b_gustann_sift1b_mb48,,GustANN,sift1b,3380,100.000000
b_gustann_sift1b_mb48,,GustANN,sift1b,3381,100.000000
b_gustann_sift1b_mb48,,GustANN,sift1b,3382,100.000000
b_gustann_sift1b_mb48,,GustANN,sift1b,3383,100.000000
b_gustann_sift1b_mb48,,GustANN,sift1b,3384,100.000000
b_gustann_sift1b_mb48,,GustANN,sift1b,3385,100.000000
b_gustann_sift1b_mb48,,GustANN,sift1b,3386,100.000000
b_gustann_sift1b_mb48,,GustANN,sift1b,3387,100.000000
b_gustann_sift1b_mb48,,GustANN,sift1b,3388,82.880305
b_gustann_sift1b_mb48,,GustANN,sift1b,3389,100.000000
b_gustann_sift1b_mb48,,GustANN,sift1b,3390,100.000000
b_gustann_sift1b_mb48,,GustANN,sift1b,3391,100.000000
b_gustann_sift1b_mb48,,GustANN,sift1b,3392,100.000000
b_gustann_sift1b_mb48,,GustANN,sift1b,3393,100.000000
b_gustann_sift1b_mb48,,GustANN,sift1b,3394,100.000000
b_gustann_sift1b_mb48,,GustANN,sift1b,3395,100.000000
b_gustann_sift1b_mb48,,GustANN,sift1b,3396,92.918455
b_gustann_sift1b_mb48,,GustANN,sift1b,3397,100.000000
b_gustann_sift1b_mb48,,GustANN,sift1b,3398,100.000000
b_gustann_sift1b_mb48,,GustANN,sift1b,3399,100.000000
b_gustann_sift1b_mb48,,GustANN,sift1b,3400,99.117787
b_gustann_sift1b_mb48,,GustANN,sift1b,3401,100.000000
b_gustann_sift1b_mb48,,GustANN,sift1b,3402,100.000000
b_gustann_sift1b_mb48,,GustANN,sift1b,3403,86.599905
b_gustann_sift1b_mb48,,GustANN,sift1b,3404,100.000000
b_gustann_sift1b_mb48,,GustANN,sift1b,3405,98.712446
b_gustann_sift1b_mb48,,GustANN,sift1b,3406,100.000000
b_gustann_sift1b_mb48,,GustANN,sift1b,3407,100.000000
b_gustann_sift1b_mb48,,GustANN,sift1b,3408,96.399619
b_gustann_sift1b_mb48,,GustANN,sift1b,3409,100.000000
b_gustann_sift1b_mb48,,GustANN,sift1b,3410,100.000000
b_gustann_sift1b_mb48,,GustANN,sift1b,3411,100.000000
b_gustann_sift1b_mb48,,GustANN,sift1b,3412,100.000000
b_gustann_sift1b_mb48,,GustANN,sift1b,3413,100.000000
b_gustann_sift1b_mb48,,GustANN,sift1b,3414,100.000000
b_gustann_sift1b_mb48,,GustANN,sift1b,3415,100.000000
b_gustann_sift1b_mb48,,GustANN,sift1b,3416,100.000000
b_gustann_sift1b_mb48,,GustANN,sift1b,3417,100.000000
b_gustann_sift1b_mb48,,GustANN,sift1b,3418,100.000000
b_gustann_sift1b_mb48,,GustANN,sift1b,3419,100.000000
b_gustann_sift1b_mb48,,GustANN,sift1b,3420,100.000000
b_gustann_sift1b_mb48,,GustANN,sift1b,3421,100.000000
b_gustann_sift1b_mb48,,GustANN,sift1b,3422,100.000000
b_gustann_sift1b_mb48,,GustANN,sift1b,3423,100.000000
b_gustann_sift1b_mb48,,GustANN,sift1b,3424,100.000000
b_gustann_sift1b_mb48,,GustANN,sift1b,3425,100.000000
b_gustann_sift1b_mb48,,GustANN,sift1b,3426,100.000000
b_gustann_sift1b_mb48,,GustANN,sift1b,3427,100.000000
b_gustann_sift1b_mb48,,GustANN,sift1b,3428,100.000000
b_gustann_sift1b_mb48,,GustANN,sift1b,3429,100.000000
b_gustann_sift1b_mb48,,GustANN,sift1b,3430,100.000000
b_gustann_sift1b_mb48,,GustANN,sift1b,3431,100.000000
b_gustann_sift1b_mb48,,GustANN,sift1b,3432,100.000000
b_gustann_sift1b_mb48,,GustANN,sift1b,3433,100.000000
b_gustann_sift1b_mb48,,GustANN,sift1b,3434,96.709585
b_gustann_sift1b_mb48,,GustANN,sift1b,3435,100.000000
b_gustann_sift1b_mb48,,GustANN,sift1b,3436,100.000000
b_gustann_sift1b_mb48,,GustANN,sift1b,3437,100.000000
b_gustann_sift1b_mb48,,GustANN,sift1b,3438,100.000000
b_gustann_sift1b_mb48,,GustANN,sift1b,3439,100.000000
b_gustann_sift1b_mb48,,GustANN,sift1b,3440,100.000000
b_gustann_sift1b_mb48,,GustANN,sift1b,3441,86.814497
b_gustann_sift1b_mb48,,GustANN,sift1b,3442,100.000000
b_gustann_sift1b_mb48,,GustANN,sift1b,3443,100.000000
b_gustann_sift1b_mb48,,GustANN,sift1b,3444,100.000000
b_gustann_sift1b_mb48,,GustANN,sift1b,3445,100.000000
b_gustann_sift1b_mb48,,GustANN,sift1b,3446,100.000000
b_gustann_sift1b_mb48,,GustANN,sift1b,3447,100.000000
b_gustann_sift1b_mb48,,GustANN,sift1b,3448,100.000000
b_gustann_sift1b_mb48,,GustANN,sift1b,3449,100.000000
b_gustann_sift1b_mb48,,GustANN,sift1b,3450,100.000000
b_gustann_sift1b_mb48,,GustANN,sift1b,3451,100.000000
b_gustann_sift1b_mb48,,GustANN,sift1b,3452,100.000000
b_gustann_sift1b_mb48,,GustANN,sift1b,3453,100.000000
b_gustann_sift1b_mb48,,GustANN,sift1b,3454,100.000000
b_gustann_sift1b_mb48,,GustANN,sift1b,3455,100.000000
b_gustann_sift1b_mb48,,GustANN,sift1b,3456,100.000000
b_gustann_sift1b_mb48,,GustANN,sift1b,3457,100.000000
b_gustann_sift1b_mb48,,GustANN,sift1b,3458,100.000000
b_gustann_sift1b_mb48,,GustANN,sift1b,3459,100.000000
b_gustann_sift1b_mb48,,GustANN,sift1b,3460,100.000000
b_gustann_sift1b_mb48,,GustANN,sift1b,3461,97.114926
b_gustann_sift1b_mb48,,GustANN,sift1b,3462,100.000000
b_gustann_sift1b_mb48,,GustANN,sift1b,3463,100.000000
b_gustann_sift1b_mb48,,GustANN,sift1b,3464,100.000000
b_gustann_sift1b_mb48,,GustANN,sift1b,3465,100.000000
b_gustann_sift1b_mb48,,GustANN,sift1b,3466,100.000000
b_gustann_sift1b_mb48,,GustANN,sift1b,3467,100.000000
b_gustann_sift1b_mb48,,GustANN,sift1b,3468,100.000000
b_gustann_sift1b_mb48,,GustANN,sift1b,3469,100.000000
b_gustann_sift1b_mb48,,GustANN,sift1b,3470,100.000000
b_gustann_sift1b_mb48,,GustANN,sift1b,3471,100.000000
b_gustann_sift1b_mb48,,GustANN,sift1b,3472,100.000000
b_gustann_sift1b_mb48,,GustANN,sift1b,3473,100.000000
b_gustann_sift1b_mb48,,GustANN,sift1b,3474,100.000000
b_gustann_sift1b_mb48,,GustANN,sift1b,3475,100.000000
b_gustann_sift1b_mb48,,GustANN,sift1b,3476,100.000000
b_gustann_sift1b_mb48,,GustANN,sift1b,3477,100.000000
b_gustann_sift1b_mb48,,GustANN,sift1b,3478,100.000000
b_gustann_sift1b_mb48,,GustANN,sift1b,3479,93.204578
b_gustann_sift1b_mb48,,GustANN,sift1b,3480,100.000000
b_gustann_sift1b_mb48,,GustANN,sift1b,3481,100.000000
b_gustann_sift1b_mb48,,GustANN,sift1b,3482,100.000000
b_gustann_sift1b_mb48,,GustANN,sift1b,3483,100.000000
b_gustann_sift1b_mb48,,GustANN,sift1b,3484,100.000000
b_gustann_sift1b_mb48,,GustANN,sift1b,3485,100.000000
b_gustann_sift1b_mb48,,GustANN,sift1b,3486,92.918455
b_gustann_sift1b_mb48,,GustANN,sift1b,3487,100.000000
b_gustann_sift1b_mb48,,GustANN,sift1b,3488,100.000000
b_gustann_sift1b_mb48,,GustANN,sift1b,3489,100.000000
b_gustann_sift1b_mb48,,GustANN,sift1b,3490,95.612780
b_gustann_sift1b_mb48,,GustANN,sift1b,3491,100.000000
b_gustann_sift1b_mb48,,GustANN,sift1b,3492,100.000000
b_gustann_sift1b_mb48,,GustANN,sift1b,3493,100.000000
b_gustann_sift1b_mb48,,GustANN,sift1b,3494,100.000000
b_gustann_sift1b_mb48,,GustANN,sift1b,3495,100.000000
b_gustann_sift1b_mb48,,GustANN,sift1b,3496,100.000000
b_gustann_sift1b_mb48,,GustANN,sift1b,3497,94.706724
b_gustann_sift1b_mb48,,GustANN,sift1b,3498,100.000000
b_gustann_sift1b_mb48,,GustANN,sift1b,3499,99.117787
b_gustann_sift1b_mb48,,GustANN,sift1b,3500,100.000000
b_gustann_sift1b_mb48,,GustANN,sift1b,3501,100.000000
b_gustann_sift1b_mb48,,GustANN,sift1b,3502,100.000000
b_gustann_sift1b_mb48,,GustANN,sift1b,3503,100.000000
b_gustann_sift1b_mb48,,GustANN,sift1b,3504,100.000000
b_gustann_sift1b_mb48,,GustANN,sift1b,3505,100.000000
b_gustann_sift1b_mb48,,GustANN,sift1b,3506,100.000000
b_gustann_sift1b_mb48,,GustANN,sift1b,3507,100.000000
b_gustann_sift1b_mb48,,GustANN,sift1b,3508,100.000000
b_gustann_sift1b_mb48,,GustANN,sift1b,3509,100.000000
b_gustann_sift1b_mb48,,GustANN,sift1b,3510,100.000000
b_gustann_sift1b_mb48,,GustANN,sift1b,3511,100.000000
b_gustann_sift1b_mb48,,GustANN,sift1b,3512,100.000000
b_gustann_sift1b_mb48,,GustANN,sift1b,3513,100.000000
b_gustann_sift1b_mb48,,GustANN,sift1b,3514,100.000000
b_gustann_sift1b_mb48,,GustANN,sift1b,3515,100.000000
b_gustann_sift1b_mb48,,GustANN,sift1b,3516,100.000000
b_gustann_sift1b_mb48,,GustANN,sift1b,3517,100.000000
b_gustann_sift1b_mb48,,GustANN,sift1b,3518,100.000000
b_gustann_sift1b_mb48,,GustANN,sift1b,3519,100.000000
b_gustann_sift1b_mb48,,GustANN,sift1b,3520,100.000000
b_gustann_sift1b_mb48,,GustANN,sift1b,3521,100.000000
b_gustann_sift1b_mb48,,GustANN,sift1b,3522,100.000000
b_gustann_sift1b_mb48,,GustANN,sift1b,3523,100.000000
b_gustann_sift1b_mb48,,GustANN,sift1b,3524,100.000000
b_gustann_sift1b_mb48,,GustANN,sift1b,3525,100.000000
b_gustann_sift1b_mb48,,GustANN,sift1b,3526,86.123033
b_gustann_sift1b_mb48,,GustANN,sift1b,3527,95.803529
b_gustann_sift1b_mb48,,GustANN,sift1b,3528,100.000000
b_gustann_sift1b_mb48,,GustANN,sift1b,3529,100.000000
b_gustann_sift1b_mb48,,GustANN,sift1b,3530,100.000000
b_gustann_sift1b_mb48,,GustANN,sift1b,3531,99.499285
b_gustann_sift1b_mb48,,GustANN,sift1b,3532,100.000000
b_gustann_sift1b_mb48,,GustANN,sift1b,3533,100.000000
b_gustann_sift1b_mb48,,GustANN,sift1b,3534,100.000000
b_gustann_sift1b_mb48,,GustANN,sift1b,3535,100.000000
b_gustann_sift1b_mb48,,GustANN,sift1b,3536,94.587506
b_gustann_sift1b_mb48,,GustANN,sift1b,3537,100.000000
b_gustann_sift1b_mb48,,GustANN,sift1b,3538,100.000000
b_gustann_sift1b_mb48,,GustANN,sift1b,3539,89.103481
b_gustann_sift1b_mb48,,GustANN,sift1b,3540,100.000000
b_gustann_sift1b_mb48,,GustANN,sift1b,3541,100.000000
b_gustann_sift1b_mb48,,GustANN,sift1b,3542,100.000000
b_gustann_sift1b_mb48,,GustANN,sift1b,3543,100.000000
b_gustann_sift1b_mb48,,GustANN,sift1b,3544,100.000000
b_gustann_sift1b_mb48,,GustANN,sift1b,3545,100.000000
b_gustann_sift1b_mb48,,GustANN,sift1b,3546,100.000000
b_gustann_sift1b_mb48,,GustANN,sift1b,3547,90.605627
b_gustann_sift1b_mb48,,GustANN,sift1b,3548,100.000000
b_gustann_sift1b_mb48,,GustANN,sift1b,3549,88.388174
b_gustann_sift1b_mb48,,GustANN,sift1b,3550,100.000000
b_gustann_sift1b_mb48,,GustANN,sift1b,3551,93.109204
b_gustann_sift1b_mb48,,GustANN,sift1b,3552,100.000000
b_gustann_sift1b_mb48,,GustANN,sift1b,3553,100.000000
b_gustann_sift1b_mb48,,GustANN,sift1b,3554,100.000000
b_gustann_sift1b_mb48,,GustANN,sift1b,3555,96.018121
b_gustann_sift1b_mb48,,GustANN,sift1b,3556,100.000000
b_gustann_sift1b_mb48,,GustANN,sift1b,3557,100.000000
b_gustann_sift1b_mb48,,GustANN,sift1b,3558,99.713877
b_gustann_sift1b_mb48,,GustANN,sift1b,3559,100.000000
b_gustann_sift1b_mb48,,GustANN,sift1b,3560,100.000000
b_gustann_sift1b_mb48,,GustANN,sift1b,3561,100.000000
b_gustann_sift1b_mb48,,GustANN,sift1b,3562,100.000000
b_gustann_sift1b_mb48,,GustANN,sift1b,3563,100.000000
b_gustann_sift1b_mb48,,GustANN,sift1b,3564,100.000000
b_gustann_sift1b_mb48,,GustANN,sift1b,3565,100.000000
b_gustann_sift1b_mb48,,GustANN,sift1b,3566,100.000000
b_gustann_sift1b_mb48,,GustANN,sift1b,3567,94.301383
b_gustann_sift1b_mb48,,GustANN,sift1b,3568,100.000000
b_gustann_sift1b_mb48,,GustANN,sift1b,3569,100.000000
b_gustann_sift1b_mb48,,GustANN,sift1b,3570,100.000000
b_gustann_sift1b_mb48,,GustANN,sift1b,3571,100.000000
b_gustann_sift1b_mb48,,GustANN,sift1b,3572,100.000000
b_gustann_sift1b_mb48,,GustANN,sift1b,3573,100.000000
b_gustann_sift1b_mb48,,GustANN,sift1b,3574,91.797806
b_gustann_sift1b_mb48,,GustANN,sift1b,3575,100.000000
b_gustann_sift1b_mb48,,GustANN,sift1b,3576,100.000000
b_gustann_sift1b_mb48,,GustANN,sift1b,3577,100.000000
b_gustann_sift1b_mb48,,GustANN,sift1b,3578,100.000000
b_gustann_sift1b_mb48,,GustANN,sift1b,3579,100.000000
b_gustann_sift1b_mb48,,GustANN,sift1b,3580,100.000000
b_gustann_sift1b_mb48,,GustANN,sift1b,3581,100.000000
b_gustann_sift1b_mb48,,GustANN,sift1b,3582,95.398188
b_gustann_sift1b_mb48,,GustANN,sift1b,3583,93.013829
b_gustann_sift1b_mb48,,GustANN,sift1b,3584,100.000000
b_gustann_sift1b_mb48,,GustANN,sift1b,3585,100.000000
b_gustann_sift1b_mb48,,GustANN,sift1b,3586,100.000000
b_gustann_sift1b_mb48,,GustANN,sift1b,3587,100.000000
b_gustann_sift1b_mb48,,GustANN,sift1b,3588,100.000000
b_gustann_sift1b_mb48,,GustANN,sift1b,3589,100.000000
b_gustann_sift1b_mb48,,GustANN,sift1b,3590,100.000000
b_gustann_sift1b_mb48,,GustANN,sift1b,3591,100.000000
b_gustann_sift1b_mb48,,GustANN,sift1b,3592,100.000000
b_gustann_sift1b_mb48,,GustANN,sift1b,3593,100.000000
b_gustann_sift1b_mb48,,GustANN,sift1b,3594,86.313782
b_gustann_sift1b_mb48,,GustANN,sift1b,3595,100.000000
b_gustann_sift1b_mb48,,GustANN,sift1b,3596,100.000000
b_gustann_sift1b_mb48,,GustANN,sift1b,3597,100.000000
b_gustann_sift1b_mb48,,GustANN,sift1b,3598,100.000000
b_gustann_sift1b_mb48,,GustANN,sift1b,3599,100.000000
b_gustann_sift1b_mb48,,GustANN,sift1b,3600,100.000000
b_gustann_sift1b_mb48,,GustANN,sift1b,3601,100.000000
b_gustann_sift1b_mb48,,GustANN,sift1b,3602,93.991416
b_gustann_sift1b_mb48,,GustANN,sift1b,3603,99.427754
b_gustann_sift1b_mb48,,GustANN,sift1b,3604,100.000000
b_gustann_sift1b_mb48,,GustANN,sift1b,3605,100.000000
b_gustann_sift1b_mb48,,GustANN,sift1b,3606,100.000000
b_gustann_sift1b_mb48,,GustANN,sift1b,3607,100.000000
b_gustann_sift1b_mb48,,GustANN,sift1b,3608,100.000000
b_gustann_sift1b_mb48,,GustANN,sift1b,3609,100.000000
b_gustann_sift1b_mb48,,GustANN,sift1b,3610,97.305675
b_gustann_sift1b_mb48,,GustANN,sift1b,3611,100.000000
b_gustann_sift1b_mb48,,GustANN,sift1b,3612,100.000000
b_gustann_sift1b_mb48,,GustANN,sift1b,3613,100.000000
b_gustann_sift1b_mb48,,GustANN,sift1b,3614,100.000000
b_gustann_sift1b_mb48,,GustANN,sift1b,3615,100.000000
b_gustann_sift1b_mb48,,GustANN,sift1b,3616,100.000000
b_gustann_sift1b_mb48,,GustANN,sift1b,3617,100.000000
b_gustann_sift1b_mb48,,GustANN,sift1b,3618,100.000000
b_gustann_sift1b_mb48,,GustANN,sift1b,3619,100.000000
b_gustann_sift1b_mb48,,GustANN,sift1b,3620,100.000000
b_gustann_sift1b_mb48,,GustANN,sift1b,3621,100.000000
b_gustann_sift1b_mb48,,GustANN,sift1b,3622,100.000000
b_gustann_sift1b_mb48,,GustANN,sift1b,3623,100.000000
b_gustann_sift1b_mb48,,GustANN,sift1b,3624,100.000000
b_gustann_sift1b_mb48,,GustANN,sift1b,3625,100.000000
b_gustann_sift1b_mb48,,GustANN,sift1b,3626,100.000000
b_gustann_sift1b_mb48,,GustANN,sift1b,3627,100.000000
b_gustann_sift1b_mb48,,GustANN,sift1b,3628,100.000000
b_gustann_sift1b_mb48,,GustANN,sift1b,3629,100.000000
b_gustann_sift1b_mb48,,GustANN,sift1b,3630,100.000000
b_gustann_sift1b_mb48,,GustANN,sift1b,3631,100.000000
b_gustann_sift1b_mb48,,GustANN,sift1b,3632,100.000000
b_gustann_sift1b_mb48,,GustANN,sift1b,3633,100.000000
b_gustann_sift1b_mb48,,GustANN,sift1b,3634,100.000000
b_gustann_sift1b_mb48,,GustANN,sift1b,3635,100.000000
b_gustann_sift1b_mb48,,GustANN,sift1b,3636,100.000000
b_gustann_sift1b_mb48,,GustANN,sift1b,3637,99.594659
b_gustann_sift1b_mb48,,GustANN,sift1b,3638,100.000000
b_gustann_sift1b_mb48,,GustANN,sift1b,3639,80.114449
b_gustann_sift1b_mb48,,GustANN,sift1b,3640,100.000000
b_gustann_sift1b_mb48,,GustANN,sift1b,3641,100.000000
b_gustann_sift1b_mb48,,GustANN,sift1b,3642,100.000000
b_gustann_sift1b_mb48,,GustANN,sift1b,3643,100.000000
b_gustann_sift1b_mb48,,GustANN,sift1b,3644,100.000000
b_gustann_sift1b_mb48,,GustANN,sift1b,3645,100.000000
b_gustann_sift1b_mb48,,GustANN,sift1b,3646,100.000000
b_gustann_sift1b_mb48,,GustANN,sift1b,3647,100.000000
b_gustann_sift1b_mb48,,GustANN,sift1b,3648,100.000000
b_gustann_sift1b_mb48,,GustANN,sift1b,3649,100.000000
b_gustann_sift1b_mb48,,GustANN,sift1b,3650,100.000000
b_gustann_sift1b_mb48,,GustANN,sift1b,3651,100.000000
b_gustann_sift1b_mb48,,GustANN,sift1b,3652,100.000000
b_gustann_sift1b_mb48,,GustANN,sift1b,3653,100.000000
b_gustann_sift1b_mb48,,GustANN,sift1b,3654,100.000000
b_gustann_sift1b_mb48,,GustANN,sift1b,3655,100.000000
b_gustann_sift1b_mb48,,GustANN,sift1b,3656,100.000000
b_gustann_sift1b_mb48,,GustANN,sift1b,3657,100.000000
b_gustann_sift1b_mb48,,GustANN,sift1b,3658,100.000000
b_gustann_sift1b_mb48,,GustANN,sift1b,3659,100.000000
b_gustann_sift1b_mb48,,GustANN,sift1b,3660,90.200286
b_gustann_sift1b_mb48,,GustANN,sift1b,3661,100.000000
b_gustann_sift1b_mb48,,GustANN,sift1b,3662,100.000000
b_gustann_sift1b_mb48,,GustANN,sift1b,3663,100.000000
b_gustann_sift1b_mb48,,GustANN,sift1b,3664,100.000000
b_gustann_sift1b_mb48,,GustANN,sift1b,3665,100.000000
b_gustann_sift1b_mb48,,GustANN,sift1b,3666,100.000000
b_gustann_sift1b_mb48,,GustANN,sift1b,3667,100.000000
b_gustann_sift1b_mb48,,GustANN,sift1b,3668,99.117787
b_gustann_sift1b_mb48,,GustANN,sift1b,3669,99.904626
b_gustann_sift1b_mb48,,GustANN,sift1b,3670,100.000000
b_gustann_sift1b_mb48,,GustANN,sift1b,3671,98.521698
b_gustann_sift1b_mb48,,GustANN,sift1b,3672,100.000000
b_gustann_sift1b_mb48,,GustANN,sift1b,3673,100.000000
b_gustann_sift1b_mb48,,GustANN,sift1b,3674,100.000000
b_gustann_sift1b_mb48,,GustANN,sift1b,3675,100.000000
b_gustann_sift1b_mb48,,GustANN,sift1b,3676,100.000000
b_gustann_sift1b_mb48,,GustANN,sift1b,3677,89.508822
b_gustann_sift1b_mb48,,GustANN,sift1b,3678,100.000000
b_gustann_sift1b_mb48,,GustANN,sift1b,3679,100.000000
b_gustann_sift1b_mb48,,GustANN,sift1b,3680,100.000000
b_gustann_sift1b_mb48,,GustANN,sift1b,3681,100.000000
b_gustann_sift1b_mb48,,GustANN,sift1b,3682,100.000000
b_gustann_sift1b_mb48,,GustANN,sift1b,3683,100.000000
b_gustann_sift1b_mb48,,GustANN,sift1b,3684,100.000000
b_gustann_sift1b_mb48,,GustANN,sift1b,3685,100.000000
b_gustann_sift1b_mb48,,GustANN,sift1b,3686,100.000000
b_gustann_sift1b_mb48,,GustANN,sift1b,3687,100.000000
b_gustann_sift1b_mb48,,GustANN,sift1b,3688,100.000000
b_gustann_sift1b_mb48,,GustANN,sift1b,3689,99.022413
b_gustann_sift1b_mb48,,GustANN,sift1b,3690,100.000000
b_gustann_sift1b_mb48,,GustANN,sift1b,3691,100.000000
b_gustann_sift1b_mb48,,GustANN,sift1b,3692,100.000000
b_gustann_sift1b_mb48,,GustANN,sift1b,3693,100.000000
b_gustann_sift1b_mb48,,GustANN,sift1b,3694,100.000000
b_gustann_sift1b_mb48,,GustANN,sift1b,3695,100.000000
b_gustann_sift1b_mb48,,GustANN,sift1b,3696,100.000000
b_gustann_sift1b_mb48,,GustANN,sift1b,3697,100.000000
b_gustann_sift1b_mb48,,GustANN,sift1b,3698,100.000000
b_gustann_sift1b_mb48,,GustANN,sift1b,3699,100.000000
b_gustann_sift1b_mb48,,GustANN,sift1b,3700,100.000000
b_gustann_sift1b_mb48,,GustANN,sift1b,3701,100.000000
b_gustann_sift1b_mb48,,GustANN,sift1b,3702,100.000000
b_gustann_sift1b_mb48,,GustANN,sift1b,3703,92.989986
b_gustann_sift1b_mb48,,GustANN,sift1b,3704,100.000000
b_gustann_sift1b_mb48,,GustANN,sift1b,3705,100.000000
b_gustann_sift1b_mb48,,GustANN,sift1b,3706,100.000000
b_gustann_sift1b_mb48,,GustANN,sift1b,3707,100.000000
b_gustann_sift1b_mb48,,GustANN,sift1b,3708,100.000000
b_gustann_sift1b_mb48,,GustANN,sift1b,3709,100.000000
b_gustann_sift1b_mb48,,GustANN,sift1b,3710,100.000000
b_gustann_sift1b_mb48,,GustANN,sift1b,3711,100.000000
b_gustann_sift1b_mb48,,GustANN,sift1b,3712,100.000000
b_gustann_sift1b_mb48,,GustANN,sift1b,3713,100.000000
b_gustann_sift1b_mb48,,GustANN,sift1b,3714,97.186457
b_gustann_sift1b_mb48,,GustANN,sift1b,3715,94.897473
b_gustann_sift1b_mb48,,GustANN,sift1b,3716,100.000000
b_gustann_sift1b_mb48,,GustANN,sift1b,3717,100.000000
b_gustann_sift1b_mb48,,GustANN,sift1b,3718,100.000000
b_gustann_sift1b_mb48,,GustANN,sift1b,3719,100.000000
b_gustann_sift1b_mb48,,GustANN,sift1b,3720,100.000000
b_gustann_sift1b_mb48,,GustANN,sift1b,3721,100.000000
b_gustann_sift1b_mb48,,GustANN,sift1b,3722,100.000000
b_gustann_sift1b_mb48,,GustANN,sift1b,3723,100.000000
b_gustann_sift1b_mb48,,GustANN,sift1b,3724,100.000000
b_gustann_sift1b_mb48,,GustANN,sift1b,3725,100.000000
b_gustann_sift1b_mb48,,GustANN,sift1b,3726,94.206009
b_gustann_sift1b_mb48,,GustANN,sift1b,3727,100.000000
b_gustann_sift1b_mb48,,GustANN,sift1b,3728,100.000000
b_gustann_sift1b_mb48,,GustANN,sift1b,3729,100.000000
b_gustann_sift1b_mb48,,GustANN,sift1b,3730,100.000000
b_gustann_sift1b_mb48,,GustANN,sift1b,3731,87.815928
b_gustann_sift1b_mb48,,GustANN,sift1b,3732,100.000000
b_gustann_sift1b_mb48,,GustANN,sift1b,3733,100.000000
b_gustann_sift1b_mb48,,GustANN,sift1b,3734,100.000000
b_gustann_sift1b_mb48,,GustANN,sift1b,3735,100.000000
b_gustann_sift1b_mb48,,GustANN,sift1b,3736,100.000000
b_gustann_sift1b_mb48,,GustANN,sift1b,3737,100.000000
b_gustann_sift1b_mb48,,GustANN,sift1b,3738,100.000000
b_gustann_sift1b_mb48,,GustANN,sift1b,3739,100.000000
b_gustann_sift1b_mb48,,GustANN,sift1b,3740,82.498808
b_gustann_sift1b_mb48,,GustANN,sift1b,3741,100.000000
b_gustann_sift1b_mb48,,GustANN,sift1b,3742,100.000000
b_gustann_sift1b_mb48,,GustANN,sift1b,3743,100.000000
b_gustann_sift1b_mb48,,GustANN,sift1b,3744,100.000000
b_gustann_sift1b_mb48,,GustANN,sift1b,3745,100.000000
b_gustann_sift1b_mb48,,GustANN,sift1b,3746,100.000000
b_gustann_sift1b_mb48,,GustANN,sift1b,3747,100.000000
b_gustann_sift1b_mb48,,GustANN,sift1b,3748,100.000000
b_gustann_sift1b_mb48,,GustANN,sift1b,3749,100.000000
b_gustann_sift1b_mb48,,GustANN,sift1b,3750,100.000000
b_gustann_sift1b_mb48,,GustANN,sift1b,3751,100.000000
b_gustann_sift1b_mb48,,GustANN,sift1b,3752,100.000000
b_gustann_sift1b_mb48,,GustANN,sift1b,3753,100.000000
b_gustann_sift1b_mb48,,GustANN,sift1b,3754,100.000000
b_gustann_sift1b_mb48,,GustANN,sift1b,3755,100.000000
b_gustann_sift1b_mb48,,GustANN,sift1b,3756,89.508822
b_gustann_sift1b_mb48,,GustANN,sift1b,3757,100.000000
b_gustann_sift1b_mb48,,GustANN,sift1b,3758,100.000000
b_gustann_sift1b_mb48,,GustANN,sift1b,3759,100.000000
b_gustann_sift1b_mb48,,GustANN,sift1b,3760,100.000000
b_gustann_sift1b_mb48,,GustANN,sift1b,3761,100.000000
b_gustann_sift1b_mb48,,GustANN,sift1b,3762,100.000000
b_gustann_sift1b_mb48,,GustANN,sift1b,3763,100.000000
b_gustann_sift1b_mb48,,GustANN,sift1b,3764,97.687172
b_gustann_sift1b_mb48,,GustANN,sift1b,3765,100.000000
b_gustann_sift1b_mb48,,GustANN,sift1b,3766,100.000000
b_gustann_sift1b_mb48,,GustANN,sift1b,3767,100.000000
b_gustann_sift1b_mb48,,GustANN,sift1b,3768,100.000000
b_gustann_sift1b_mb48,,GustANN,sift1b,3769,100.000000
b_gustann_sift1b_mb48,,GustANN,sift1b,3770,100.000000
b_gustann_sift1b_mb48,,GustANN,sift1b,3771,98.020982
b_gustann_sift1b_mb48,,GustANN,sift1b,3772,100.000000
b_gustann_sift1b_mb48,,GustANN,sift1b,3773,100.000000
b_gustann_sift1b_mb48,,GustANN,sift1b,3774,100.000000
b_gustann_sift1b_mb48,,GustANN,sift1b,3775,100.000000
b_gustann_sift1b_mb48,,GustANN,sift1b,3776,100.000000
b_gustann_sift1b_mb48,,GustANN,sift1b,3777,100.000000
b_gustann_sift1b_mb48,,GustANN,sift1b,3778,100.000000
b_gustann_sift1b_mb48,,GustANN,sift1b,3779,100.000000
b_gustann_sift1b_mb48,,GustANN,sift1b,3780,100.000000
b_gustann_sift1b_mb48,,GustANN,sift1b,3781,100.000000
b_gustann_sift1b_mb48,,GustANN,sift1b,3782,100.000000
b_gustann_sift1b_mb48,,GustANN,sift1b,3783,100.000000
b_gustann_sift1b_mb48,,GustANN,sift1b,3784,100.000000
b_gustann_sift1b_mb48,,GustANN,sift1b,3785,100.000000
b_gustann_sift1b_mb48,,GustANN,sift1b,3786,100.000000
b_gustann_sift1b_mb48,,GustANN,sift1b,3787,100.000000
b_gustann_sift1b_mb48,,GustANN,sift1b,3788,100.000000
b_gustann_sift1b_mb48,,GustANN,sift1b,3789,100.000000
b_gustann_sift1b_mb48,,GustANN,sift1b,3790,100.000000
b_gustann_sift1b_mb48,,GustANN,sift1b,3791,100.000000
b_gustann_sift1b_mb48,,GustANN,sift1b,3792,100.000000
b_gustann_sift1b_mb48,,GustANN,sift1b,3793,100.000000
b_gustann_sift1b_mb48,,GustANN,sift1b,3794,100.000000
b_gustann_sift1b_mb48,,GustANN,sift1b,3795,100.000000
b_gustann_sift1b_mb48,,GustANN,sift1b,3796,100.000000
b_gustann_sift1b_mb48,,GustANN,sift1b,3797,100.000000
b_gustann_sift1b_mb48,,GustANN,sift1b,3798,100.000000
b_gustann_sift1b_mb48,,GustANN,sift1b,3799,100.000000
b_gustann_sift1b_mb48,,GustANN,sift1b,3800,100.000000
b_gustann_sift1b_mb48,,GustANN,sift1b,3801,100.000000
b_gustann_sift1b_mb48,,GustANN,sift1b,3802,100.000000
b_gustann_sift1b_mb48,,GustANN,sift1b,3803,96.900334
b_gustann_sift1b_mb48,,GustANN,sift1b,3804,100.000000
b_gustann_sift1b_mb48,,GustANN,sift1b,3805,100.000000
b_gustann_sift1b_mb48,,GustANN,sift1b,3806,100.000000
b_gustann_sift1b_mb48,,GustANN,sift1b,3807,100.000000
b_gustann_sift1b_mb48,,GustANN,sift1b,3808,100.000000
b_gustann_sift1b_mb48,,GustANN,sift1b,3809,100.000000
b_gustann_sift1b_mb48,,GustANN,sift1b,3810,100.000000
b_gustann_sift1b_mb48,,GustANN,sift1b,3811,100.000000
b_gustann_sift1b_mb48,,GustANN,sift1b,3812,100.000000
b_gustann_sift1b_mb48,,GustANN,sift1b,3813,100.000000
b_gustann_sift1b_mb48,,GustANN,sift1b,3814,100.000000
b_gustann_sift1b_mb48,,GustANN,sift1b,3815,100.000000
b_gustann_sift1b_mb48,,GustANN,sift1b,3816,100.000000
b_gustann_sift1b_mb48,,GustANN,sift1b,3817,100.000000
b_gustann_sift1b_mb48,,GustANN,sift1b,3818,100.000000
b_gustann_sift1b_mb48,,GustANN,sift1b,3819,100.000000
b_gustann_sift1b_mb48,,GustANN,sift1b,3820,100.000000
b_gustann_sift1b_mb48,,GustANN,sift1b,3821,100.000000
b_gustann_sift1b_mb48,,GustANN,sift1b,3822,100.000000
b_gustann_sift1b_mb48,,GustANN,sift1b,3823,100.000000
b_gustann_sift1b_mb48,,GustANN,sift1b,3824,100.000000
b_gustann_sift1b_mb48,,GustANN,sift1b,3825,97.711016
b_gustann_sift1b_mb48,,GustANN,sift1b,3826,97.711016
b_gustann_sift1b_mb48,,GustANN,sift1b,3827,100.000000
b_gustann_sift1b_mb48,,GustANN,sift1b,3828,100.000000
b_gustann_sift1b_mb48,,GustANN,sift1b,3829,100.000000
b_gustann_sift1b_mb48,,GustANN,sift1b,3830,100.000000
b_gustann_sift1b_mb48,,GustANN,sift1b,3831,100.000000
b_gustann_sift1b_mb48,,GustANN,sift1b,3832,100.000000
b_gustann_sift1b_mb48,,GustANN,sift1b,3833,100.000000
b_gustann_sift1b_mb48,,GustANN,sift1b,3834,100.000000
b_gustann_sift1b_mb48,,GustANN,sift1b,3835,100.000000
b_gustann_sift1b_mb48,,GustANN,sift1b,3836,100.000000
b_gustann_sift1b_mb48,,GustANN,sift1b,3837,97.901764
b_gustann_sift1b_mb48,,GustANN,sift1b,3838,100.000000
b_gustann_sift1b_mb48,,GustANN,sift1b,3839,100.000000
b_gustann_sift1b_mb48,,GustANN,sift1b,3840,100.000000
b_gustann_sift1b_mb48,,GustANN,sift1b,3841,100.000000
b_gustann_sift1b_mb48,,GustANN,sift1b,3842,100.000000
b_gustann_sift1b_mb48,,GustANN,sift1b,3843,100.000000
b_gustann_sift1b_mb48,,GustANN,sift1b,3844,100.000000
b_gustann_sift1b_mb48,,GustANN,sift1b,3845,100.000000
b_gustann_sift1b_mb48,,GustANN,sift1b,3846,100.000000
b_gustann_sift1b_mb48,,GustANN,sift1b,3847,100.000000
b_gustann_sift1b_mb48,,GustANN,sift1b,3848,100.000000
b_gustann_sift1b_mb48,,GustANN,sift1b,3849,97.019552
b_gustann_sift1b_mb48,,GustANN,sift1b,3850,100.000000
b_gustann_sift1b_mb48,,GustANN,sift1b,3851,100.000000
b_gustann_sift1b_mb48,,GustANN,sift1b,3852,100.000000
b_gustann_sift1b_mb48,,GustANN,sift1b,3853,100.000000
b_gustann_sift1b_mb48,,GustANN,sift1b,3854,100.000000
b_gustann_sift1b_mb48,,GustANN,sift1b,3855,100.000000
b_gustann_sift1b_mb48,,GustANN,sift1b,3856,100.000000
b_gustann_sift1b_mb48,,GustANN,sift1b,3857,100.000000
b_gustann_sift1b_mb48,,GustANN,sift1b,3858,93.705293
b_gustann_sift1b_mb48,,GustANN,sift1b,3859,100.000000
b_gustann_sift1b_mb48,,GustANN,sift1b,3860,100.000000
b_gustann_sift1b_mb48,,GustANN,sift1b,3861,100.000000
b_gustann_sift1b_mb48,,GustANN,sift1b,3862,93.824511
b_gustann_sift1b_mb48,,GustANN,sift1b,3863,100.000000
b_gustann_sift1b_mb48,,GustANN,sift1b,3864,97.711016
b_gustann_sift1b_mb48,,GustANN,sift1b,3865,100.000000
b_gustann_sift1b_mb48,,GustANN,sift1b,3866,100.000000
b_gustann_sift1b_mb48,,GustANN,sift1b,3867,100.000000
b_gustann_sift1b_mb48,,GustANN,sift1b,3868,100.000000
b_gustann_sift1b_mb48,,GustANN,sift1b,3869,100.000000
b_gustann_sift1b_mb48,,GustANN,sift1b,3870,100.000000
b_gustann_sift1b_mb48,,GustANN,sift1b,3871,100.000000
b_gustann_sift1b_mb48,,GustANN,sift1b,3872,100.000000
b_gustann_sift1b_mb48,,GustANN,sift1b,3873,100.000000
b_gustann_sift1b_mb48,,GustANN,sift1b,3874,100.000000
b_gustann_sift1b_mb48,,GustANN,sift1b,3875,100.000000
b_gustann_sift1b_mb48,,GustANN,sift1b,3876,100.000000
b_gustann_sift1b_mb48,,GustANN,sift1b,3877,100.000000
b_gustann_sift1b_mb48,,GustANN,sift1b,3878,94.110634
b_gustann_sift1b_mb48,,GustANN,sift1b,3879,100.000000
b_gustann_sift1b_mb48,,GustANN,sift1b,3880,100.000000
b_gustann_sift1b_mb48,,GustANN,sift1b,3881,100.000000
b_gustann_sift1b_mb48,,GustANN,sift1b,3882,100.000000
b_gustann_sift1b_mb48,,GustANN,sift1b,3883,100.000000
b_gustann_sift1b_mb48,,GustANN,sift1b,3884,98.402480
b_gustann_sift1b_mb48,,GustANN,sift1b,3885,100.000000
b_gustann_sift1b_mb48,,GustANN,sift1b,3886,100.000000
b_gustann_sift1b_mb48,,GustANN,sift1b,3887,92.703863
b_gustann_sift1b_mb48,,GustANN,sift1b,3888,100.000000
b_gustann_sift1b_mb48,,GustANN,sift1b,3889,100.000000
b_gustann_sift1b_mb48,,GustANN,sift1b,3890,100.000000
b_gustann_sift1b_mb48,,GustANN,sift1b,3891,100.000000
b_gustann_sift1b_mb48,,GustANN,sift1b,3892,100.000000
b_gustann_sift1b_mb48,,GustANN,sift1b,3893,100.000000
b_gustann_sift1b_mb48,,GustANN,sift1b,3894,100.000000
b_gustann_sift1b_mb48,,GustANN,sift1b,3895,94.420601
b_gustann_sift1b_mb48,,GustANN,sift1b,3896,95.898903
b_gustann_sift1b_mb48,,GustANN,sift1b,3897,100.000000
b_gustann_sift1b_mb48,,GustANN,sift1b,3898,100.000000
b_gustann_sift1b_mb48,,GustANN,sift1b,3899,100.000000
b_gustann_sift1b_mb48,,GustANN,sift1b,3900,100.000000
b_gustann_sift1b_mb48,,GustANN,sift1b,3901,100.000000
b_gustann_sift1b_mb48,,GustANN,sift1b,3902,100.000000
b_gustann_sift1b_mb48,,GustANN,sift1b,3903,100.000000
b_gustann_sift1b_mb48,,GustANN,sift1b,3904,100.000000
b_gustann_sift1b_mb48,,GustANN,sift1b,3905,100.000000
b_gustann_sift1b_mb48,,GustANN,sift1b,3906,100.000000
b_gustann_sift1b_mb48,,GustANN,sift1b,3907,100.000000
b_gustann_sift1b_mb48,,GustANN,sift1b,3908,100.000000
b_gustann_sift1b_mb48,,GustANN,sift1b,3909,100.000000
b_gustann_sift1b_mb48,,GustANN,sift1b,3910,100.000000
b_gustann_sift1b_mb48,,GustANN,sift1b,3911,100.000000
b_gustann_sift1b_mb48,,GustANN,sift1b,3912,100.000000
b_gustann_sift1b_mb48,,GustANN,sift1b,3913,100.000000
b_gustann_sift1b_mb48,,GustANN,sift1b,3914,100.000000
b_gustann_sift1b_mb48,,GustANN,sift1b,3915,100.000000
b_gustann_sift1b_mb48,,GustANN,sift1b,3916,100.000000
b_gustann_sift1b_mb48,,GustANN,sift1b,3917,100.000000
b_gustann_sift1b_mb48,,GustANN,sift1b,3918,100.000000
b_gustann_sift1b_mb48,,GustANN,sift1b,3919,100.000000
b_gustann_sift1b_mb48,,GustANN,sift1b,3920,100.000000
b_gustann_sift1b_mb48,,GustANN,sift1b,3921,99.308536
b_gustann_sift1b_mb48,,GustANN,sift1b,3922,100.000000
b_gustann_sift1b_mb48,,GustANN,sift1b,3923,100.000000
b_gustann_sift1b_mb48,,GustANN,sift1b,3924,100.000000
b_gustann_sift1b_mb48,,GustANN,sift1b,3925,100.000000
b_gustann_sift1b_mb48,,GustANN,sift1b,3926,87.601335
b_gustann_sift1b_mb48,,GustANN,sift1b,3927,90.605627
b_gustann_sift1b_mb48,,GustANN,sift1b,3928,86.909871
b_gustann_sift1b_mb48,,GustANN,sift1b,3929,100.000000
b_gustann_sift1b_mb48,,GustANN,sift1b,3930,100.000000
b_gustann_sift1b_mb48,,GustANN,sift1b,3931,100.000000
b_gustann_sift1b_mb48,,GustANN,sift1b,3932,100.000000
b_gustann_sift1b_mb48,,GustANN,sift1b,3933,100.000000
b_gustann_sift1b_mb48,,GustANN,sift1b,3934,100.000000
b_gustann_sift1b_mb48,,GustANN,sift1b,3935,100.000000
b_gustann_sift1b_mb48,,GustANN,sift1b,3936,100.000000
b_gustann_sift1b_mb48,,GustANN,sift1b,3937,100.000000
b_gustann_sift1b_mb48,,GustANN,sift1b,3938,100.000000
b_gustann_sift1b_mb48,,GustANN,sift1b,3939,100.000000
b_gustann_sift1b_mb48,,GustANN,sift1b,3940,100.000000
b_gustann_sift1b_mb48,,GustANN,sift1b,3941,89.723414
b_gustann_sift1b_mb48,,GustANN,sift1b,3942,100.000000
b_gustann_sift1b_mb48,,GustANN,sift1b,3943,100.000000
b_gustann_sift1b_mb48,,GustANN,sift1b,3944,100.000000
b_gustann_sift1b_mb48,,GustANN,sift1b,3945,100.000000
b_gustann_sift1b_mb48,,GustANN,sift1b,3946,100.000000
b_gustann_sift1b_mb48,,GustANN,sift1b,3947,100.000000
b_gustann_sift1b_mb48,,GustANN,sift1b,3948,100.000000
b_gustann_sift1b_mb48,,GustANN,sift1b,3949,100.000000
b_gustann_sift1b_mb48,,GustANN,sift1b,3950,100.000000
b_gustann_sift1b_mb48,,GustANN,sift1b,3951,100.000000
b_gustann_sift1b_mb48,,GustANN,sift1b,3952,92.298522
b_gustann_sift1b_mb48,,GustANN,sift1b,3953,100.000000
b_gustann_sift1b_mb48,,GustANN,sift1b,3954,100.000000
b_gustann_sift1b_mb48,,GustANN,sift1b,3955,100.000000
b_gustann_sift1b_mb48,,GustANN,sift1b,3956,86.814497
b_gustann_sift1b_mb48,,GustANN,sift1b,3957,100.000000
b_gustann_sift1b_mb48,,GustANN,sift1b,3958,100.000000
b_gustann_sift1b_mb48,,GustANN,sift1b,3959,100.000000
b_gustann_sift1b_mb48,,GustANN,sift1b,3960,100.000000
b_gustann_sift1b_mb48,,GustANN,sift1b,3961,100.000000
b_gustann_sift1b_mb48,,GustANN,sift1b,3962,100.000000
b_gustann_sift1b_mb48,,GustANN,sift1b,3963,100.000000
b_gustann_sift1b_mb48,,GustANN,sift1b,3964,100.000000
b_gustann_sift1b_mb48,,GustANN,sift1b,3965,100.000000
b_gustann_sift1b_mb48,,GustANN,sift1b,3966,100.000000
b_gustann_sift1b_mb48,,GustANN,sift1b,3967,100.000000
b_gustann_sift1b_mb48,,GustANN,sift1b,3968,100.000000
b_gustann_sift1b_mb48,,GustANN,sift1b,3969,100.000000
b_gustann_sift1b_mb48,,GustANN,sift1b,3970,100.000000
b_gustann_sift1b_mb48,,GustANN,sift1b,3971,100.000000
b_gustann_sift1b_mb48,,GustANN,sift1b,3972,82.117310
b_gustann_sift1b_mb48,,GustANN,sift1b,3973,100.000000
b_gustann_sift1b_mb48,,GustANN,sift1b,3974,100.000000
b_gustann_sift1b_mb48,,GustANN,sift1b,3975,100.000000
b_gustann_sift1b_mb48,,GustANN,sift1b,3976,100.000000
b_gustann_sift1b_mb48,,GustANN,sift1b,3977,100.000000
b_gustann_sift1b_mb48,,GustANN,sift1b,3978,100.000000
b_gustann_sift1b_mb48,,GustANN,sift1b,3979,100.000000
b_gustann_sift1b_mb48,,GustANN,sift1b,3980,89.699571
b_gustann_sift1b_mb48,,GustANN,sift1b,3981,100.000000
b_gustann_sift1b_mb48,,GustANN,sift1b,3982,100.000000
b_gustann_sift1b_mb48,,GustANN,sift1b,3983,100.000000
b_gustann_sift1b_mb48,,GustANN,sift1b,3984,100.000000
b_gustann_sift1b_mb48,,GustANN,sift1b,3985,100.000000
b_gustann_sift1b_mb48,,GustANN,sift1b,3986,100.000000
b_gustann_sift1b_mb48,,GustANN,sift1b,3987,100.000000
b_gustann_sift1b_mb48,,GustANN,sift1b,3988,95.112065
b_gustann_sift1b_mb48,,GustANN,sift1b,3989,100.000000
b_gustann_sift1b_mb48,,GustANN,sift1b,3990,100.000000
b_gustann_sift1b_mb48,,GustANN,sift1b,3991,98.927039
b_gustann_sift1b_mb48,,GustANN,sift1b,3992,100.000000
b_gustann_sift1b_mb48,,GustANN,sift1b,3993,100.000000
b_gustann_sift1b_mb48,,GustANN,sift1b,3994,100.000000
b_gustann_sift1b_mb48,,GustANN,sift1b,3995,100.000000
b_gustann_sift1b_mb48,,GustANN,sift1b,3996,85.622318
b_gustann_sift1b_mb48,,GustANN,sift1b,3997,87.100620
b_gustann_sift1b_mb48,,GustANN,sift1b,3998,100.000000
b_gustann_sift1b_mb48,,GustANN,sift1b,3999,100.000000
b_gustann_sift1b_mb48,,GustANN,sift1b,4000,100.000000
b_gustann_sift1b_mb48,,GustANN,sift1b,4001,100.000000
b_gustann_sift1b_mb48,,GustANN,sift1b,4002,100.000000
b_gustann_sift1b_mb48,,GustANN,sift1b,4003,100.000000
b_gustann_sift1b_mb48,,GustANN,sift1b,4004,100.000000
b_gustann_sift1b_mb48,,GustANN,sift1b,4005,100.000000
b_gustann_sift1b_mb48,,GustANN,sift1b,4006,100.000000
b_gustann_sift1b_mb48,,GustANN,sift1b,4007,100.000000
b_gustann_sift1b_mb48,,GustANN,sift1b,4008,100.000000
b_gustann_sift1b_mb48,,GustANN,sift1b,4009,100.000000
b_gustann_sift1b_mb48,,GustANN,sift1b,4010,100.000000
b_gustann_sift1b_mb48,,GustANN,sift1b,4011,100.000000
b_gustann_sift1b_mb48,,GustANN,sift1b,4012,100.000000
b_gustann_sift1b_mb48,,GustANN,sift1b,4013,100.000000
b_gustann_sift1b_mb48,,GustANN,sift1b,4014,100.000000
b_gustann_sift1b_mb48,,GustANN,sift1b,4015,100.000000
b_gustann_sift1b_mb48,,GustANN,sift1b,4016,100.000000
b_gustann_sift1b_mb48,,GustANN,sift1b,4017,100.000000
b_gustann_sift1b_mb48,,GustANN,sift1b,4018,100.000000
b_gustann_sift1b_mb48,,GustANN,sift1b,4019,100.000000
b_gustann_sift1b_mb48,,GustANN,sift1b,4020,100.000000
b_gustann_sift1b_mb48,,GustANN,sift1b,4021,100.000000
b_gustann_sift1b_mb48,,GustANN,sift1b,4022,100.000000
b_gustann_sift1b_mb48,,GustANN,sift1b,4023,100.000000
b_gustann_sift1b_mb48,,GustANN,sift1b,4024,100.000000
b_gustann_sift1b_mb48,,GustANN,sift1b,4025,100.000000
b_gustann_sift1b_mb48,,GustANN,sift1b,4026,100.000000
b_gustann_sift1b_mb48,,GustANN,sift1b,4027,100.000000
b_gustann_sift1b_mb48,,GustANN,sift1b,4028,100.000000
b_gustann_sift1b_mb48,,GustANN,sift1b,4029,100.000000
b_gustann_sift1b_mb48,,GustANN,sift1b,4030,100.000000
b_gustann_sift1b_mb48,,GustANN,sift1b,4031,94.015260
b_gustann_sift1b_mb48,,GustANN,sift1b,4032,100.000000
b_gustann_sift1b_mb48,,GustANN,sift1b,4033,100.000000
b_gustann_sift1b_mb48,,GustANN,sift1b,4034,100.000000
b_gustann_sift1b_mb48,,GustANN,sift1b,4035,100.000000
b_gustann_sift1b_mb48,,GustANN,sift1b,4036,100.000000
b_gustann_sift1b_mb48,,GustANN,sift1b,4037,100.000000
b_gustann_sift1b_mb48,,GustANN,sift1b,4038,100.000000
b_gustann_sift1b_mb48,,GustANN,sift1b,4039,100.000000
b_gustann_sift1b_mb48,,GustANN,sift1b,4040,100.000000
b_gustann_sift1b_mb48,,GustANN,sift1b,4041,95.898903
b_gustann_sift1b_mb48,,GustANN,sift1b,4042,100.000000
b_gustann_sift1b_mb48,,GustANN,sift1b,4043,94.110634
b_gustann_sift1b_mb48,,GustANN,sift1b,4044,100.000000
b_gustann_sift1b_mb48,,GustANN,sift1b,4045,100.000000
b_gustann_sift1b_mb48,,GustANN,sift1b,4046,100.000000
b_gustann_sift1b_mb48,,GustANN,sift1b,4047,100.000000
b_gustann_sift1b_mb48,,GustANN,sift1b,4048,100.000000
b_gustann_sift1b_mb48,,GustANN,sift1b,4049,100.000000
b_gustann_sift1b_mb48,,GustANN,sift1b,4050,100.000000
b_gustann_sift1b_mb48,,GustANN,sift1b,4051,100.000000
b_gustann_sift1b_mb48,,GustANN,sift1b,4052,100.000000
b_gustann_sift1b_mb48,,GustANN,sift1b,4053,100.000000
b_gustann_sift1b_mb48,,GustANN,sift1b,4054,100.000000
b_gustann_sift1b_mb48,,GustANN,sift1b,4055,94.396757
b_gustann_sift1b_mb48,,GustANN,sift1b,4056,100.000000
b_gustann_sift1b_mb48,,GustANN,sift1b,4057,100.000000
b_gustann_sift1b_mb48,,GustANN,sift1b,4058,100.000000
b_gustann_sift1b_mb48,,GustANN,sift1b,4059,100.000000
b_gustann_sift1b_mb48,,GustANN,sift1b,4060,100.000000
b_gustann_sift1b_mb48,,GustANN,sift1b,4061,100.000000
b_gustann_sift1b_mb48,,GustANN,sift1b,4062,100.000000
b_gustann_sift1b_mb48,,GustANN,sift1b,4063,100.000000
b_gustann_sift1b_mb48,,GustANN,sift1b,4064,100.000000
b_gustann_sift1b_mb48,,GustANN,sift1b,4065,100.000000
b_gustann_sift1b_mb48,,GustANN,sift1b,4066,100.000000
b_gustann_sift1b_mb48,,GustANN,sift1b,4067,100.000000
b_gustann_sift1b_mb48,,GustANN,sift1b,4068,100.000000
b_gustann_sift1b_mb48,,GustANN,sift1b,4069,100.000000
b_gustann_sift1b_mb48,,GustANN,sift1b,4070,100.000000
b_gustann_sift1b_mb48,,GustANN,sift1b,4071,100.000000
b_gustann_sift1b_mb48,,GustANN,sift1b,4072,100.000000
b_gustann_sift1b_mb48,,GustANN,sift1b,4073,90.295660
b_gustann_sift1b_mb48,,GustANN,sift1b,4074,100.000000
b_gustann_sift1b_mb48,,GustANN,sift1b,4075,100.000000
b_gustann_sift1b_mb48,,GustANN,sift1b,4076,100.000000
b_gustann_sift1b_mb48,,GustANN,sift1b,4077,100.000000
b_gustann_sift1b_mb48,,GustANN,sift1b,4078,100.000000
b_gustann_sift1b_mb48,,GustANN,sift1b,4079,100.000000
b_gustann_sift1b_mb48,,GustANN,sift1b,4080,100.000000
b_gustann_sift1b_mb48,,GustANN,sift1b,4081,100.000000
b_gustann_sift1b_mb48,,GustANN,sift1b,4082,100.000000
b_gustann_sift1b_mb48,,GustANN,sift1b,4083,100.000000
b_gustann_sift1b_mb48,,GustANN,sift1b,4084,100.000000
b_gustann_sift1b_mb48,,GustANN,sift1b,4085,100.000000
b_gustann_sift1b_mb48,,GustANN,sift1b,4086,100.000000
b_gustann_sift1b_mb48,,GustANN,sift1b,4087,100.000000
b_gustann_sift1b_mb48,,GustANN,sift1b,4088,100.000000
b_gustann_sift1b_mb48,,GustANN,sift1b,4089,100.000000
b_gustann_sift1b_mb48,,GustANN,sift1b,4090,100.000000
b_gustann_sift1b_mb48,,GustANN,sift1b,4091,100.000000
b_gustann_sift1b_mb48,,GustANN,sift1b,4092,96.614211
b_gustann_sift1b_mb48,,GustANN,sift1b,4093,100.000000
b_gustann_sift1b_mb48,,GustANN,sift1b,4094,90.104912
b_gustann_sift1b_mb48,,GustANN,sift1b,4095,99.809251
b_gustann_sift1b_mb48,,GustANN,sift1b,4096,100.000000
b_gustann_sift1b_mb48,,GustANN,sift1b,4097,100.000000
b_gustann_sift1b_mb48,,GustANN,sift1b,4098,100.000000
b_gustann_sift1b_mb48,,GustANN,sift1b,4099,100.000000
b_gustann_sift1b_mb48,,GustANN,sift1b,4100,100.000000
b_gustann_sift1b_mb48,,GustANN,sift1b,4101,100.000000
b_gustann_sift1b_mb48,,GustANN,sift1b,4102,100.000000
b_gustann_sift1b_mb48,,GustANN,sift1b,4103,100.000000
b_gustann_sift1b_mb48,,GustANN,sift1b,4104,100.000000
b_gustann_sift1b_mb48,,GustANN,sift1b,4105,100.000000
b_gustann_sift1b_mb48,,GustANN,sift1b,4106,100.000000
b_gustann_sift1b_mb48,,GustANN,sift1b,4107,100.000000
b_gustann_sift1b_mb48,,GustANN,sift1b,4108,100.000000
b_gustann_sift1b_mb48,,GustANN,sift1b,4109,100.000000
b_gustann_sift1b_mb48,,GustANN,sift1b,4110,100.000000
b_gustann_sift1b_mb48,,GustANN,sift1b,4111,100.000000
b_gustann_sift1b_mb48,,GustANN,sift1b,4112,100.000000
b_gustann_sift1b_mb48,,GustANN,sift1b,4113,100.000000
b_gustann_sift1b_mb48,,GustANN,sift1b,4114,100.000000
b_gustann_sift1b_mb48,,GustANN,sift1b,4115,100.000000
b_gustann_sift1b_mb48,,GustANN,sift1b,4116,98.998569
b_gustann_sift1b_mb48,,GustANN,sift1b,4117,100.000000
b_gustann_sift1b_mb48,,GustANN,sift1b,4118,100.000000
b_gustann_sift1b_mb48,,GustANN,sift1b,4119,100.000000
b_gustann_sift1b_mb48,,GustANN,sift1b,4120,100.000000
b_gustann_sift1b_mb48,,GustANN,sift1b,4121,100.000000
b_gustann_sift1b_mb48,,GustANN,sift1b,4122,100.000000
b_gustann_sift1b_mb48,,GustANN,sift1b,4123,100.000000
b_gustann_sift1b_mb48,,GustANN,sift1b,4124,100.000000
b_gustann_sift1b_mb48,,GustANN,sift1b,4125,93.514545
b_gustann_sift1b_mb48,,GustANN,sift1b,4126,100.000000
b_gustann_sift1b_mb48,,GustANN,sift1b,4127,100.000000
b_gustann_sift1b_mb48,,GustANN,sift1b,4128,100.000000
b_gustann_sift1b_mb48,,GustANN,sift1b,4129,100.000000
b_gustann_sift1b_mb48,,GustANN,sift1b,4130,96.709585
b_gustann_sift1b_mb48,,GustANN,sift1b,4131,100.000000
b_gustann_sift1b_mb48,,GustANN,sift1b,4132,96.924177
b_gustann_sift1b_mb48,,GustANN,sift1b,4133,100.000000
b_gustann_sift1b_mb48,,GustANN,sift1b,4134,100.000000
b_gustann_sift1b_mb48,,GustANN,sift1b,4135,100.000000
b_gustann_sift1b_mb48,,GustANN,sift1b,4136,100.000000
b_gustann_sift1b_mb48,,GustANN,sift1b,4137,100.000000
b_gustann_sift1b_mb48,,GustANN,sift1b,4138,93.919886
b_gustann_sift1b_mb48,,GustANN,sift1b,4139,100.000000
b_gustann_sift1b_mb48,,GustANN,sift1b,4140,89.985694
b_gustann_sift1b_mb48,,GustANN,sift1b,4141,100.000000
b_gustann_sift1b_mb48,,GustANN,sift1b,4142,100.000000
b_gustann_sift1b_mb48,,GustANN,sift1b,4143,95.612780
b_gustann_sift1b_mb48,,GustANN,sift1b,4144,100.000000
b_gustann_sift1b_mb48,,GustANN,sift1b,4145,81.998093
b_gustann_sift1b_mb48,,GustANN,sift1b,4146,100.000000
b_gustann_sift1b_mb48,,GustANN,sift1b,4147,100.000000
b_gustann_sift1b_mb48,,GustANN,sift1b,4148,100.000000
b_gustann_sift1b_mb48,,GustANN,sift1b,4149,100.000000
b_gustann_sift1b_mb48,,GustANN,sift1b,4150,90.820219
b_gustann_sift1b_mb48,,GustANN,sift1b,4151,100.000000
b_gustann_sift1b_mb48,,GustANN,sift1b,4152,100.000000
b_gustann_sift1b_mb48,,GustANN,sift1b,4153,100.000000
b_gustann_sift1b_mb48,,GustANN,sift1b,4154,100.000000
b_gustann_sift1b_mb48,,GustANN,sift1b,4155,100.000000
b_gustann_sift1b_mb48,,GustANN,sift1b,4156,100.000000
b_gustann_sift1b_mb48,,GustANN,sift1b,4157,100.000000
b_gustann_sift1b_mb48,,GustANN,sift1b,4158,100.000000
b_gustann_sift1b_mb48,,GustANN,sift1b,4159,100.000000
b_gustann_sift1b_mb48,,GustANN,sift1b,4160,100.000000
b_gustann_sift1b_mb48,,GustANN,sift1b,4161,100.000000
b_gustann_sift1b_mb48,,GustANN,sift1b,4162,100.000000
b_gustann_sift1b_mb48,,GustANN,sift1b,4163,100.000000
b_gustann_sift1b_mb48,,GustANN,sift1b,4164,100.000000
b_gustann_sift1b_mb48,,GustANN,sift1b,4165,100.000000
b_gustann_sift1b_mb48,,GustANN,sift1b,4166,100.000000
b_flashanns_sift1b_nb756,,FlashANNS,sift1b,0,38.707200
b_flashanns_sift1b_nb756,,FlashANNS,sift1b,1,72.352000
b_flashanns_sift1b_nb756,,FlashANNS,sift1b,2,73.068800
b_flashanns_sift1b_nb756,,FlashANNS,sift1b,3,69.836800
b_flashanns_sift1b_nb756,,FlashANNS,sift1b,4,48.697600
b_flashanns_sift1b_nb756,,FlashANNS,sift1b,5,29.081600
b_flashanns_sift1b_nb756,,FlashANNS,sift1b,6,38.662400
b_flashanns_sift1b_nb756,,FlashANNS,sift1b,7,48.640000
b_flashanns_sift1b_nb756,,FlashANNS,sift1b,8,37.024000
b_flashanns_sift1b_nb756,,FlashANNS,sift1b,9,48.595200
b_flashanns_sift1b_nb756,,FlashANNS,sift1b,10,37.683200
b_flashanns_sift1b_nb756,,FlashANNS,sift1b,11,43.884800
b_flashanns_sift1b_nb756,,FlashANNS,sift1b,12,36.864000
b_flashanns_sift1b_nb756,,FlashANNS,sift1b,13,38.252800
b_flashanns_sift1b_nb756,,FlashANNS,sift1b,14,61.088000
b_flashanns_sift1b_nb756,,FlashANNS,sift1b,15,75.878400
b_flashanns_sift1b_nb756,,FlashANNS,sift1b,16,73.478400
b_flashanns_sift1b_nb756,,FlashANNS,sift1b,17,58.470400
b_flashanns_sift1b_nb756,,FlashANNS,sift1b,18,36.761600
b_flashanns_sift1b_nb756,,FlashANNS,sift1b,19,55.353600
b_quiver_sift1b_q2_nb216,,Quiver,sift1b,0,52.224000
b_quiver_sift1b_q2_nb216,,Quiver,sift1b,1,100.000000
b_quiver_sift1b_q2_nb216,,Quiver,sift1b,2,100.000000
b_quiver_sift1b_q2_nb216,,Quiver,sift1b,3,100.000000
b_quiver_sift1b_q2_nb216,,Quiver,sift1b,4,93.139200
b_quiver_sift1b_q2_nb216,,Quiver,sift1b,5,94.060800
b_quiver_sift1b_q2_nb216,,Quiver,sift1b,6,100.000000
b_quiver_sift1b_q2_nb216,,Quiver,sift1b,7,92.012800
b_quiver_sift1b_q2_nb216,,Quiver,sift1b,8,90.681600
b_quiver_sift1b_q2_nb216,,Quiver,sift1b,9,100.000000
b_quiver_sift1b_q2_nb216,,Quiver,sift1b,10,93.651200
b_quiver_sift1b_q2_nb216,,Quiver,sift1b,11,100.000000
b_quiver_sift1b_q2_nb216,,Quiver,sift1b,12,100.000000
b_quiver_sift1b_q2_nb216,,Quiver,sift1b,13,100.000000
b_quiver_sift1b_q2_nb216,,Quiver,sift1b,14,93.958400
b_quiver_sift1b_q2_nb216,,Quiver,sift1b,15,92.832000
b_quiver_sift1b_q2_nb216,,Quiver,sift1b,16,100.000000
b_quiver_sift1b_q2_nb216,,Quiver,sift1b,17,93.856000
b_quiver_sift1b_q2_nb216,,Quiver,sift1b,18,88.428800
b_quiver_sift1b_q2_nb216,,Quiver,sift1b,19,100.000000
b_quiver_sift1b_q2_nb216,,Quiver,sift1b,20,94.675200
b_quiver_sift1b_q2_nb216,,Quiver,sift1b,21,91.500800
b_quiver_sift1b_q2_nb216,,Quiver,sift1b,22,92.524800
b_quiver_sift1b_q2_nb216,,Quiver,sift1b,23,88.736000
b_quiver_sift1b_q2_nb216,,Quiver,sift1b,24,100.000000
b_quiver_sift1b_q2_nb216,,Quiver,sift1b,25,100.000000
b_quiver_sift1b_q2_nb216,,Quiver,sift1b,26,82.796800
b_quiver_sift1b_q2_nb216,,Quiver,sift1b,27,89.145600
b_quiver_sift1b_q2_nb216,,Quiver,sift1b,28,92.115200
b_quiver_sift1b_q2_nb216,,Quiver,sift1b,29,92.262400
b_quiver_sift1b_q2_nb216,,Quiver,sift1b,30,83.923200
b_quiver_sift1b_q2_nb216,,Quiver,sift1b,31,100.000000
b_quiver_sift1b_q2_nb216,,Quiver,sift1b,32,93.241600
b_quiver_sift1b_q2_nb216,,Quiver,sift1b,33,94.880000
b_quiver_sift1b_q2_nb216,,Quiver,sift1b,34,94.265600
b_quiver_sift1b_q2_nb216,,Quiver,sift1b,35,93.753600
b_quiver_sift1b_q2_nb216,,Quiver,sift1b,36,93.139200
b_quiver_sift1b_q2_nb216,,Quiver,sift1b,37,90.988800
b_quiver_sift1b_q2_nb216,,Quiver,sift1b,38,92.832000
b_quiver_sift1b_q2_nb216,,Quiver,sift1b,39,100.000000
b_quiver_sift1b_q2_nb216,,Quiver,sift1b,40,90.784000
b_quiver_sift1b_q2_nb216,,Quiver,sift1b,41,92.934400
b_quiver_sift1b_q2_nb216,,Quiver,sift1b,42,85.254400
b_quiver_sift1b_q2_nb216,,Quiver,sift1b,43,100.000000
b_quiver_sift1b_q2_nb216,,Quiver,sift1b,44,100.000000
b_quiver_sift1b_q2_nb216,,Quiver,sift1b,45,89.964800
b_quiver_sift1b_q2_nb216,,Quiver,sift1b,46,93.548800
b_quiver_sift1b_q2_nb216,,Quiver,sift1b,47,90.988800
b_quiver_sift1b_q2_nb216,,Quiver,sift1b,48,94.572800
b_quiver_sift1b_q2_nb216,,Quiver,sift1b,49,85.049600
b_quiver_sift1b_q2_nb216,,Quiver,sift1b,50,90.476800
b_quiver_sift1b_q2_nb216,,Quiver,sift1b,51,93.548800
b_quiver_sift1b_q2_nb216,,Quiver,sift1b,52,91.398400
b_quiver_sift1b_q2_nb216,,Quiver,sift1b,53,100.000000
b_quiver_sift1b_q2_nb216,,Quiver,sift1b,54,100.000000
b_quiver_sift1b_q2_nb216,,Quiver,sift1b,55,83.411200
b_quiver_sift1b_q2_nb216,,Quiver,sift1b,56,88.121600
b_quiver_sift1b_q2_nb216,,Quiver,sift1b,57,91.091200
b_quiver_sift1b_q2_nb216,,Quiver,sift1b,58,92.729600
b_quiver_sift1b_q2_nb216,,Quiver,sift1b,59,100.000000
b_quiver_sift1b_q2_nb216,,Quiver,sift1b,60,92.320000
b_quiver_sift1b_q2_nb216,,Quiver,sift1b,61,100.000000
b_quiver_sift1b_q2_nb216,,Quiver,sift1b,62,94.368000
b_quiver_sift1b_q2_nb216,,Quiver,sift1b,63,93.446400
b_quiver_sift1b_q2_nb216,,Quiver,sift1b,64,94.880000
b_quiver_sift1b_q2_nb216,,Quiver,sift1b,65,89.555200
b_quiver_sift1b_q2_nb216,,Quiver,sift1b,66,84.742400
b_quiver_sift1b_q2_nb216,,Quiver,sift1b,67,93.446400
b_quiver_sift1b_q2_nb216,,Quiver,sift1b,68,90.681600
b_quiver_sift1b_q2_nb216,,Quiver,sift1b,69,100.000000
b_quiver_sift1b_q2_nb216,,Quiver,sift1b,70,92.524800
b_quiver_sift1b_q2_nb216,,Quiver,sift1b,71,93.241600
b_quiver_sift1b_q2_nb216,,Quiver,sift1b,72,89.145600
b_quiver_sift1b_q2_nb216,,Quiver,sift1b,73,92.217600
b_quiver_sift1b_q2_nb216,,Quiver,sift1b,74,100.000000
b_quiver_sift1b_q2_nb216,,Quiver,sift1b,75,81.772800
b_quiver_sift1b_q2_nb216,,Quiver,sift1b,76,89.350400
b_quiver_sift1b_q2_nb216,,Quiver,sift1b,77,100.000000
b_quiver_sift1b_q2_nb216,,Quiver,sift1b,78,91.705600
b_quiver_sift1b_q2_nb216,,Quiver,sift1b,79,88.940800
b_quiver_sift1b_q2_nb216,,Quiver,sift1b,80,83.820800
b_quiver_sift1b_q2_nb216,,Quiver,sift1b,81,100.000000
b_quiver_sift1b_q2_nb216,,Quiver,sift1b,82,100.000000
b_quiver_sift1b_q2_nb216,,Quiver,sift1b,83,92.832000
b_quiver_sift1b_q2_nb216,,Quiver,sift1b,84,89.964800
b_quiver_sift1b_q2_nb216,,Quiver,sift1b,85,92.729600
b_quiver_sift1b_q2_nb216,,Quiver,sift1b,86,93.856000
b_quiver_sift1b_q2_nb216,,Quiver,sift1b,87,100.000000
b_quiver_sift1b_q2_nb216,,Quiver,sift1b,88,100.000000
b_quiver_sift1b_q2_nb216,,Quiver,sift1b,89,93.241600
b_quiver_sift1b_q2_nb216,,Quiver,sift1b,90,100.000000
b_quiver_sift1b_q2_nb216,,Quiver,sift1b,91,100.000000
b_quiver_sift1b_q2_nb216,,Quiver,sift1b,92,100.000000
b_quiver_sift1b_q2_nb216,,Quiver,sift1b,93,100.000000
b_quiver_sift1b_q2_nb216,,Quiver,sift1b,94,90.579200
b_quiver_sift1b_q2_nb216,,Quiver,sift1b,95,94.470400
b_quiver_sift1b_q2_nb216,,Quiver,sift1b,96,100.000000
b_quiver_sift1b_q2_nb216,,Quiver,sift1b,97,81.260800
b_quiver_sift1b_q2_nb216,,Quiver,sift1b,98,90.374400
b_quiver_sift1b_q2_nb216,,Quiver,sift1b,99,93.344000
b_quiver_sift1b_q2_nb216,,Quiver,sift1b,100,93.958400
b_quiver_sift1b_q2_nb216,,Quiver,sift1b,101,90.988800
b_quiver_sift1b_q2_nb216,,Quiver,sift1b,102,93.856000
b_quiver_sift1b_q2_nb216,,Quiver,sift1b,103,90.988800
b_quiver_sift1b_q2_nb216,,Quiver,sift1b,104,90.784000
b_quiver_sift1b_q2_nb216,,Quiver,sift1b,105,93.139200
b_quiver_sift1b_q2_nb216,,Quiver,sift1b,106,100.000000
b_quiver_sift1b_q2_nb216,,Quiver,sift1b,107,100.000000
b_quiver_sift1b_q2_nb216,,Quiver,sift1b,108,100.000000
b_quiver_sift1b_q2_nb216,,Quiver,sift1b,109,100.000000
b_quiver_sift1b_q2_nb216,,Quiver,sift1b,110,92.627200
b_quiver_sift1b_q2_nb216,,Quiver,sift1b,111,100.000000
b_quiver_sift1b_q2_nb216,,Quiver,sift1b,112,91.910400
b_quiver_sift1b_q2_nb216,,Quiver,sift1b,113,93.036800
b_quiver_sift1b_q2_nb216,,Quiver,sift1b,114,92.422400
b_quiver_sift1b_q2_nb216,,Quiver,sift1b,115,90.476800
b_quiver_sift1b_q2_nb216,,Quiver,sift1b,116,100.000000
b_quiver_sift1b_q2_nb216,,Quiver,sift1b,117,100.000000
b_quiver_sift1b_q2_nb216,,Quiver,sift1b,118,92.729600
b_quiver_sift1b_q2_nb216,,Quiver,sift1b,119,100.000000
b_quiver_sift1b_q2_nb216,,Quiver,sift1b,120,83.718400
b_quiver_sift1b_q2_nb216,,Quiver,sift1b,121,100.000000
b_quiver_sift1b_q2_nb216,,Quiver,sift1b,122,94.880000
b_quiver_sift1b_q2_nb216,,Quiver,sift1b,123,93.958400
b_quiver_sift1b_q2_nb216,,Quiver,sift1b,124,86.278400
b_quiver_sift1b_q2_nb216,,Quiver,sift1b,125,100.000000
b_quiver_sift1b_q2_nb216,,Quiver,sift1b,126,89.760000
b_quiver_sift1b_q2_nb216,,Quiver,sift1b,127,100.000000
b_quiver_sift1b_q2_nb216,,Quiver,sift1b,128,93.446400
b_quiver_sift1b_q2_nb216,,Quiver,sift1b,129,100.000000
b_quiver_sift1b_q2_nb216,,Quiver,sift1b,130,88.019200
b_quiver_sift1b_q2_nb216,,Quiver,sift1b,131,90.988800
b_quiver_sift1b_q2_nb216,,Quiver,sift1b,132,94.368000
b_quiver_sift1b_q2_nb216,,Quiver,sift1b,133,84.947200
b_quiver_sift1b_q2_nb216,,Quiver,sift1b,134,100.000000
b_quiver_sift1b_q2_nb216,,Quiver,sift1b,135,85.459200
b_quiver_sift1b_q2_nb216,,Quiver,sift1b,136,93.856000
b_quiver_sift1b_q2_nb216,,Quiver,sift1b,137,87.712000
b_quiver_sift1b_q2_nb216,,Quiver,sift1b,138,87.916800
b_quiver_sift1b_q2_nb216,,Quiver,sift1b,139,100.000000
b_quiver_sift1b_q2_nb216,,Quiver,sift1b,140,92.320000
b_quiver_sift1b_q2_nb216,,Quiver,sift1b,141,91.705600
b_quiver_sift1b_q2_nb216,,Quiver,sift1b,142,88.428800
b_quiver_sift1b_q2_nb216,,Quiver,sift1b,143,87.507200
b_quiver_sift1b_q2_nb216,,Quiver,sift1b,144,93.241600
b_quiver_sift1b_q2_nb216,,Quiver,sift1b,145,100.000000
b_quiver_sift1b_q2_nb216,,Quiver,sift1b,146,100.000000
b_quiver_sift1b_q2_nb216,,Quiver,sift1b,147,87.507200
b_quiver_sift1b_q2_nb216,,Quiver,sift1b,148,90.067200
b_quiver_sift1b_q2_nb216,,Quiver,sift1b,149,87.712000
b_quiver_sift1b_q2_nb216,,Quiver,sift1b,150,92.217600
b_quiver_sift1b_q2_nb216,,Quiver,sift1b,151,88.121600
b_quiver_sift1b_q2_nb216,,Quiver,sift1b,152,90.681600
b_quiver_sift1b_q2_nb216,,Quiver,sift1b,153,84.230400
b_quiver_sift1b_q2_nb216,,Quiver,sift1b,154,92.934400
b_quiver_sift1b_q2_nb216,,Quiver,sift1b,155,92.832000
b_quiver_sift1b_q2_nb216,,Quiver,sift1b,156,100.000000
b_quiver_sift1b_q2_nb216,,Quiver,sift1b,157,95.084800
b_quiver_sift1b_q2_nb216,,Quiver,sift1b,158,93.446400
b_quiver_sift1b_q2_nb216,,Quiver,sift1b,159,100.000000
b_quiver_sift1b_q2_nb216,,Quiver,sift1b,160,100.000000
b_quiver_sift1b_q2_nb216,,Quiver,sift1b,161,95.187200
b_quiver_sift1b_q2_nb216,,Quiver,sift1b,162,88.633600
b_quiver_sift1b_q2_nb216,,Quiver,sift1b,163,92.627200
b_quiver_sift1b_q2_nb216,,Quiver,sift1b,164,93.651200
b_quiver_sift1b_q2_nb216,,Quiver,sift1b,165,100.000000
b_quiver_sift1b_q2_nb216,,Quiver,sift1b,166,90.579200
b_quiver_sift1b_q2_nb216,,Quiver,sift1b,167,93.856000
b_quiver_sift1b_q2_nb216,,Quiver,sift1b,168,89.248000
b_quiver_sift1b_q2_nb216,,Quiver,sift1b,169,85.606400
b_quiver_sift1b_q2_nb216,,Quiver,sift1b,170,91.398400
b_quiver_sift1b_q2_nb216,,Quiver,sift1b,171,100.000000
b_quiver_sift1b_q2_nb216,,Quiver,sift1b,172,100.000000
b_quiver_sift1b_q2_nb216,,Quiver,sift1b,173,100.000000
b_quiver_sift1b_q2_nb216,,Quiver,sift1b,174,93.241600
b_quiver_sift1b_q2_nb216,,Quiver,sift1b,175,91.193600
b_quiver_sift1b_q2_nb216,,Quiver,sift1b,176,94.572800
b_quiver_sift1b_q2_nb216,,Quiver,sift1b,177,93.139200
b_quiver_sift1b_q2_nb216,,Quiver,sift1b,178,92.729600
b_quiver_sift1b_q2_nb216,,Quiver,sift1b,179,100.000000
b_quiver_sift1b_q2_nb216,,Quiver,sift1b,180,100.000000
b_quiver_sift1b_q2_nb216,,Quiver,sift1b,181,93.753600
b_quiver_sift1b_q2_nb216,,Quiver,sift1b,182,88.428800
b_quiver_sift1b_q2_nb216,,Quiver,sift1b,183,100.000000
b_quiver_sift1b_q2_nb216,,Quiver,sift1b,184,100.000000
b_quiver_sift1b_q2_nb216,,Quiver,sift1b,185,92.729600
b_quiver_sift1b_q2_nb216,,Quiver,sift1b,186,100.000000
b_quiver_sift1b_q2_nb216,,Quiver,sift1b,187,89.350400
b_quiver_sift1b_q2_nb216,,Quiver,sift1b,188,100.000000
b_quiver_sift1b_q2_nb216,,Quiver,sift1b,189,92.422400
b_quiver_sift1b_q2_nb216,,Quiver,sift1b,190,94.675200
b_quiver_sift1b_q2_nb216,,Quiver,sift1b,191,100.000000
b_quiver_sift1b_q2_nb216,,Quiver,sift1b,192,94.572800
b_quiver_sift1b_q2_nb216,,Quiver,sift1b,193,100.000000
b_quiver_sift1b_q2_nb216,,Quiver,sift1b,194,100.000000
b_quiver_sift1b_q2_nb216,,Quiver,sift1b,195,100.000000
b_quiver_sift1b_q2_nb216,,Quiver,sift1b,196,79.315200
b_quiver_sift1b_q2_nb216,,Quiver,sift1b,197,85.664000
b_quiver_sift1b_q2_nb216,,Quiver,sift1b,198,93.344000
b_quiver_sift1b_q2_nb216,,Quiver,sift1b,199,94.470400
